customer_id,district,age_group,current_package,monthly_data_usage_gb,youtube_usage_gb,social_usage_gb,voice_minutes,sms_usage,monthly_spend_lkr,reload_frequency,add_on_count,device_type,is_5g_supported,sim_type,router_owned,churn_risk_score,complaint_count,previous_offer_response,days_since_last_change,predicted_best_action,predicted_offer,accepted
C1000,Negombo,36-45,50GB,62.9,26.0,11.0,629,43,11554,19,8,Basic_Phone,0,5G,0,0.45,0,Ignored,374,Offer_New_Phone,Smartphone_Trade_In_Deal,1
C1001,Galle,26-35,10GB,103.6,52.2,12.2,144,493,4862,23,6,Basic_Phone,0,5G,1,0.15,3,Accepted,326,Buy_Social_Media_Package,Social_Boost_Pack,0
C1002,Colombo,46-60,50GB,88.6,52.4,24.9,659,140,1604,23,1,4G_Mobile,0,4G,0,0.92,1,Accepted,208,Buy_Social_Media_Package,Social_Unlimited_Add_On,0
C1003,Kandy,18-25,100GB,72.3,31.2,19.5,964,79,5100,7,6,Basic_Phone,0,5G,0,0.93,5,Ignored,18,Recommend_5G_Router,10Percent_Discount,0
C1004,Jaffna,36-45,20GB,87.7,24.0,19.9,1446,176,9179,8,0,5G_Mobile,1,5G,0,0.33,8,Accepted,494,Buy_Social_Media_Package,Social_Boost_Pack,1
C1005,Galle,46-60,10GB,106.2,29.7,30.5,1626,476,1196,5,0,4G_Mobile,0,4G,1,0.13,3,Accepted,483,Buy_Social_Media_Package,Social_Boost_Pack,1
C1006,Colombo,46-60,20GB,31.7,11.2,7.4,1448,266,10674,15,8,5G_Mobile,1,4G,1,0.46,2,Accepted,494,Upgrade_to_50GB,5GB_Bonus,0
C1007,Jaffna,36-45,20GB,32.7,16.4,6.4,1452,458,7623,1,2,Basic_Phone,0,4G,1,0.68,6,Accepted,370,Offer_New_Phone,Smartphone_Trade_In_Deal,1
C1008,Negombo,26-35,50GB,5.2,1.8,1.2,1711,410,11838,14,0,5G_Mobile,1,5G,0,0.15,0,Accepted,96,No_Action,No_Offer,0
C1009,Kurunegala,36-45,10GB,44.1,13.4,13.1,1495,487,5645,22,0,5G_Mobile,1,4G,1,0.43,8,Ignored,372,Buy_Social_Media_Package,Social_Boost_Pack,1
C1010,Matara,18-25,50GB,93.6,50.9,15.2,810,481,7635,12,1,Basic_Phone,0,5G,1,0.22,6,Ignored,429,Offer_New_Phone,Smartphone_Trade_In_Deal,1
C1011,Kurunegala,36-45,50GB,65.1,14.7,16.3,1625,209,9296,8,7,5G_Mobile,1,4G,1,0.95,8,Rejected,264,Upgrade_to_100GB,10GB_Bonus,0
C1012,Kurunegala,18-25,50GB,117.6,66.4,38.1,1725,126,5166,24,5,5G_Mobile,1,4G,1,0.74,4,Accepted,403,Buy_Social_Media_Package,Social_Unlimited_Add_On,1
C1013,Matara,46-60,100GB,17.5,10.0,6.6,246,115,4970,13,4,5G_Mobile,1,5G,0,0.59,8,Accepted,39,Retention_Offer,Service_Recovery_Pack,0
C1014,Galle,26-35,50GB,52.8,19.9,11.7,1703,496,2090,16,8,Basic_Phone,0,5G,0,0.95,1,Accepted,376,Upgrade_to_100GB,10GB_Bonus,0
C1015,Kandy,46-60,20GB,12.8,6.7,5.1,913,104,9248,6,0,Basic_Phone,0,4G,1,0.29,5,Rejected,474,Offer_New_Phone,Smartphone_Trade_In_Deal,0
C1016,Negombo,36-45,10GB,90.0,49.2,18.4,428,104,7719,21,4,5G_Mobile,1,5G,1,0.08,6,Ignored,393,Buy_Social_Media_Package,Social_Boost_Pack,0
C1017,Colombo,18-25,20GB,60.2,24.0,23.3,892,85,692,8,9,5G_Mobile,1,5G,1,0.26,1,Accepted,277,Buy_Social_Media_Package,Social_Boost_Pack,1
C1018,Colombo,26-35,10GB,24.7,7.6,3.3,872,264,6271,15,3,4G_Mobile,0,5G,1,0.01,0,Rejected,252,Upgrade_to_20GB,Data_Saver_Pack,1
C1019,Negombo,18-25,50GB,92.8,46.3,35.9,987,190,3418,22,7,Basic_Phone,0,5G,0,0.66,2,Accepted,297,Buy_Social_Media_Package,Social_Unlimited_Add_On,1
C1020,Colombo,36-45,20GB,27.4,9.9,9.1,1510,267,11791,21,4,Basic_Phone,0,5G,1,0.89,4,Ignored,461,Offer_New_Phone,Smartphone_Trade_In_Deal,1
C1021,Colombo,36-45,100GB,43.4,22.5,12.2,695,30,4202,3,3,5G_Mobile,1,5G,1,0.27,0,Ignored,140,No_Action,No_Offer,1
C1022,Negombo,46-60,50GB,42.3,21.6,5.6,263,451,5582,23,5,Basic_Phone,0,5G,0,0.67,4,Rejected,193,Retention_Offer,Service_Recovery_Pack,0
C1023,Kandy,46-60,10GB,61.3,36.5,17.3,930,386,6214,14,6,5G_Mobile,1,5G,1,0.83,2,Accepted,176,Buy_Social_Media_Package,Social_Boost_Pack,0
C1024,Kurunegala,26-35,100GB,102.3,46.8,21.1,1824,279,10007,12,4,4G_Mobile,0,4G,1,0.69,8,Ignored,431,Offer_Voice_Pack,Unlimited_Local_Voice,0
C1025,Galle,36-45,20GB,110.3,36.0,22.5,1117,279,1224,4,2,4G_Mobile,0,5G,1,0.86,4,Ignored,65,Buy_Social_Media_Package,Social_Boost_Pack,1
C1026,Matara,26-35,20GB,69.2,18.2,18.2,67,119,9545,13,3,5G_Mobile,1,5G,1,0.65,8,Ignored,490,Buy_Social_Media_Package,Social_Boost_Pack,1
C1027,Matara,36-45,100GB,44.7,23.4,17.6,1009,400,8742,14,3,Basic_Phone,0,4G,0,0.06,1,Ignored,149,Offer_New_Phone,Smartphone_Trade_In_Deal,1
C1028,Matara,26-35,100GB,9.4,3.7,1.1,594,23,2870,1,5,Basic_Phone,0,5G,1,0.83,2,Ignored,437,Retention_Offer,20Percent_Loyalty_Discount,0
C1029,Negombo,46-60,50GB,115.6,45.3,18.0,250,209,3666,22,1,5G_Mobile,1,5G,0,0.69,5,Rejected,121,Upgrade_to_100GB,10GB_Bonus,1
C1030,Galle,36-45,50GB,100.3,53.5,30.9,1632,407,2742,5,6,Basic_Phone,0,5G,0,0.39,0,Ignored,34,Buy_Social_Media_Package,Social_Unlimited_Add_On,1
C1031,Kurunegala,18-25,10GB,64.5,15.5,7.8,1561,451,7341,3,6,4G_Mobile,0,5G,1,0.26,5,Accepted,487,Upgrade_to_20GB,Data_Saver_Pack,0
C1032,Kandy,46-60,50GB,83.9,21.1,24.9,1340,396,1766,20,5,Basic_Phone,0,4G,1,0.51,6,Ignored,259,Buy_Social_Media_Package,Social_Unlimited_Add_On,1
C1033,Kandy,36-45,20GB,59.1,32.1,7.3,868,193,5520,20,0,Basic_Phone,0,5G,1,0.68,0,Rejected,472,Upgrade_to_50GB,5GB_Bonus,1
C1034,Colombo,36-45,100GB,68.7,31.9,23.9,466,28,5868,2,1,5G_Mobile,1,5G,0,0.17,0,Accepted,72,Recommend_5G_Router,10Percent_Discount,1
C1035,Kurunegala,18-25,50GB,47.5,10.2,8.6,915,420,9970,17,8,Basic_Phone,0,5G,0,0.21,2,Accepted,357,Offer_New_Phone,Smartphone_Trade_In_Deal,0
C1036,Negombo,46-60,20GB,63.7,28.9,22.6,599,119,6956,13,2,Basic_Phone,0,5G,1,0.21,1,Ignored,117,Buy_Social_Media_Package,Social_Boost_Pack,1
C1037,Matara,18-25,20GB,90.8,27.9,27.6,1158,129,7166,22,5,Basic_Phone,0,4G,0,0.19,7,Ignored,474,Buy_Social_Media_Package,Social_Boost_Pack,1
C1038,Colombo,26-35,20GB,84.7,27.3,24.9,1386,232,4539,4,2,Basic_Phone,0,5G,1,0.13,6,Accepted,492,Buy_Social_Media_Package,Social_Boost_Pack,1
C1039,Kurunegala,26-35,100GB,25.8,5.7,4.6,665,458,11729,2,2,4G_Mobile,0,4G,1,0.12,5,Ignored,340,No_Action,No_Offer,0
C1040,Jaffna,36-45,10GB,35.2,13.7,4.3,1819,21,6642,10,10,5G_Mobile,1,4G,1,0.95,2,Rejected,305,Upgrade_to_20GB,Data_Saver_Pack,1
C1041,Kandy,18-25,50GB,114.1,31.2,14.6,1842,163,11917,22,7,5G_Mobile,1,4G,1,0.39,6,Accepted,468,Upgrade_to_100GB,10GB_Bonus,1
C1042,Kandy,36-45,50GB,10.2,4.4,2.6,524,27,11152,20,0,4G_Mobile,0,5G,1,0.69,4,Rejected,233,Retention_Offer,Service_Recovery_Pack,0
C1043,Jaffna,36-45,50GB,39.7,20.6,6.8,1516,252,10730,25,4,Basic_Phone,0,4G,0,0.5,4,Ignored,220,Offer_New_Phone,Smartphone_Trade_In_Deal,0
C1044,Kandy,18-25,20GB,68.6,22.3,16.5,1683,176,2829,13,1,4G_Mobile,0,4G,1,0.78,3,Ignored,90,Buy_Social_Media_Package,Social_Boost_Pack,1
C1045,Negombo,36-45,10GB,36.9,19.3,14.1,640,186,7724,9,10,4G_Mobile,0,5G,0,0.94,7,Ignored,184,Buy_Social_Media_Package,Social_Boost_Pack,0
C1046,Kurunegala,46-60,10GB,104.5,21.6,21.1,1372,380,7283,7,2,Basic_Phone,0,4G,0,0.3,8,Rejected,211,Buy_Social_Media_Package,Social_Boost_Pack,0
C1047,Colombo,46-60,10GB,48.8,14.2,7.9,327,179,5001,4,5,4G_Mobile,0,4G,0,0.94,2,Accepted,163,Upgrade_to_20GB,Data_Saver_Pack,0
C1048,Galle,26-35,50GB,91.8,36.4,13.4,1228,395,3863,24,4,5G_Mobile,1,4G,1,0.22,4,Accepted,340,Upgrade_to_100GB,10GB_Bonus,1
C1049,Colombo,36-45,20GB,74.0,35.5,17.8,84,137,9598,18,3,4G_Mobile,0,5G,1,0.94,3,Rejected,27,Buy_Social_Media_Package,Social_Boost_Pack,0
C1050,Jaffna,18-25,10GB,109.9,63.9,14.0,835,244,4524,23,4,5G_Mobile,1,5G,0,0.52,4,Ignored,50,Buy_Social_Media_Package,Social_Boost_Pack,0
C1051,Jaffna,26-35,20GB,67.8,37.1,21.9,569,13,2886,21,10,4G_Mobile,0,4G,0,0.72,0,Ignored,111,Buy_Social_Media_Package,Social_Boost_Pack,0
C1052,Matara,36-45,100GB,101.8,25.1,17.7,1837,32,11398,16,5,Basic_Phone,0,5G,1,0.29,4,Accepted,289,Offer_New_Phone,Smartphone_Trade_In_Deal,1
C1053,Galle,46-60,100GB,32.1,7.2,3.9,1457,196,11337,20,3,Basic_Phone,0,4G,0,0.3,7,Ignored,176,Offer_New_Phone,Smartphone_Trade_In_Deal,1
C1054,Negombo,18-25,50GB,9.9,3.3,3.5,1011,384,8433,22,9,5G_Mobile,1,4G,0,0.72,5,Ignored,123,Retention_Offer,20Percent_Loyalty_Discount,0
C1055,Galle,26-35,50GB,48.7,12.2,12.6,1618,472,3141,11,4,4G_Mobile,0,5G,0,0.55,3,Accepted,406,Upgrade_to_100GB,10GB_Bonus,0
C1056,Galle,18-25,20GB,23.2,11.6,4.4,980,152,3802,15,4,5G_Mobile,1,5G,0,0.88,5,Accepted,345,Upgrade_to_50GB,5GB_Bonus,0
C1057,Kurunegala,18-25,100GB,18.6,4.5,4.5,1237,136,8205,22,8,5G_Mobile,1,5G,0,0.43,3,Ignored,492,No_Action,No_Offer,1
C1058,Kurunegala,26-35,20GB,119.6,61.1,29.8,611,11,7721,15,4,5G_Mobile,1,5G,0,0.77,1,Rejected,319,Buy_Social_Media_Package,Social_Boost_Pack,1
C1059,Negombo,18-25,50GB,30.5,8.4,6.0,455,71,9662,7,10,5G_Mobile,1,4G,0,0.17,0,Accepted,226,Upgrade_to_5G_SIM,Free_SIM_Replacement,1
C1060,Kurunegala,26-35,100GB,119.9,42.7,26.2,368,102,659,8,2,Basic_Phone,0,5G,0,0.41,0,Ignored,209,Offer_Home_Router,Router_Bundle_Deal,0
C1061,Kandy,26-35,50GB,80.3,21.1,24.1,1787,249,8582,21,2,5G_Mobile,1,5G,1,0.45,1,Ignored,379,Buy_Social_Media_Package,Social_Unlimited_Add_On,1
C1062,Negombo,18-25,50GB,44.5,11.0,15.2,1919,146,4687,22,6,4G_Mobile,0,4G,0,0.3,4,Ignored,172,Upgrade_to_100GB,10GB_Bonus,1
C1063,Kandy,18-25,10GB,30.7,11.1,7.1,1221,279,11342,11,0,4G_Mobile,0,5G,0,0.25,1,Rejected,181,Upgrade_to_20GB,Data_Saver_Pack,1
C1064,Matara,18-25,50GB,84.9,22.3,17.0,801,90,3795,13,9,4G_Mobile,0,5G,0,0.16,0,Ignored,416,Offer_New_Phone,5G_Phone_Upgrade_Offer,1
C1065,Galle,18-25,20GB,33.2,13.0,8.8,612,358,11836,23,1,4G_Mobile,0,5G,0,0.54,0,Accepted,339,Upgrade_to_50GB,5GB_Bonus,0
C1066,Galle,36-45,100GB,55.4,29.2,6.5,853,150,9872,17,5,5G_Mobile,1,4G,0,0.68,4,Rejected,74,Retention_Offer,Service_Recovery_Pack,0
C1067,Jaffna,26-35,100GB,60.8,13.0,9.6,1609,254,2120,15,4,Basic_Phone,0,4G,0,0.49,1,Rejected,460,No_Action,No_Offer,0
C1068,Jaffna,26-35,100GB,38.9,13.3,7.4,1923,279,3241,25,2,4G_Mobile,0,4G,1,1.0,2,Rejected,406,Offer_Voice_Pack,Unlimited_Local_Voice,0
C1069,Colombo,26-35,50GB,43.7,22.8,7.4,116,235,1353,16,1,Basic_Phone,0,5G,1,0.68,5,Accepted,31,Upgrade_to_100GB,10GB_Bonus,1
C1070,Colombo,46-60,10GB,9.9,4.3,2.6,1043,449,7237,11,4,5G_Mobile,1,5G,1,0.13,5,Ignored,428,Upgrade_to_20GB,Data_Saver_Pack,1
C1071,Matara,36-45,20GB,20.4,5.4,7.4,1121,432,10167,22,6,5G_Mobile,1,4G,0,0.69,7,Rejected,216,Upgrade_to_50GB,5GB_Bonus,1
C1072,Kurunegala,36-45,50GB,44.5,11.6,11.9,1740,478,9686,9,10,5G_Mobile,1,4G,1,0.57,8,Ignored,15,Upgrade_to_100GB,10GB_Bonus,0
C1073,Kandy,18-25,100GB,65.0,28.3,20.0,219,135,4656,14,9,Basic_Phone,0,4G,0,0.67,7,Accepted,463,Retention_Offer,Service_Recovery_Pack,1
C1074,Matara,36-45,10GB,96.8,55.9,16.4,312,132,6091,17,1,5G_Mobile,1,4G,1,0.44,0,Rejected,233,Buy_Social_Media_Package,Social_Boost_Pack,0
C1075,Colombo,18-25,10GB,17.8,7.8,4.5,448,372,2413,21,9,5G_Mobile,1,5G,0,0.23,6,Accepted,62,Upgrade_to_20GB,Data_Saver_Pack,1
C1076,Colombo,46-60,10GB,64.4,22.3,16.0,1312,380,8551,12,10,Basic_Phone,0,4G,1,0.78,8,Ignored,134,Buy_Social_Media_Package,Social_Boost_Pack,0
C1077,Jaffna,46-60,100GB,16.1,7.5,2.6,1323,246,4773,13,5,4G_Mobile,0,4G,1,0.34,1,Rejected,6,No_Action,No_Offer,0
C1078,Galle,46-60,100GB,86.0,47.4,31.3,55,298,1500,23,4,5G_Mobile,1,4G,0,0.19,0,Ignored,10,Offer_Home_Router,Router_Bundle_Deal,0
C1079,Galle,36-45,20GB,44.0,11.4,13.0,69,201,7056,14,2,5G_Mobile,1,4G,0,0.44,8,Accepted,248,Buy_Social_Media_Package,Social_Boost_Pack,1
C1080,Jaffna,46-60,50GB,101.7,53.8,17.8,1184,84,11717,10,7,5G_Mobile,1,4G,1,0.17,7,Accepted,355,Upgrade_to_100GB,10GB_Bonus,0
C1081,Colombo,26-35,100GB,32.8,16.9,5.5,387,247,3458,14,4,4G_Mobile,0,5G,0,0.76,2,Accepted,199,Retention_Offer,20Percent_Loyalty_Discount,0
C1082,Kandy,26-35,20GB,112.3,36.2,24.2,1716,388,7362,12,5,Basic_Phone,0,4G,0,0.63,7,Ignored,52,Buy_Social_Media_Package,Social_Boost_Pack,0
C1083,Galle,46-60,10GB,115.5,48.2,27.2,602,278,9532,5,5,4G_Mobile,0,4G,0,0.3,6,Accepted,436,Buy_Social_Media_Package,Social_Boost_Pack,1
C1084,Matara,18-25,100GB,42.8,18.3,10.8,197,230,2551,19,3,5G_Mobile,1,4G,0,0.22,8,Rejected,228,Upgrade_to_5G_SIM,Free_SIM_Replacement,0
C1085,Galle,36-45,10GB,85.3,34.9,21.5,177,206,9665,3,10,Basic_Phone,0,4G,0,0.63,6,Accepted,255,Buy_Social_Media_Package,Social_Boost_Pack,0
C1086,Negombo,46-60,100GB,4.3,1.2,0.9,1944,305,6827,24,7,5G_Mobile,1,5G,0,0.88,8,Rejected,471,Offer_Voice_Pack,Unlimited_Local_Voice,0
C1087,Kandy,26-35,20GB,65.8,31.5,11.7,1795,428,7261,10,1,5G_Mobile,1,5G,1,0.25,5,Accepted,458,Upgrade_to_50GB,5GB_Bonus,1
C1088,Colombo,36-45,10GB,112.4,27.5,17.7,1351,478,4091,17,8,Basic_Phone,0,4G,1,0.85,3,Ignored,444,Buy_Social_Media_Package,Social_Boost_Pack,1
C1089,Kurunegala,26-35,100GB,109.9,60.5,42.8,502,145,2601,1,1,Basic_Phone,0,5G,1,0.69,6,Ignored,468,Retention_Offer,Service_Recovery_Pack,1
C1090,Galle,46-60,100GB,73.6,24.4,24.3,1077,362,1687,17,4,Basic_Phone,0,4G,0,0.17,2,Ignored,419,Offer_Home_Router,Router_Bundle_Deal,1
C1091,Galle,18-25,20GB,70.2,19.2,19.4,1332,88,7632,12,5,Basic_Phone,0,5G,0,0.91,4,Ignored,408,Buy_Social_Media_Package,Social_Boost_Pack,0
C1092,Matara,26-35,10GB,61.5,33.9,7.2,48,252,10117,16,0,4G_Mobile,0,5G,1,0.08,0,Rejected,136,Upgrade_to_20GB,Data_Saver_Pack,1
C1093,Kandy,36-45,50GB,81.8,44.5,24.4,229,260,3091,18,9,4G_Mobile,0,5G,1,0.76,4,Rejected,4,Buy_Social_Media_Package,Social_Unlimited_Add_On,1
C1094,Kurunegala,26-35,10GB,26.4,13.0,3.2,667,87,4374,20,2,Basic_Phone,0,4G,1,0.16,7,Rejected,414,Upgrade_to_20GB,Data_Saver_Pack,0
C1095,Negombo,46-60,100GB,9.5,3.1,1.9,1236,171,8089,23,6,4G_Mobile,0,5G,1,0.57,4,Ignored,230,Retention_Offer,Service_Recovery_Pack,1
C1096,Kurunegala,36-45,10GB,83.1,28.8,22.9,38,462,6041,18,9,5G_Mobile,1,5G,0,0.13,8,Ignored,164,Buy_Social_Media_Package,Social_Boost_Pack,0
C1097,Galle,36-45,50GB,19.3,7.1,6.7,790,311,6749,6,8,5G_Mobile,1,5G,1,0.27,6,Accepted,244,No_Action,No_Offer,1
C1098,Matara,36-45,100GB,89.3,20.8,18.3,1539,132,8199,17,8,5G_Mobile,1,5G,1,0.85,1,Ignored,236,Retention_Offer,20Percent_Loyalty_Discount,1
C1099,Colombo,46-60,20GB,20.2,8.8,5.8,1931,143,1482,10,5,Basic_Phone,0,4G,0,0.67,3,Accepted,62,Upgrade_to_50GB,5GB_Bonus,1
C1100,Kurunegala,18-25,20GB,73.5,21.1,7.8,1004,218,1867,9,1,4G_Mobile,0,5G,1,0.44,4,Rejected,482,Offer_New_Phone,5G_Phone_Upgrade_Offer,1
C1101,Kurunegala,36-45,20GB,60.1,23.7,21.1,363,114,8193,7,2,5G_Mobile,1,5G,1,0.63,6,Rejected,286,Buy_Social_Media_Package,Social_Boost_Pack,0
C1102,Matara,36-45,50GB,92.5,36.4,19.1,1268,401,4452,5,0,Basic_Phone,0,5G,1,0.2,5,Accepted,423,Upgrade_to_100GB,10GB_Bonus,0
C1103,Jaffna,36-45,20GB,107.4,58.5,31.4,403,21,6750,25,2,5G_Mobile,1,4G,1,0.15,8,Accepted,239,Buy_Social_Media_Package,Social_Boost_Pack,1
C1104,Galle,18-25,100GB,117.0,63.6,24.3,1121,207,9538,18,1,Basic_Phone,0,5G,1,0.05,3,Ignored,272,Offer_New_Phone,Smartphone_Trade_In_Deal,0
C1105,Kurunegala,36-45,10GB,50.5,21.7,5.7,1364,326,7060,5,0,4G_Mobile,0,4G,0,0.72,5,Ignored,197,Upgrade_to_20GB,Data_Saver_Pack,0
C1106,Colombo,26-35,50GB,17.6,5.9,2.7,1069,444,10563,23,3,5G_Mobile,1,4G,0,0.16,7,Rejected,72,Upgrade_to_5G_SIM,Free_SIM_Replacement,1
C1107,Kurunegala,36-45,50GB,82.1,21.5,28.6,346,477,4475,24,2,Basic_Phone,0,4G,0,0.39,6,Rejected,154,Buy_Social_Media_Package,Social_Unlimited_Add_On,0
C1108,Jaffna,26-35,100GB,82.5,49.2,23.6,1427,121,1220,20,10,5G_Mobile,1,5G,0,0.18,7,Rejected,18,Offer_Home_Router,Router_Bundle_Deal,1
C1109,Negombo,26-35,20GB,99.8,21.8,25.7,51,498,11637,14,7,4G_Mobile,0,5G,1,0.13,0,Ignored,65,Buy_Social_Media_Package,Social_Boost_Pack,0
C1110,Galle,18-25,10GB,45.5,26.9,6.8,410,47,5074,18,6,4G_Mobile,0,4G,1,0.71,8,Ignored,349,Upgrade_to_20GB,Data_Saver_Pack,0
C1111,Kurunegala,46-60,10GB,18.1,8.8,5.8,537,184,3115,6,5,4G_Mobile,0,4G,0,0.14,8,Accepted,257,Upgrade_to_20GB,Data_Saver_Pack,1
C1112,Kandy,36-45,100GB,88.7,20.4,19.5,1093,239,11686,16,5,Basic_Phone,0,4G,0,0.42,0,Accepted,353,Offer_New_Phone,Smartphone_Trade_In_Deal,1
C1113,Kandy,26-35,100GB,20.6,4.2,7.1,919,53,2536,2,8,5G_Mobile,1,4G,0,0.48,0,Accepted,270,Upgrade_to_5G_SIM,Free_SIM_Replacement,0
C1114,Negombo,46-60,50GB,57.9,25.8,10.8,1975,378,6366,3,8,4G_Mobile,0,4G,0,0.6,1,Accepted,457,Upgrade_to_100GB,10GB_Bonus,1
C1115,Kandy,36-45,50GB,26.6,7.2,10.0,1627,191,877,24,1,Basic_Phone,0,4G,1,0.67,4,Accepted,382,Retention_Offer,Service_Recovery_Pack,0
C1116,Matara,36-45,50GB,106.9,61.1,17.2,1076,318,3372,12,3,Basic_Phone,0,5G,0,0.97,5,Accepted,312,Upgrade_to_100GB,10GB_Bonus,1
C1117,Kandy,46-60,50GB,101.9,35.2,29.3,486,117,3125,23,6,4G_Mobile,0,5G,0,0.58,1,Accepted,342,Buy_Social_Media_Package,Social_Unlimited_Add_On,1
C1118,Kandy,26-35,50GB,57.9,19.3,19.2,743,65,6370,23,2,Basic_Phone,0,4G,0,0.31,2,Rejected,300,Offer_New_Phone,Smartphone_Trade_In_Deal,0
C1119,Galle,36-45,100GB,29.3,15.8,6.8,715,68,7955,5,9,Basic_Phone,0,4G,1,0.7,6,Ignored,182,Offer_New_Phone,Smartphone_Trade_In_Deal,1
C1120,Galle,26-35,100GB,66.4,24.2,21.7,1057,7,951,20,1,Basic_Phone,0,4G,1,0.66,5,Ignored,183,Retention_Offer,Service_Recovery_Pack,0
C1121,Colombo,18-25,100GB,82.2,38.7,21.9,788,235,6149,25,6,4G_Mobile,0,5G,0,0.28,7,Ignored,48,Offer_New_Phone,5G_Phone_Upgrade_Offer,0
C1122,Jaffna,46-60,20GB,58.0,28.9,16.9,1742,296,8608,5,4,5G_Mobile,1,5G,0,0.9,4,Rejected,322,Buy_Social_Media_Package,Social_Boost_Pack,0
C1123,Colombo,18-25,100GB,112.9,50.2,31.1,350,326,6062,9,3,5G_Mobile,1,5G,0,0.89,3,Rejected,27,Offer_Home_Router,Router_Bundle_Deal,0
C1124,Jaffna,18-25,20GB,35.1,16.4,3.9,548,109,5849,5,8,5G_Mobile,1,4G,0,0.62,1,Ignored,391,Upgrade_to_50GB,5GB_Bonus,0
C1125,Kandy,46-60,10GB,4.3,2.0,0.6,1510,75,7964,12,0,Basic_Phone,0,5G,0,0.83,5,Ignored,489,Offer_New_Phone,Smartphone_Trade_In_Deal,0
C1126,Kandy,46-60,50GB,78.8,40.1,14.9,1603,343,9802,19,0,4G_Mobile,0,4G,1,0.01,3,Rejected,244,Upgrade_to_100GB,10GB_Bonus,0
C1127,Jaffna,26-35,100GB,102.9,30.2,29.7,1277,32,2616,25,6,5G_Mobile,1,5G,0,0.49,2,Accepted,468,Offer_Home_Router,Router_Bundle_Deal,0
C1128,Galle,36-45,20GB,39.6,23.2,14.5,377,474,2538,17,1,5G_Mobile,1,4G,1,0.23,4,Ignored,463,Buy_Social_Media_Package,Social_Boost_Pack,0
C1129,Galle,26-35,100GB,15.8,7.4,4.7,1865,56,1149,21,2,4G_Mobile,0,4G,1,0.82,3,Rejected,327,Offer_Voice_Pack,Unlimited_Local_Voice,0
C1130,Kurunegala,36-45,20GB,55.3,13.8,16.7,1031,371,6995,15,7,4G_Mobile,0,4G,0,0.16,3,Rejected,32,Buy_Social_Media_Package,Social_Boost_Pack,1
C1131,Jaffna,26-35,10GB,34.1,9.2,3.8,1317,87,1654,22,6,4G_Mobile,0,4G,0,0.35,0,Rejected,18,Upgrade_to_20GB,Data_Saver_Pack,1
C1132,Jaffna,36-45,50GB,9.4,3.4,3.3,279,493,6567,5,9,Basic_Phone,0,4G,1,0.22,3,Rejected,239,Offer_New_Phone,Smartphone_Trade_In_Deal,1
C1133,Jaffna,26-35,50GB,42.4,18.2,5.1,810,129,3012,7,5,5G_Mobile,1,5G,1,0.12,0,Accepted,186,No_Action,No_Offer,0
C1134,Kurunegala,36-45,50GB,71.4,15.6,23.1,213,491,6207,1,8,5G_Mobile,1,5G,1,0.21,3,Rejected,173,Buy_Social_Media_Package,Social_Unlimited_Add_On,1
C1135,Kurunegala,46-60,50GB,62.8,18.0,14.1,515,213,3518,5,2,Basic_Phone,0,5G,0,0.5,3,Ignored,156,Upgrade_to_100GB,10GB_Bonus,1
C1136,Kurunegala,18-25,20GB,51.5,22.5,14.5,1246,337,10303,16,8,Basic_Phone,0,4G,0,0.61,2,Rejected,253,Buy_Social_Media_Package,Social_Boost_Pack,1
C1137,Negombo,46-60,50GB,111.4,63.6,27.4,311,225,10738,21,6,5G_Mobile,1,4G,1,0.5,4,Ignored,228,Buy_Social_Media_Package,Social_Unlimited_Add_On,0
C1138,Kurunegala,18-25,50GB,53.0,27.2,12.2,1161,322,5462,3,10,Basic_Phone,0,4G,1,0.93,0,Ignored,12,Upgrade_to_100GB,10GB_Bonus,1
C1139,Matara,46-60,10GB,73.1,43.5,8.7,1517,41,3907,7,3,4G_Mobile,0,5G,0,0.3,4,Ignored,198,Offer_New_Phone,5G_Phone_Upgrade_Offer,1
C1140,Jaffna,46-60,20GB,93.8,20.2,11.9,1557,345,1987,6,10,5G_Mobile,1,4G,0,0.67,3,Ignored,492,Upgrade_to_50GB,5GB_Bonus,1
C1141,Kandy,36-45,100GB,32.3,15.1,12.6,1448,21,7859,5,6,Basic_Phone,0,5G,1,0.12,7,Rejected,45,Offer_New_Phone,Smartphone_Trade_In_Deal,0
C1142,Jaffna,18-25,20GB,51.0,22.6,9.2,937,496,6920,21,0,Basic_Phone,0,5G,1,0.73,3,Accepted,164,Offer_New_Phone,Smartphone_Trade_In_Deal,0
C1143,Negombo,46-60,100GB,35.5,19.6,9.8,1071,7,11355,9,3,4G_Mobile,0,5G,0,0.6,2,Ignored,194,No_Action,No_Offer,1
C1144,Colombo,26-35,20GB,5.6,1.5,2.1,497,424,7757,24,4,4G_Mobile,0,4G,0,0.54,4,Ignored,87,Retention_Offer,Service_Recovery_Pack,0
C1145,Kurunegala,36-45,100GB,64.6,16.0,18.2,1931,388,9055,9,3,Basic_Phone,0,4G,1,0.54,5,Ignored,394,Offer_New_Phone,Smartphone_Trade_In_Deal,1
C1146,Matara,46-60,50GB,15.5,8.8,3.6,1784,449,2720,15,3,Basic_Phone,0,4G,0,0.16,3,Rejected,110,No_Action,No_Offer,1
C1147,Negombo,26-35,100GB,66.4,25.8,14.5,1521,273,10035,17,4,5G_Mobile,1,4G,0,0.5,6,Ignored,476,Upgrade_to_5G_SIM,Free_SIM_Replacement,0
C1148,Galle,26-35,20GB,9.5,2.3,1.4,878,438,8627,16,8,5G_Mobile,1,5G,1,0.36,4,Ignored,114,No_Action,No_Offer,1
C1149,Kurunegala,26-35,100GB,19.7,6.5,4.0,1042,115,11194,20,5,5G_Mobile,1,5G,0,0.58,2,Ignored,395,No_Action,No_Offer,0
C1150,Jaffna,26-35,10GB,115.4,38.1,25.4,1349,25,1222,6,0,Basic_Phone,0,5G,0,0.54,4,Rejected,451,Buy_Social_Media_Package,Social_Boost_Pack,0
C1151,Negombo,36-45,20GB,13.3,7.8,2.0,1104,352,9167,12,8,5G_Mobile,1,4G,0,0.52,4,Ignored,170,Retention_Offer,Service_Recovery_Pack,0
C1152,Negombo,36-45,10GB,6.7,2.1,2.3,1661,24,7611,17,3,5G_Mobile,1,4G,1,0.29,2,Ignored,359,Upgrade_to_5G_SIM,Free_SIM_Replacement,1
C1153,Matara,26-35,10GB,42.8,21.3,11.3,268,72,11311,25,1,4G_Mobile,0,4G,1,0.67,2,Ignored,215,Upgrade_to_20GB,Data_Saver_Pack,1
C1154,Matara,46-60,20GB,110.3,57.5,16.8,1749,110,3985,3,10,4G_Mobile,0,4G,0,0.17,3,Rejected,251,Buy_Social_Media_Package,Social_Boost_Pack,0
C1155,Negombo,26-35,50GB,61.4,34.7,19.7,606,13,8409,3,6,5G_Mobile,1,4G,1,0.72,1,Accepted,206,Upgrade_to_100GB,10GB_Bonus,1
C1156,Galle,26-35,100GB,95.2,28.6,15.0,645,269,6801,16,1,Basic_Phone,0,5G,0,0.48,4,Ignored,425,Offer_New_Phone,Smartphone_Trade_In_Deal,0
C1157,Matara,26-35,100GB,19.2,10.7,2.8,735,347,6262,5,9,Basic_Phone,0,5G,0,0.01,7,Rejected,340,Offer_New_Phone,Smartphone_Trade_In_Deal,0
C1158,Kurunegala,18-25,10GB,71.0,15.8,14.3,527,61,5828,2,10,Basic_Phone,0,4G,0,0.07,5,Accepted,480,Buy_Social_Media_Package,Social_Boost_Pack,0
C1159,Colombo,18-25,20GB,4.8,2.1,0.9,893,348,7942,7,6,Basic_Phone,0,4G,1,0.52,2,Ignored,49,Offer_New_Phone,Smartphone_Trade_In_Deal,1
C1160,Galle,46-60,50GB,79.8,19.6,28.4,1772,163,11373,17,0,4G_Mobile,0,4G,1,0.13,7,Rejected,454,Buy_Social_Media_Package,Social_Unlimited_Add_On,1
C1161,Matara,26-35,10GB,34.2,12.2,5.7,347,233,3655,5,6,Basic_Phone,0,5G,1,0.69,2,Accepted,483,Upgrade_to_20GB,Data_Saver_Pack,1
C1162,Galle,18-25,20GB,54.8,30.7,21.4,101,37,11666,23,0,Basic_Phone,0,4G,1,0.33,3,Ignored,291,Buy_Social_Media_Package,Social_Boost_Pack,1
C1163,Negombo,46-60,50GB,14.1,5.8,4.5,82,389,2191,24,5,4G_Mobile,0,5G,0,0.93,2,Ignored,447,Retention_Offer,20Percent_Loyalty_Discount,1
C1164,Kandy,46-60,50GB,26.6,6.8,8.4,172,219,7562,4,0,5G_Mobile,1,4G,0,0.5,4,Accepted,195,Upgrade_to_5G_SIM,Free_SIM_Replacement,1
C1165,Matara,18-25,20GB,93.3,55.4,10.5,1262,245,9634,6,6,4G_Mobile,0,5G,1,0.37,7,Ignored,31,Offer_New_Phone,5G_Phone_Upgrade_Offer,0
C1166,Galle,36-45,100GB,103.8,21.0,32.2,740,23,11673,21,8,Basic_Phone,0,4G,1,0.09,8,Accepted,455,Offer_New_Phone,Smartphone_Trade_In_Deal,1
C1167,Galle,18-25,10GB,55.4,27.5,14.7,1015,478,6114,21,3,5G_Mobile,1,4G,1,0.24,6,Ignored,12,Buy_Social_Media_Package,Social_Boost_Pack,0
C1168,Matara,46-60,50GB,60.4,21.3,14.7,1354,480,2128,11,4,5G_Mobile,1,5G,0,0.4,1,Rejected,358,Upgrade_to_100GB,10GB_Bonus,1
C1169,Kandy,36-45,100GB,65.3,24.9,17.8,1715,240,10120,24,5,4G_Mobile,0,4G,0,1.0,2,Rejected,450,Retention_Offer,20Percent_Loyalty_Discount,0
C1170,Jaffna,46-60,100GB,22.0,12.4,4.6,801,305,2923,19,7,Basic_Phone,0,5G,0,0.78,6,Accepted,490,Retention_Offer,20Percent_Loyalty_Discount,0
C1171,Galle,26-35,20GB,94.1,54.9,28.3,310,64,8821,8,7,5G_Mobile,1,5G,1,0.68,7,Rejected,199,Buy_Social_Media_Package,Social_Boost_Pack,1
C1172,Jaffna,26-35,50GB,71.3,23.8,20.6,717,413,7604,8,3,Basic_Phone,0,4G,0,0.1,6,Ignored,245,Buy_Social_Media_Package,Social_Unlimited_Add_On,1
C1173,Kandy,36-45,50GB,72.6,16.9,14.8,349,463,9976,22,7,Basic_Phone,0,5G,0,0.77,0,Rejected,183,Offer_New_Phone,Smartphone_Trade_In_Deal,1
C1174,Jaffna,36-45,20GB,29.4,7.3,4.9,1455,136,11736,5,0,4G_Mobile,0,4G,0,0.12,8,Ignored,156,Upgrade_to_50GB,5GB_Bonus,1
C1175,Kurunegala,36-45,100GB,37.3,12.3,5.6,25,197,1916,12,8,Basic_Phone,0,5G,1,0.96,1,Rejected,193,Retention_Offer,20Percent_Loyalty_Discount,0
C1176,Negombo,36-45,20GB,35.6,8.2,10.0,418,274,5264,10,10,4G_Mobile,0,4G,0,0.07,5,Ignored,354,Upgrade_to_50GB,5GB_Bonus,0
C1177,Negombo,36-45,10GB,97.1,35.4,11.2,1515,353,593,23,7,Basic_Phone,0,4G,1,0.65,1,Rejected,89,Upgrade_to_20GB,Data_Saver_Pack,1
C1178,Galle,36-45,10GB,61.0,22.3,18.8,393,148,7174,13,9,Basic_Phone,0,4G,0,0.57,1,Rejected,394,Buy_Social_Media_Package,Social_Boost_Pack,1
C1179,Matara,18-25,100GB,84.8,43.9,19.7,211,68,7154,14,10,4G_Mobile,0,4G,0,0.43,3,Accepted,410,Offer_Home_Router,Router_Bundle_Deal,1
C1180,Colombo,46-60,20GB,40.7,22.2,9.3,725,178,3831,10,5,4G_Mobile,0,4G,1,0.21,1,Rejected,327,Upgrade_to_50GB,5GB_Bonus,0
C1181,Jaffna,26-35,50GB,27.1,12.9,7.6,1805,5,1482,17,0,4G_Mobile,0,5G,1,0.61,7,Ignored,398,Offer_Voice_Pack,Unlimited_Local_Voice,1
C1182,Matara,18-25,20GB,64.5,21.9,19.7,449,39,7359,20,4,Basic_Phone,0,5G,1,0.06,7,Accepted,171,Buy_Social_Media_Package,Social_Boost_Pack,0
C1183,Galle,18-25,10GB,22.6,13.5,8.8,512,446,1436,20,10,5G_Mobile,1,4G,0,0.06,4,Ignored,43,Upgrade_to_20GB,Data_Saver_Pack,0
C1184,Matara,18-25,100GB,52.2,16.1,18.7,463,16,1911,3,7,4G_Mobile,0,4G,1,0.03,0,Accepted,199,No_Action,No_Offer,1
C1185,Jaffna,26-35,100GB,10.0,5.4,2.5,1264,186,11423,15,9,5G_Mobile,1,5G,1,0.48,6,Ignored,50,No_Action,No_Offer,0
C1186,Jaffna,36-45,50GB,79.3,23.8,29.6,1042,176,10307,7,6,4G_Mobile,0,5G,1,0.36,5,Ignored,352,Buy_Social_Media_Package,Social_Unlimited_Add_On,1
C1187,Galle,26-35,10GB,114.0,28.0,17.7,1853,299,2085,11,10,4G_Mobile,0,4G,0,0.29,1,Accepted,94,Buy_Social_Media_Package,Social_Boost_Pack,1
C1188,Matara,36-45,100GB,24.6,7.7,7.2,885,318,3442,12,1,Basic_Phone,0,5G,0,0.62,0,Ignored,456,No_Action,No_Offer,1
C1189,Kurunegala,18-25,20GB,48.6,14.4,18.1,1378,297,9468,11,0,5G_Mobile,1,4G,0,0.76,0,Accepted,278,Buy_Social_Media_Package,Social_Boost_Pack,1
C1190,Kurunegala,36-45,20GB,24.4,11.6,3.8,705,95,8031,8,5,5G_Mobile,1,5G,1,0.74,7,Rejected,227,Upgrade_to_50GB,5GB_Bonus,0
C1191,Jaffna,36-45,100GB,9.0,2.6,3.4,1993,323,3736,10,4,4G_Mobile,0,4G,0,0.69,1,Accepted,214,Offer_Voice_Pack,Unlimited_Local_Voice,0
C1192,Jaffna,26-35,100GB,63.5,20.1,10.2,1562,4,6930,10,2,5G_Mobile,1,4G,1,0.84,0,Accepted,219,Retention_Offer,20Percent_Loyalty_Discount,1
C1193,Negombo,18-25,10GB,119.3,42.0,29.0,712,168,10018,15,5,Basic_Phone,0,5G,0,0.23,8,Ignored,388,Buy_Social_Media_Package,Social_Boost_Pack,0
C1194,Matara,36-45,100GB,101.8,48.4,28.2,1225,471,7271,12,8,4G_Mobile,0,4G,0,0.16,4,Ignored,219,Offer_Home_Router,Router_Bundle_Deal,1
C1195,Kurunegala,46-60,50GB,89.9,29.4,29.4,668,405,7998,12,7,Basic_Phone,0,5G,0,0.08,0,Accepted,125,Buy_Social_Media_Package,Social_Unlimited_Add_On,1
C1196,Matara,26-35,100GB,105.4,35.1,35.1,1359,323,4108,16,7,5G_Mobile,1,5G,1,0.79,0,Accepted,111,Retention_Offer,20Percent_Loyalty_Discount,0
C1197,Jaffna,46-60,50GB,9.1,2.7,3.3,36,486,4494,14,8,5G_Mobile,1,4G,0,0.46,4,Rejected,389,Upgrade_to_5G_SIM,Free_SIM_Replacement,0
C1198,Jaffna,26-35,100GB,114.8,50.1,17.0,1935,257,6839,6,3,5G_Mobile,1,4G,1,0.27,1,Accepted,258,Offer_Voice_Pack,Unlimited_Local_Voice,1
C1199,Jaffna,26-35,10GB,6.6,2.4,1.3,119,264,4649,9,9,Basic_Phone,0,4G,1,0.1,8,Rejected,80,No_Action,No_Offer,1
C1200,Matara,18-25,50GB,37.3,18.2,6.0,1859,69,11672,14,0,5G_Mobile,1,4G,0,0.53,2,Rejected,405,Offer_Voice_Pack,Unlimited_Local_Voice,1
C1201,Colombo,18-25,100GB,15.8,5.0,1.7,1602,98,11603,9,9,5G_Mobile,1,5G,1,0.87,8,Accepted,412,Retention_Offer,20Percent_Loyalty_Discount,0
C1202,Galle,26-35,50GB,90.7,38.6,21.8,758,29,6217,21,0,Basic_Phone,0,5G,1,0.0,2,Rejected,467,Buy_Social_Media_Package,Social_Unlimited_Add_On,0
C1203,Jaffna,18-25,20GB,73.0,35.7,27.1,480,203,3961,22,1,4G_Mobile,0,4G,0,0.91,3,Accepted,36,Buy_Social_Media_Package,Social_Boost_Pack,0
C1204,Galle,46-60,100GB,66.1,37.3,19.5,1626,97,8981,2,5,5G_Mobile,1,4G,1,0.03,5,Rejected,282,Upgrade_to_5G_SIM,Free_SIM_Replacement,1
C1205,Matara,18-25,10GB,26.2,11.4,6.5,387,249,3422,24,0,Basic_Phone,0,4G,0,0.32,6,Ignored,436,Upgrade_to_20GB,Data_Saver_Pack,1
C1206,Kurunegala,36-45,10GB,108.6,56.5,30.3,1075,487,7219,23,7,Basic_Phone,0,5G,1,0.44,5,Rejected,418,Buy_Social_Media_Package,Social_Boost_Pack,1
C1207,Galle,18-25,50GB,103.6,22.3,14.5,1310,147,5666,2,10,Basic_Phone,0,5G,0,0.24,3,Rejected,128,Upgrade_to_100GB,10GB_Bonus,1
C1208,Matara,46-60,50GB,66.7,25.4,7.7,90,311,6211,14,1,4G_Mobile,0,4G,0,0.86,5,Ignored,237,Upgrade_to_100GB,10GB_Bonus,1
C1209,Matara,46-60,50GB,20.3,8.6,5.0,1026,72,4569,19,10,Basic_Phone,0,5G,0,0.66,8,Ignored,202,Retention_Offer,Service_Recovery_Pack,1
C1210,Matara,36-45,50GB,103.7,28.9,17.1,1211,104,3860,6,1,4G_Mobile,0,4G,0,0.07,1,Ignored,469,Upgrade_to_100GB,10GB_Bonus,1
C1211,Galle,46-60,50GB,21.5,12.7,4.7,1751,220,5505,1,0,5G_Mobile,1,4G,1,0.14,7,Accepted,45,Upgrade_to_5G_SIM,Free_SIM_Replacement,0
C1212,Kurunegala,26-35,50GB,72.9,27.8,11.8,727,97,596,23,0,4G_Mobile,0,4G,0,0.56,0,Accepted,450,Upgrade_to_100GB,10GB_Bonus,1
C1213,Negombo,18-25,50GB,64.1,30.8,11.2,1099,229,2325,6,10,4G_Mobile,0,4G,0,0.76,7,Rejected,64,Upgrade_to_100GB,10GB_Bonus,1
C1214,Kandy,26-35,100GB,65.4,32.3,20.2,1164,493,3061,4,5,4G_Mobile,0,4G,1,0.4,1,Rejected,199,No_Action,No_Offer,0
C1215,Galle,36-45,20GB,101.7,54.0,32.5,1449,88,2688,7,7,5G_Mobile,1,5G,1,0.29,3,Accepted,385,Buy_Social_Media_Package,Social_Boost_Pack,0
C1216,Kurunegala,18-25,100GB,111.3,52.4,39.4,1133,89,1825,9,9,4G_Mobile,0,5G,0,0.27,4,Ignored,124,Offer_New_Phone,5G_Phone_Upgrade_Offer,0
C1217,Galle,36-45,100GB,105.3,37.6,31.2,1180,73,5921,20,8,4G_Mobile,0,5G,1,0.73,7,Rejected,17,Offer_New_Phone,5G_Phone_Upgrade_Offer,1
C1218,Kurunegala,46-60,10GB,37.2,12.5,12.9,263,29,9129,24,2,5G_Mobile,1,4G,1,0.52,3,Ignored,133,Buy_Social_Media_Package,Social_Boost_Pack,1
C1219,Galle,26-35,10GB,17.5,7.3,2.8,1844,77,1057,21,7,5G_Mobile,1,4G,1,0.46,8,Accepted,392,Upgrade_to_20GB,Data_Saver_Pack,0
C1220,Colombo,26-35,20GB,81.8,46.1,9.0,1651,106,8021,8,5,Basic_Phone,0,5G,1,0.11,1,Ignored,452,Offer_New_Phone,Smartphone_Trade_In_Deal,0
C1221,Galle,46-60,100GB,68.1,35.9,21.6,1827,480,6823,23,1,Basic_Phone,0,5G,1,0.1,6,Accepted,50,Offer_New_Phone,Smartphone_Trade_In_Deal,0
C1222,Kandy,46-60,10GB,71.0,32.7,23.6,739,84,7188,9,10,Basic_Phone,0,4G,0,0.58,7,Accepted,475,Buy_Social_Media_Package,Social_Boost_Pack,0
C1223,Matara,36-45,50GB,83.3,26.5,27.5,1508,434,9660,4,7,5G_Mobile,1,4G,1,0.73,2,Ignored,365,Buy_Social_Media_Package,Social_Unlimited_Add_On,0
C1224,Kandy,36-45,20GB,63.4,36.8,7.9,1576,204,8748,13,1,4G_Mobile,0,5G,0,0.49,4,Ignored,464,Upgrade_to_50GB,5GB_Bonus,1
C1225,Kurunegala,36-45,100GB,111.2,62.0,43.6,545,450,1387,11,10,5G_Mobile,1,4G,1,0.34,5,Rejected,411,Upgrade_to_5G_SIM,Free_SIM_Replacement,1
C1226,Kandy,46-60,100GB,73.5,31.2,8.2,1323,5,11078,23,3,4G_Mobile,0,4G,1,0.02,6,Ignored,217,No_Action,No_Offer,1
C1227,Kandy,18-25,50GB,49.6,24.6,14.4,1114,443,10638,14,10,5G_Mobile,1,4G,0,0.87,7,Accepted,98,Upgrade_to_100GB,10GB_Bonus,0
C1228,Galle,18-25,100GB,70.6,35.8,19.4,1579,341,3124,21,6,4G_Mobile,0,4G,1,0.1,0,Accepted,454,No_Action,No_Offer,0
C1229,Galle,26-35,100GB,57.5,19.3,16.9,370,435,572,7,3,4G_Mobile,0,4G,1,0.08,7,Ignored,467,No_Action,No_Offer,0
C1230,Colombo,18-25,50GB,17.6,8.5,5.4,1728,205,4940,22,2,Basic_Phone,0,5G,1,0.7,2,Rejected,172,No_Action,No_Offer,0
C1231,Kandy,46-60,100GB,101.6,22.2,37.2,485,0,1770,24,8,4G_Mobile,0,4G,1,0.14,2,Ignored,410,No_Action,No_Offer,1
C1232,Matara,36-45,20GB,47.2,18.7,15.7,315,310,8560,12,7,4G_Mobile,0,4G,1,0.85,0,Rejected,138,Buy_Social_Media_Package,Social_Boost_Pack,1
C1233,Kandy,18-25,10GB,24.8,13.4,3.6,1164,247,1148,24,9,Basic_Phone,0,5G,0,0.45,5,Rejected,270,Upgrade_to_20GB,Data_Saver_Pack,0
C1234,Negombo,46-60,50GB,51.4,26.3,9.1,1790,105,8964,20,1,5G_Mobile,1,5G,1,0.06,0,Ignored,381,Upgrade_to_100GB,10GB_Bonus,0
C1235,Colombo,36-45,10GB,68.4,14.5,19.9,632,133,5409,11,7,5G_Mobile,1,4G,0,0.24,5,Accepted,393,Buy_Social_Media_Package,Social_Boost_Pack,1
C1236,Kandy,26-35,20GB,113.2,23.9,33.2,588,165,9329,20,6,4G_Mobile,0,4G,0,0.16,7,Ignored,172,Buy_Social_Media_Package,Social_Boost_Pack,1
C1237,Galle,18-25,20GB,104.8,61.4,38.9,1443,174,9141,25,6,5G_Mobile,1,5G,0,0.37,4,Ignored,262,Buy_Social_Media_Package,Social_Boost_Pack,0
C1238,Negombo,26-35,50GB,9.7,2.1,2.3,1797,441,8507,19,0,Basic_Phone,0,4G,0,0.84,3,Rejected,139,Offer_New_Phone,Smartphone_Trade_In_Deal,1
C1239,Colombo,26-35,100GB,96.7,32.1,37.5,1803,229,9000,22,8,4G_Mobile,0,5G,0,0.23,1,Accepted,207,Offer_New_Phone,5G_Phone_Upgrade_Offer,1
C1240,Colombo,26-35,10GB,57.9,20.5,9.0,591,383,3407,10,2,5G_Mobile,1,5G,0,0.85,5,Rejected,334,Upgrade_to_20GB,Data_Saver_Pack,1
C1241,Negombo,26-35,10GB,13.7,4.1,2.5,1272,131,11119,8,4,4G_Mobile,0,5G,0,0.7,3,Ignored,80,Upgrade_to_20GB,Data_Saver_Pack,0
C1242,Galle,18-25,50GB,112.5,54.9,32.4,321,74,679,12,9,Basic_Phone,0,4G,0,0.42,4,Rejected,305,Buy_Social_Media_Package,Social_Unlimited_Add_On,1
C1243,Galle,46-60,100GB,50.2,16.6,12.3,1488,60,2861,6,0,5G_Mobile,1,5G,1,0.64,3,Ignored,72,Retention_Offer,Service_Recovery_Pack,0
C1244,Colombo,18-25,100GB,19.2,5.4,2.4,1488,497,3427,17,7,Basic_Phone,0,5G,0,0.91,3,Ignored,65,Retention_Offer,20Percent_Loyalty_Discount,0
C1245,Galle,26-35,20GB,116.2,54.7,13.5,1893,483,3955,22,9,4G_Mobile,0,4G,0,0.62,1,Rejected,489,Buy_Social_Media_Package,Social_Boost_Pack,0
C1246,Negombo,18-25,100GB,108.2,38.2,32.7,1287,192,10706,8,4,Basic_Phone,0,5G,1,0.55,3,Accepted,261,Offer_New_Phone,Smartphone_Trade_In_Deal,0
C1247,Colombo,46-60,50GB,5.2,2.1,0.8,65,93,656,18,3,4G_Mobile,0,5G,1,0.85,3,Rejected,230,Retention_Offer,20Percent_Loyalty_Discount,0
C1248,Kandy,26-35,50GB,104.0,30.9,32.0,1833,447,11744,24,7,5G_Mobile,1,5G,0,0.07,3,Rejected,274,Buy_Social_Media_Package,Social_Unlimited_Add_On,1
C1249,Kurunegala,46-60,100GB,60.7,27.8,15.3,631,290,9400,20,1,5G_Mobile,1,4G,1,0.14,2,Ignored,112,Upgrade_to_5G_SIM,Free_SIM_Replacement,1
C1250,Kurunegala,18-25,100GB,58.3,14.3,8.9,668,117,7375,6,3,Basic_Phone,0,4G,0,0.15,6,Ignored,406,Offer_New_Phone,Smartphone_Trade_In_Deal,1
C1251,Jaffna,26-35,100GB,116.1,30.0,31.4,1102,15,10191,16,2,4G_Mobile,0,4G,0,0.37,4,Accepted,467,Offer_Home_Router,Router_Bundle_Deal,0
C1252,Colombo,26-35,20GB,8.3,4.6,1.6,1798,141,11254,20,2,5G_Mobile,1,5G,1,0.8,4,Ignored,44,Retention_Offer,20Percent_Loyalty_Discount,0
C1253,Galle,36-45,100GB,112.8,41.2,28.3,1431,452,11626,14,6,5G_Mobile,1,4G,0,0.96,2,Rejected,117,Offer_Home_Router,Router_Bundle_Deal,1
C1254,Kurunegala,26-35,20GB,72.8,26.1,21.3,1443,273,1119,19,10,4G_Mobile,0,5G,0,0.37,3,Accepted,123,Buy_Social_Media_Package,Social_Boost_Pack,0
C1255,Matara,36-45,20GB,117.2,41.2,22.6,1207,183,3385,23,10,Basic_Phone,0,5G,0,0.28,5,Accepted,298,Buy_Social_Media_Package,Social_Boost_Pack,1
C1256,Jaffna,18-25,20GB,49.1,29.1,8.8,1832,49,857,7,2,4G_Mobile,0,4G,0,0.7,5,Ignored,493,Upgrade_to_50GB,5GB_Bonus,0
C1257,Colombo,18-25,10GB,32.7,18.2,10.0,521,422,4354,14,9,5G_Mobile,1,5G,0,0.94,3,Ignored,385,Upgrade_to_20GB,Data_Saver_Pack,1
C1258,Colombo,18-25,50GB,58.8,19.7,8.7,1346,103,9698,14,6,5G_Mobile,1,5G,1,0.29,7,Rejected,255,Upgrade_to_100GB,10GB_Bonus,0
C1259,Galle,46-60,50GB,16.8,5.8,4.9,625,361,7514,14,2,Basic_Phone,0,5G,0,0.75,3,Rejected,226,Offer_New_Phone,Smartphone_Trade_In_Deal,1
C1260,Kandy,26-35,10GB,82.3,18.5,22.0,43,127,6836,24,5,5G_Mobile,1,4G,1,0.82,5,Rejected,414,Buy_Social_Media_Package,Social_Boost_Pack,1
C1261,Matara,18-25,100GB,110.2,34.7,25.6,1488,203,4433,25,8,Basic_Phone,0,4G,0,0.1,2,Accepted,97,Offer_Home_Router,Router_Bundle_Deal,1
C1262,Matara,46-60,100GB,97.7,51.8,35.5,1615,265,4793,9,5,5G_Mobile,1,5G,0,0.15,0,Rejected,364,Offer_Home_Router,Router_Bundle_Deal,1
C1263,Galle,46-60,100GB,61.2,34.1,20.9,41,306,6269,11,1,5G_Mobile,1,5G,1,0.35,6,Ignored,50,No_Action,No_Offer,0
C1264,Kandy,46-60,20GB,49.7,22.3,5.7,1293,403,8891,12,4,5G_Mobile,1,4G,1,0.43,7,Ignored,229,Upgrade_to_50GB,5GB_Bonus,1
C1265,Matara,26-35,50GB,58.9,16.9,21.0,1004,44,1181,13,9,5G_Mobile,1,4G,0,0.1,2,Ignored,62,Buy_Social_Media_Package,Social_Unlimited_Add_On,0
C1266,Negombo,18-25,50GB,85.9,21.6,27.7,1603,286,9432,6,1,5G_Mobile,1,4G,1,0.12,3,Ignored,416,Buy_Social_Media_Package,Social_Unlimited_Add_On,1
C1267,Negombo,26-35,10GB,112.4,52.9,20.5,998,184,6567,23,1,5G_Mobile,1,5G,1,0.71,5,Accepted,65,Buy_Social_Media_Package,Social_Boost_Pack,0
C1268,Kurunegala,26-35,50GB,64.6,22.7,8.5,157,325,11676,24,8,5G_Mobile,1,4G,1,0.57,5,Rejected,380,Upgrade_to_100GB,10GB_Bonus,0
C1269,Galle,46-60,100GB,3.0,1.1,0.6,1503,369,9955,1,7,Basic_Phone,0,5G,1,0.57,5,Ignored,79,Offer_New_Phone,Smartphone_Trade_In_Deal,1
C1270,Colombo,18-25,50GB,16.1,7.7,3.9,1054,98,8796,4,1,Basic_Phone,0,4G,1,0.88,6,Accepted,232,Offer_New_Phone,Smartphone_Trade_In_Deal,1
C1271,Negombo,46-60,50GB,110.2,64.3,35.6,553,345,10302,6,4,4G_Mobile,0,4G,1,0.92,5,Accepted,449,Buy_Social_Media_Package,Social_Unlimited_Add_On,0
C1272,Colombo,18-25,20GB,82.6,41.1,26.6,161,381,3118,7,9,4G_Mobile,0,5G,0,0.73,7,Accepted,390,Buy_Social_Media_Package,Social_Boost_Pack,0
C1273,Negombo,36-45,20GB,98.4,23.2,36.9,1290,424,6568,17,5,4G_Mobile,0,4G,0,0.14,7,Rejected,141,Buy_Social_Media_Package,Social_Boost_Pack,1
C1274,Kandy,18-25,100GB,43.4,24.7,12.3,1276,112,5269,12,8,4G_Mobile,0,5G,0,0.16,2,Ignored,284,No_Action,No_Offer,1
C1275,Negombo,26-35,100GB,65.3,34.4,9.0,1106,424,9398,7,8,Basic_Phone,0,5G,0,0.2,0,Ignored,272,Offer_New_Phone,Smartphone_Trade_In_Deal,0
C1276,Kurunegala,18-25,10GB,101.9,57.0,38.3,41,400,1442,2,9,4G_Mobile,0,4G,0,0.7,2,Ignored,160,Buy_Social_Media_Package,Social_Boost_Pack,1
C1277,Galle,26-35,10GB,44.6,22.9,9.9,720,299,10554,1,5,4G_Mobile,0,5G,1,0.3,8,Accepted,7,Upgrade_to_20GB,Data_Saver_Pack,0
C1278,Colombo,26-35,50GB,95.3,27.9,19.4,1192,367,6833,8,9,4G_Mobile,0,4G,1,0.98,1,Rejected,441,Upgrade_to_100GB,10GB_Bonus,1
C1279,Negombo,46-60,100GB,110.2,55.3,21.2,825,222,2253,14,10,Basic_Phone,0,5G,0,0.62,7,Rejected,13,Offer_Home_Router,Router_Bundle_Deal,1
C1280,Galle,18-25,10GB,82.9,26.4,17.2,766,312,3488,8,8,Basic_Phone,0,4G,0,0.85,3,Ignored,156,Buy_Social_Media_Package,Social_Boost_Pack,1
C1281,Galle,46-60,20GB,94.0,26.2,25.6,155,138,10468,20,2,4G_Mobile,0,4G,0,0.02,4,Rejected,452,Buy_Social_Media_Package,Social_Boost_Pack,1
C1282,Kandy,18-25,50GB,30.6,14.9,7.2,182,321,1881,11,9,4G_Mobile,0,5G,0,0.38,7,Rejected,371,No_Action,No_Offer,0
C1283,Jaffna,26-35,20GB,103.5,35.9,32.5,1839,488,5987,7,1,Basic_Phone,0,5G,1,0.52,3,Ignored,387,Buy_Social_Media_Package,Social_Boost_Pack,0
C1284,Matara,46-60,100GB,54.2,28.5,11.1,1712,155,9445,20,1,5G_Mobile,1,4G,0,0.0,4,Rejected,159,Upgrade_to_5G_SIM,Free_SIM_Replacement,0
C1285,Jaffna,36-45,50GB,51.9,12.1,10.9,527,135,9471,19,10,4G_Mobile,0,5G,0,0.55,8,Accepted,304,Upgrade_to_100GB,10GB_Bonus,0
C1286,Matara,36-45,50GB,72.4,14.8,20.0,692,6,7527,25,3,4G_Mobile,0,4G,0,0.66,2,Accepted,348,Upgrade_to_100GB,10GB_Bonus,1
C1287,Kandy,36-45,100GB,91.3,44.5,29.9,892,20,2556,6,3,4G_Mobile,0,5G,1,0.67,3,Rejected,162,Offer_New_Phone,5G_Phone_Upgrade_Offer,0
C1288,Negombo,18-25,100GB,71.3,21.4,17.0,470,6,7856,6,2,5G_Mobile,1,5G,1,0.48,8,Ignored,98,No_Action,No_Offer,0
C1289,Colombo,18-25,20GB,49.6,20.4,17.3,917,51,1304,20,7,5G_Mobile,1,5G,0,0.09,3,Rejected,313,Buy_Social_Media_Package,Social_Boost_Pack,0
C1290,Kandy,18-25,100GB,11.6,4.4,2.6,1240,148,5318,17,0,5G_Mobile,1,5G,0,0.7,3,Accepted,442,Retention_Offer,Service_Recovery_Pack,1
C1291,Galle,36-45,10GB,33.9,9.7,13.1,1274,44,10739,8,1,4G_Mobile,0,4G,0,0.01,8,Accepted,484,Buy_Social_Media_Package,Social_Boost_Pack,0
C1292,Galle,36-45,100GB,94.3,26.4,33.1,615,65,11773,19,8,Basic_Phone,0,4G,1,0.26,3,Ignored,278,Offer_New_Phone,Smartphone_Trade_In_Deal,1
C1293,Jaffna,18-25,50GB,55.3,23.2,19.6,1356,369,8053,18,10,5G_Mobile,1,4G,0,0.22,4,Ignored,8,Upgrade_to_100GB,10GB_Bonus,1
C1294,Jaffna,36-45,100GB,59.2,30.5,9.6,330,325,9900,2,0,4G_Mobile,0,4G,0,0.16,5,Accepted,261,No_Action,No_Offer,0
C1295,Kurunegala,26-35,50GB,107.8,32.2,33.0,1939,124,8124,14,4,Basic_Phone,0,4G,1,0.94,0,Accepted,236,Buy_Social_Media_Package,Social_Unlimited_Add_On,0
C1296,Kurunegala,46-60,50GB,64.9,26.8,7.5,1805,106,8605,15,9,5G_Mobile,1,4G,0,0.78,4,Rejected,240,Upgrade_to_100GB,10GB_Bonus,1
C1297,Galle,26-35,100GB,71.1,31.6,27.9,1705,73,9681,8,8,4G_Mobile,0,4G,0,0.06,0,Rejected,353,Offer_Home_Router,Router_Bundle_Deal,1
C1298,Kurunegala,46-60,50GB,118.5,57.9,20.2,1957,415,10838,12,0,Basic_Phone,0,5G,0,0.49,7,Ignored,252,Buy_Social_Media_Package,Social_Unlimited_Add_On,0
C1299,Jaffna,46-60,50GB,56.9,24.2,12.5,525,272,10936,22,4,Basic_Phone,0,4G,1,0.09,0,Rejected,84,Offer_New_Phone,Smartphone_Trade_In_Deal,0
C1300,Matara,46-60,100GB,53.3,18.9,10.0,1151,310,3219,25,3,4G_Mobile,0,5G,1,0.28,6,Accepted,84,No_Action,No_Offer,0
C1301,Kandy,36-45,20GB,26.1,5.7,8.0,151,259,2410,25,0,5G_Mobile,1,4G,1,0.78,6,Ignored,391,Upgrade_to_50GB,5GB_Bonus,0
C1302,Kandy,46-60,20GB,76.4,19.1,20.1,1687,57,2713,12,1,4G_Mobile,0,5G,1,0.83,3,Rejected,5,Buy_Social_Media_Package,Social_Boost_Pack,0
C1303,Kandy,18-25,10GB,29.4,15.8,9.6,1380,446,7227,18,5,4G_Mobile,0,5G,1,0.79,8,Rejected,207,Upgrade_to_20GB,Data_Saver_Pack,0
C1304,Jaffna,18-25,10GB,110.2,61.3,21.7,449,421,1381,2,3,4G_Mobile,0,5G,1,0.5,5,Rejected,252,Buy_Social_Media_Package,Social_Boost_Pack,0
C1305,Jaffna,36-45,10GB,27.4,11.3,4.9,1416,347,11018,18,7,Basic_Phone,0,5G,0,0.5,7,Ignored,258,Offer_New_Phone,Smartphone_Trade_In_Deal,0
C1306,Jaffna,36-45,20GB,89.6,25.1,9.4,1299,144,8794,8,2,5G_Mobile,1,4G,1,0.99,5,Accepted,192,Upgrade_to_50GB,5GB_Bonus,0
C1307,Jaffna,26-35,50GB,68.9,40.8,11.0,1785,342,11591,24,9,Basic_Phone,0,4G,0,0.34,5,Ignored,462,Offer_New_Phone,Smartphone_Trade_In_Deal,1
C1308,Galle,26-35,20GB,53.3,16.5,14.6,63,418,8616,2,4,4G_Mobile,0,4G,1,0.7,5,Ignored,339,Buy_Social_Media_Package,Social_Boost_Pack,1
C1309,Colombo,46-60,10GB,8.1,3.3,2.0,365,49,6958,16,8,4G_Mobile,0,5G,1,0.12,7,Rejected,305,No_Action,No_Offer,1
C1310,Jaffna,26-35,100GB,36.5,7.3,13.8,496,294,9555,15,0,Basic_Phone,0,5G,1,0.48,3,Ignored,62,Offer_New_Phone,Smartphone_Trade_In_Deal,1
C1311,Colombo,36-45,20GB,79.6,23.3,28.9,1859,179,6588,5,10,5G_Mobile,1,4G,1,0.21,0,Accepted,95,Buy_Social_Media_Package,Social_Boost_Pack,0
C1312,Jaffna,46-60,100GB,16.3,8.6,4.3,595,197,10876,14,6,Basic_Phone,0,5G,1,0.78,2,Accepted,127,Offer_New_Phone,Smartphone_Trade_In_Deal,1
C1313,Kurunegala,46-60,50GB,28.1,16.7,9.1,565,34,7132,4,10,4G_Mobile,0,5G,0,0.59,2,Ignored,422,No_Action,No_Offer,1
C1314,Galle,36-45,20GB,65.8,16.4,25.5,256,243,3649,25,10,4G_Mobile,0,5G,1,0.01,6,Ignored,5,Buy_Social_Media_Package,Social_Boost_Pack,0
C1315,Matara,26-35,50GB,60.2,24.1,14.8,1544,139,11880,19,8,4G_Mobile,0,5G,0,0.3,4,Ignored,183,Upgrade_to_100GB,10GB_Bonus,1
C1316,Jaffna,46-60,50GB,74.2,25.0,20.4,221,363,7548,7,4,Basic_Phone,0,4G,0,0.43,4,Accepted,411,Buy_Social_Media_Package,Social_Unlimited_Add_On,0
C1317,Kurunegala,36-45,20GB,39.5,18.1,11.7,1401,226,6824,25,10,Basic_Phone,0,5G,0,0.75,8,Rejected,180,Offer_New_Phone,Smartphone_Trade_In_Deal,1
C1318,Matara,26-35,10GB,3.3,1.1,0.5,784,437,9466,2,5,4G_Mobile,0,4G,0,0.4,1,Ignored,367,No_Action,No_Offer,0
C1319,Matara,46-60,50GB,60.2,27.0,13.0,837,417,2707,23,6,5G_Mobile,1,5G,0,0.92,0,Rejected,462,Upgrade_to_100GB,10GB_Bonus,0
C1320,Colombo,46-60,100GB,103.7,34.9,23.1,1968,363,5267,1,0,5G_Mobile,1,5G,1,0.27,4,Rejected,19,Offer_Voice_Pack,Unlimited_Local_Voice,1
C1321,Kurunegala,26-35,10GB,47.7,28.2,11.3,1461,354,8677,5,4,5G_Mobile,1,4G,1,0.6,5,Ignored,102,Upgrade_to_20GB,Data_Saver_Pack,0
C1322,Colombo,18-25,50GB,111.5,28.8,22.7,634,204,11777,12,1,Basic_Phone,0,5G,1,0.0,8,Accepted,113,Buy_Social_Media_Package,Social_Unlimited_Add_On,0
C1323,Galle,26-35,100GB,63.8,26.6,8.6,732,127,805,8,6,5G_Mobile,1,5G,0,0.12,6,Accepted,395,Recommend_5G_Router,10Percent_Discount,0
C1324,Negombo,36-45,50GB,7.1,2.2,2.1,1912,121,2213,17,7,Basic_Phone,0,4G,1,0.31,0,Ignored,226,Offer_Voice_Pack,Unlimited_Local_Voice,0
C1325,Jaffna,18-25,50GB,29.0,11.2,8.0,602,478,2960,12,0,Basic_Phone,0,4G,1,0.95,7,Ignored,483,Retention_Offer,20Percent_Loyalty_Discount,0
C1326,Jaffna,36-45,20GB,63.4,15.1,9.1,1181,202,7431,5,9,4G_Mobile,0,4G,0,0.55,3,Rejected,102,Upgrade_to_50GB,5GB_Bonus,0
C1327,Colombo,26-35,100GB,48.2,24.1,18.8,1697,114,5928,17,5,4G_Mobile,0,5G,1,0.51,8,Accepted,426,Retention_Offer,Service_Recovery_Pack,1
C1328,Colombo,18-25,20GB,70.4,18.7,24.2,1000,289,1932,3,5,Basic_Phone,0,4G,0,0.87,6,Rejected,500,Buy_Social_Media_Package,Social_Boost_Pack,0
C1329,Kandy,18-25,10GB,30.1,6.0,7.8,1886,349,4077,16,6,4G_Mobile,0,4G,1,0.29,6,Ignored,247,Upgrade_to_20GB,Data_Saver_Pack,0
C1330,Colombo,46-60,10GB,75.8,35.5,11.2,1180,297,11985,25,5,Basic_Phone,0,5G,1,0.61,8,Accepted,265,Offer_New_Phone,Smartphone_Trade_In_Deal,0
C1331,Negombo,26-35,100GB,20.8,8.8,3.4,1431,175,6652,22,0,4G_Mobile,0,4G,1,0.02,2,Accepted,282,No_Action,No_Offer,0
C1332,Galle,18-25,10GB,77.8,46.3,10.0,668,419,752,9,7,4G_Mobile,0,5G,0,0.6,3,Rejected,107,Offer_New_Phone,5G_Phone_Upgrade_Offer,1
C1333,Kandy,36-45,20GB,65.6,18.0,17.6,1402,236,3308,23,8,Basic_Phone,0,4G,0,0.75,3,Ignored,382,Buy_Social_Media_Package,Social_Boost_Pack,1
C1334,Negombo,36-45,100GB,49.1,26.8,16.7,311,132,1681,9,0,5G_Mobile,1,5G,1,0.34,8,Accepted,154,No_Action,No_Offer,1
C1335,Negombo,36-45,50GB,55.3,17.2,12.3,125,270,7568,6,5,Basic_Phone,0,4G,1,0.78,3,Rejected,121,Offer_New_Phone,Smartphone_Trade_In_Deal,1
C1336,Matara,36-45,10GB,9.4,4.6,3.5,813,475,1675,13,2,Basic_Phone,0,4G,0,0.6,2,Ignored,195,Upgrade_to_20GB,Data_Saver_Pack,1
C1337,Kandy,46-60,20GB,9.5,4.2,2.4,1791,260,10070,14,8,5G_Mobile,1,5G,0,0.01,1,Ignored,19,No_Action,No_Offer,0
C1338,Kurunegala,36-45,50GB,64.0,17.3,8.4,1193,165,7933,11,2,Basic_Phone,0,5G,0,0.63,7,Accepted,419,Offer_New_Phone,Smartphone_Trade_In_Deal,0
C1339,Galle,26-35,10GB,98.1,51.4,25.0,1116,108,2431,10,7,Basic_Phone,0,5G,1,0.05,7,Rejected,438,Buy_Social_Media_Package,Social_Boost_Pack,1
C1340,Galle,26-35,50GB,97.2,43.6,36.3,361,67,501,3,8,5G_Mobile,1,5G,0,0.73,8,Rejected,112,Buy_Social_Media_Package,Social_Unlimited_Add_On,0
C1341,Kandy,26-35,100GB,19.3,7.8,4.7,830,12,3413,19,3,4G_Mobile,0,4G,0,0.82,2,Ignored,166,Retention_Offer,20Percent_Loyalty_Discount,1
C1342,Kurunegala,26-35,20GB,40.1,10.1,15.5,1419,77,3087,24,10,5G_Mobile,1,5G,1,0.77,7,Accepted,206,Buy_Social_Media_Package,Social_Boost_Pack,1
C1343,Matara,26-35,50GB,96.6,19.8,34.0,637,393,4889,24,10,4G_Mobile,0,5G,1,0.7,3,Rejected,201,Buy_Social_Media_Package,Social_Unlimited_Add_On,0
C1344,Galle,26-35,100GB,118.8,37.9,25.4,1815,158,8267,11,5,4G_Mobile,0,5G,0,0.42,2,Rejected,273,Offer_New_Phone,5G_Phone_Upgrade_Offer,1
C1345,Kurunegala,46-60,100GB,100.4,38.6,13.4,919,107,9754,8,0,Basic_Phone,0,5G,1,0.5,6,Ignored,162,Offer_New_Phone,Smartphone_Trade_In_Deal,1
C1346,Colombo,46-60,20GB,53.2,22.0,11.9,796,181,9642,5,7,4G_Mobile,0,5G,0,0.79,4,Ignored,323,Upgrade_to_50GB,5GB_Bonus,1
C1347,Galle,46-60,50GB,92.9,18.8,36.4,1079,408,4093,22,10,5G_Mobile,1,4G,1,0.64,2,Ignored,392,Buy_Social_Media_Package,Social_Unlimited_Add_On,1
C1348,Kurunegala,26-35,20GB,78.8,33.9,20.5,281,150,9794,7,0,4G_Mobile,0,5G,1,0.25,5,Ignored,417,Buy_Social_Media_Package,Social_Boost_Pack,0
C1349,Kurunegala,46-60,10GB,70.8,26.4,12.8,1188,32,8389,11,9,4G_Mobile,0,5G,1,0.28,6,Ignored,471,Buy_Social_Media_Package,Social_Boost_Pack,1
C1350,Colombo,26-35,100GB,42.6,8.7,16.1,1133,110,10560,8,2,4G_Mobile,0,4G,0,0.34,1,Accepted,60,Offer_Home_Router,Fibre_Broadband_Trial,1
C1351,Kurunegala,18-25,50GB,63.0,20.4,15.5,1663,268,7836,4,10,5G_Mobile,1,5G,0,0.04,7,Rejected,230,Upgrade_to_100GB,10GB_Bonus,0
C1352,Matara,46-60,50GB,69.1,30.1,8.3,231,170,8583,14,2,4G_Mobile,0,4G,0,0.58,0,Rejected,111,Upgrade_to_100GB,10GB_Bonus,0
C1353,Galle,36-45,20GB,38.5,12.6,7.2,634,5,4375,14,7,5G_Mobile,1,5G,0,0.24,4,Ignored,25,Upgrade_to_50GB,5GB_Bonus,0
C1354,Galle,36-45,100GB,83.6,25.7,20.1,1641,22,2678,11,6,Basic_Phone,0,5G,0,0.3,6,Ignored,240,Offer_Home_Router,Router_Bundle_Deal,1
C1355,Matara,46-60,100GB,90.8,24.5,11.3,1841,225,2180,10,8,4G_Mobile,0,4G,0,0.5,6,Ignored,487,Offer_Home_Router,Router_Bundle_Deal,1
C1356,Jaffna,46-60,20GB,6.1,2.5,1.0,431,138,1474,11,4,Basic_Phone,0,5G,0,0.54,4,Rejected,457,Retention_Offer,Service_Recovery_Pack,0
C1357,Negombo,26-35,50GB,94.4,40.3,13.6,511,364,10673,11,2,5G_Mobile,1,5G,1,0.46,6,Accepted,438,Upgrade_to_100GB,10GB_Bonus,1
C1358,Galle,36-45,10GB,102.0,30.3,14.0,416,32,4995,22,4,Basic_Phone,0,4G,0,0.11,8,Ignored,33,Buy_Social_Media_Package,Social_Boost_Pack,1
C1359,Jaffna,46-60,50GB,77.7,26.9,26.6,957,431,4189,22,5,5G_Mobile,1,4G,1,0.88,4,Accepted,454,Buy_Social_Media_Package,Social_Unlimited_Add_On,1
C1360,Kurunegala,46-60,100GB,114.5,67.7,29.6,69,184,3968,4,9,5G_Mobile,1,4G,1,0.81,7,Rejected,154,Retention_Offer,20Percent_Loyalty_Discount,1
C1361,Negombo,46-60,10GB,52.2,10.7,11.7,1345,95,4805,19,8,4G_Mobile,0,4G,1,0.04,2,Rejected,219,Upgrade_to_20GB,Data_Saver_Pack,1
C1362,Kandy,36-45,100GB,54.3,25.1,14.7,47,219,9406,22,10,Basic_Phone,0,5G,0,0.17,7,Ignored,241,Offer_New_Phone,Smartphone_Trade_In_Deal,1
C1363,Kandy,46-60,50GB,8.9,2.4,1.2,45,135,7124,5,7,Basic_Phone,0,5G,1,0.37,4,Rejected,258,Offer_New_Phone,Smartphone_Trade_In_Deal,0
C1364,Jaffna,18-25,20GB,57.2,17.1,17.4,925,254,8015,25,5,5G_Mobile,1,4G,0,0.73,3,Rejected,289,Buy_Social_Media_Package,Social_Boost_Pack,0
C1365,Negombo,46-60,50GB,87.5,41.7,21.5,52,129,1098,22,1,4G_Mobile,0,5G,1,0.17,3,Ignored,71,Buy_Social_Media_Package,Social_Unlimited_Add_On,1
C1366,Galle,18-25,20GB,90.3,39.2,10.5,838,271,10376,5,8,Basic_Phone,0,4G,1,0.25,7,Rejected,117,Offer_New_Phone,Smartphone_Trade_In_Deal,0
C1367,Jaffna,18-25,100GB,34.6,13.6,8.0,1634,250,4978,8,9,5G_Mobile,1,4G,0,0.57,2,Accepted,53,Upgrade_to_5G_SIM,Free_SIM_Replacement,1
C1368,Jaffna,46-60,50GB,119.5,31.6,14.8,1244,58,1030,9,10,5G_Mobile,1,4G,0,0.81,0,Ignored,437,Upgrade_to_100GB,10GB_Bonus,1
C1369,Matara,18-25,20GB,109.0,31.0,19.2,252,473,11119,7,2,4G_Mobile,0,4G,1,0.88,6,Accepted,351,Buy_Social_Media_Package,Social_Boost_Pack,0
C1370,Matara,46-60,10GB,50.5,25.8,13.5,1116,75,2280,4,4,5G_Mobile,1,5G,0,0.9,4,Rejected,194,Buy_Social_Media_Package,Social_Boost_Pack,0
C1371,Colombo,36-45,10GB,53.4,10.9,12.9,1499,220,9358,10,10,Basic_Phone,0,5G,0,0.06,5,Rejected,409,Buy_Social_Media_Package,Social_Boost_Pack,0
C1372,Negombo,26-35,100GB,87.2,31.1,31.4,117,198,1928,25,1,4G_Mobile,0,5G,1,0.2,5,Rejected,498,Offer_New_Phone,5G_Phone_Upgrade_Offer,1
C1373,Negombo,36-45,20GB,17.6,8.5,6.5,1713,15,2563,19,5,4G_Mobile,0,5G,0,0.72,6,Ignored,350,Upgrade_to_50GB,5GB_Bonus,0
C1374,Matara,36-45,50GB,80.5,22.5,12.3,1586,99,7266,1,9,4G_Mobile,0,4G,1,0.26,6,Accepted,499,Upgrade_to_100GB,10GB_Bonus,0
C1375,Matara,26-35,10GB,42.1,21.0,4.7,1356,490,10647,25,7,5G_Mobile,1,5G,1,0.76,2,Accepted,102,Upgrade_to_20GB,Data_Saver_Pack,0
C1376,Colombo,26-35,10GB,73.4,28.6,24.6,1161,444,9692,16,6,Basic_Phone,0,5G,1,0.57,6,Ignored,84,Buy_Social_Media_Package,Social_Boost_Pack,1
C1377,Jaffna,18-25,20GB,67.9,31.2,10.1,1719,34,10378,10,10,4G_Mobile,0,5G,0,0.97,3,Ignored,242,Upgrade_to_50GB,5GB_Bonus,1
C1378,Colombo,46-60,50GB,15.3,8.8,4.8,1617,332,7285,23,5,Basic_Phone,0,4G,0,0.18,0,Accepted,319,Offer_New_Phone,Smartphone_Trade_In_Deal,0
C1379,Colombo,26-35,10GB,78.5,25.7,30.2,402,354,9058,5,4,4G_Mobile,0,5G,0,0.46,1,Accepted,113,Buy_Social_Media_Package,Social_Boost_Pack,0
C1380,Matara,36-45,10GB,112.1,67.2,32.3,1267,402,5597,17,0,5G_Mobile,1,5G,1,0.53,7,Ignored,49,Buy_Social_Media_Package,Social_Boost_Pack,1
C1381,Galle,46-60,50GB,41.9,9.4,8.8,1975,23,8225,21,1,5G_Mobile,1,5G,0,0.59,5,Rejected,214,Offer_Voice_Pack,Unlimited_Local_Voice,0
C1382,Matara,18-25,10GB,53.3,25.7,14.0,1326,336,7618,4,5,Basic_Phone,0,5G,1,0.59,0,Accepted,153,Buy_Social_Media_Package,Social_Boost_Pack,0
C1383,Kandy,46-60,100GB,50.0,18.1,18.2,1281,441,4203,12,2,5G_Mobile,1,5G,0,0.17,0,Ignored,221,No_Action,No_Offer,0
C1384,Kurunegala,46-60,20GB,10.0,5.8,1.1,1472,2,11298,17,4,5G_Mobile,1,4G,1,0.1,0,Ignored,270,Upgrade_to_5G_SIM,Free_SIM_Replacement,1
C1385,Jaffna,46-60,50GB,57.7,33.3,7.8,1096,489,3805,25,3,4G_Mobile,0,5G,0,0.42,3,Rejected,401,Upgrade_to_100GB,10GB_Bonus,0
C1386,Colombo,46-60,50GB,102.3,41.8,36.8,1956,150,11658,10,8,5G_Mobile,1,4G,0,0.08,4,Accepted,330,Buy_Social_Media_Package,Social_Unlimited_Add_On,1
C1387,Kurunegala,36-45,10GB,17.7,10.3,3.8,1566,251,5183,7,2,4G_Mobile,0,4G,1,0.2,7,Ignored,339,Upgrade_to_20GB,Data_Saver_Pack,1
C1388,Kandy,36-45,100GB,80.8,48.4,18.6,673,175,8893,14,2,Basic_Phone,0,4G,0,0.24,3,Ignored,398,Offer_New_Phone,Smartphone_Trade_In_Deal,0
C1389,Kandy,46-60,100GB,108.8,42.9,39.3,443,477,1478,17,5,5G_Mobile,1,5G,1,0.97,7,Rejected,201,Retention_Offer,20Percent_Loyalty_Discount,1
C1390,Colombo,26-35,10GB,66.0,34.3,11.6,301,494,3935,15,4,Basic_Phone,0,5G,0,0.26,3,Accepted,416,Upgrade_to_20GB,Data_Saver_Pack,0
C1391,Negombo,18-25,20GB,87.1,21.6,18.1,387,325,11218,10,7,4G_Mobile,0,5G,0,0.84,8,Ignored,425,Buy_Social_Media_Package,Social_Boost_Pack,1
C1392,Galle,18-25,20GB,120.0,52.9,32.5,1568,201,3049,13,4,4G_Mobile,0,5G,0,0.37,0,Ignored,446,Buy_Social_Media_Package,Social_Boost_Pack,0
C1393,Kurunegala,36-45,20GB,112.5,62.7,32.8,1571,231,10324,11,7,4G_Mobile,0,5G,1,0.48,5,Ignored,209,Buy_Social_Media_Package,Social_Boost_Pack,1
C1394,Negombo,46-60,20GB,53.3,28.7,9.8,1690,386,5734,2,8,5G_Mobile,1,5G,1,0.02,2,Rejected,120,Upgrade_to_50GB,5GB_Bonus,1
C1395,Kurunegala,36-45,20GB,90.3,21.5,9.2,1260,197,8904,11,4,4G_Mobile,0,5G,0,0.79,7,Accepted,119,Offer_New_Phone,5G_Phone_Upgrade_Offer,0
C1396,Kurunegala,46-60,100GB,105.0,37.2,29.8,1018,259,4993,11,6,4G_Mobile,0,4G,1,0.57,2,Rejected,478,No_Action,No_Offer,0
C1397,Galle,46-60,20GB,28.6,15.7,3.3,629,44,10808,2,2,4G_Mobile,0,4G,0,0.19,4,Accepted,142,Upgrade_to_50GB,5GB_Bonus,0
C1398,Jaffna,36-45,50GB,71.9,22.5,11.3,363,266,8010,24,7,5G_Mobile,1,4G,0,0.92,7,Ignored,422,Upgrade_to_100GB,10GB_Bonus,1
C1399,Galle,26-35,100GB,54.2,15.9,19.8,1708,291,3686,23,2,5G_Mobile,1,4G,1,0.36,8,Accepted,260,Upgrade_to_5G_SIM,Free_SIM_Replacement,1
C1400,Kurunegala,18-25,50GB,108.9,33.8,26.5,591,65,823,12,9,5G_Mobile,1,4G,1,0.31,7,Rejected,32,Buy_Social_Media_Package,Social_Unlimited_Add_On,0
C1401,Galle,36-45,50GB,44.0,26.3,13.0,419,15,5629,7,10,5G_Mobile,1,5G,1,0.57,2,Ignored,497,Upgrade_to_100GB,10GB_Bonus,0
C1402,Kurunegala,26-35,50GB,22.1,12.4,8.8,1811,460,8584,24,0,Basic_Phone,0,4G,1,0.76,6,Accepted,49,Offer_New_Phone,Smartphone_Trade_In_Deal,0
C1403,Jaffna,26-35,100GB,86.9,38.8,20.0,605,323,8972,20,10,Basic_Phone,0,5G,1,0.54,8,Rejected,415,Offer_New_Phone,Smartphone_Trade_In_Deal,1
C1404,Kandy,36-45,100GB,97.7,57.1,32.8,1326,384,2561,17,3,5G_Mobile,1,4G,0,0.16,4,Rejected,131,Offer_Home_Router,Router_Bundle_Deal,0
C1405,Negombo,46-60,20GB,84.5,17.1,28.7,224,398,10188,4,2,Basic_Phone,0,5G,1,0.64,8,Rejected,331,Buy_Social_Media_Package,Social_Boost_Pack,0
C1406,Negombo,18-25,50GB,36.7,15.0,7.3,763,100,9332,1,3,4G_Mobile,0,4G,0,0.26,8,Ignored,70,No_Action,No_Offer,1
C1407,Kurunegala,46-60,20GB,24.5,10.4,6.6,1640,337,5291,18,7,4G_Mobile,0,5G,1,0.52,4,Ignored,117,Upgrade_to_50GB,5GB_Bonus,0
C1408,Kurunegala,36-45,50GB,102.7,51.9,25.8,1165,66,9893,18,0,Basic_Phone,0,4G,0,0.29,2,Accepted,263,Buy_Social_Media_Package,Social_Unlimited_Add_On,0
C1409,Kurunegala,26-35,100GB,49.6,18.8,19.8,51,250,7527,1,5,4G_Mobile,0,4G,1,0.03,1,Rejected,82,No_Action,No_Offer,0
C1410,Galle,46-60,20GB,82.4,45.0,18.8,241,374,4434,5,6,5G_Mobile,1,5G,0,0.46,2,Ignored,195,Buy_Social_Media_Package,Social_Boost_Pack,0
C1411,Colombo,18-25,20GB,118.1,57.4,42.9,1048,159,7253,21,4,5G_Mobile,1,4G,1,0.43,7,Ignored,484,Buy_Social_Media_Package,Social_Boost_Pack,1
C1412,Negombo,36-45,100GB,21.8,8.9,4.9,1239,406,5213,6,4,5G_Mobile,1,4G,0,0.51,6,Ignored,249,Retention_Offer,Service_Recovery_Pack,0
C1413,Colombo,18-25,100GB,41.1,18.2,15.7,175,62,3967,8,9,5G_Mobile,1,4G,1,0.98,6,Rejected,400,Retention_Offer,20Percent_Loyalty_Discount,0
C1414,Matara,26-35,50GB,3.4,1.9,0.4,1086,293,4375,14,4,5G_Mobile,1,4G,1,0.5,1,Ignored,493,Upgrade_to_5G_SIM,Free_SIM_Replacement,0
C1415,Galle,36-45,20GB,85.6,20.2,28.1,210,478,6263,14,4,4G_Mobile,0,4G,0,0.55,4,Rejected,19,Buy_Social_Media_Package,Social_Boost_Pack,0
C1416,Jaffna,26-35,50GB,40.2,9.8,8.7,627,162,1185,9,10,4G_Mobile,0,5G,0,0.4,8,Accepted,435,No_Action,No_Offer,0
C1417,Kurunegala,46-60,100GB,5.8,3.4,1.6,1846,371,6332,8,8,5G_Mobile,1,4G,0,0.32,8,Accepted,281,Offer_Voice_Pack,Unlimited_Local_Voice,1
C1418,Kurunegala,36-45,50GB,104.3,54.4,16.8,1147,381,8933,18,9,5G_Mobile,1,4G,1,0.53,8,Rejected,89,Upgrade_to_100GB,10GB_Bonus,0
C1419,Negombo,46-60,50GB,24.6,11.2,8.2,534,218,8598,4,1,Basic_Phone,0,5G,0,0.26,2,Rejected,287,Offer_New_Phone,Smartphone_Trade_In_Deal,1
C1420,Colombo,46-60,20GB,60.7,27.5,23.2,1764,384,11694,13,10,Basic_Phone,0,5G,1,0.44,6,Ignored,190,Buy_Social_Media_Package,Social_Boost_Pack,1
C1421,Jaffna,26-35,20GB,89.6,27.7,23.5,921,306,6321,2,4,5G_Mobile,1,4G,0,0.79,1,Rejected,231,Buy_Social_Media_Package,Social_Boost_Pack,1
C1422,Kandy,18-25,100GB,61.5,22.5,9.1,815,115,2016,15,10,Basic_Phone,0,4G,1,0.8,5,Ignored,269,Retention_Offer,20Percent_Loyalty_Discount,1
C1423,Negombo,18-25,20GB,72.1,25.1,18.7,976,472,1307,22,8,5G_Mobile,1,5G,1,0.5,4,Rejected,317,Buy_Social_Media_Package,Social_Boost_Pack,0
C1424,Colombo,26-35,10GB,105.9,40.7,35.3,1077,232,6283,21,8,5G_Mobile,1,4G,0,0.69,2,Rejected,474,Buy_Social_Media_Package,Social_Boost_Pack,1
C1425,Negombo,36-45,50GB,81.2,46.8,30.7,1198,439,11487,4,3,5G_Mobile,1,4G,1,0.29,1,Accepted,432,Buy_Social_Media_Package,Social_Unlimited_Add_On,0
C1426,Jaffna,26-35,20GB,4.4,2.1,1.5,727,322,7242,9,5,4G_Mobile,0,4G,1,0.87,5,Rejected,133,Retention_Offer,20Percent_Loyalty_Discount,0
C1427,Negombo,26-35,10GB,76.4,42.5,12.7,1765,52,10412,23,9,4G_Mobile,0,4G,1,0.05,2,Ignored,294,Buy_Social_Media_Package,Social_Boost_Pack,1
C1428,Negombo,46-60,20GB,82.3,39.5,18.2,1430,105,8540,20,9,Basic_Phone,0,5G,0,0.83,5,Accepted,4,Buy_Social_Media_Package,Social_Boost_Pack,1
C1429,Kurunegala,18-25,50GB,30.5,10.2,6.9,1854,149,4910,5,0,5G_Mobile,1,4G,1,0.71,4,Accepted,296,Offer_Voice_Pack,Unlimited_Local_Voice,1
C1430,Jaffna,26-35,50GB,64.5,22.6,13.3,492,155,4137,7,0,5G_Mobile,1,4G,0,0.93,1,Accepted,317,Upgrade_to_100GB,10GB_Bonus,1
C1431,Kurunegala,36-45,20GB,33.1,19.5,11.2,1347,390,6772,18,1,5G_Mobile,1,5G,0,0.69,6,Rejected,183,Upgrade_to_50GB,5GB_Bonus,0
C1432,Matara,46-60,50GB,14.5,4.8,1.9,669,99,10132,4,1,4G_Mobile,0,4G,0,0.33,7,Accepted,326,No_Action,No_Offer,0
C1433,Matara,36-45,20GB,102.5,37.4,37.6,1632,472,6194,12,6,5G_Mobile,1,4G,0,0.48,2,Accepted,155,Buy_Social_Media_Package,Social_Boost_Pack,1
C1434,Kurunegala,26-35,100GB,69.6,28.4,8.7,144,343,4592,3,2,4G_Mobile,0,5G,1,0.47,7,Accepted,89,No_Action,No_Offer,0
C1435,Kandy,26-35,20GB,9.8,3.2,1.1,1378,293,6011,10,0,5G_Mobile,1,5G,1,0.43,5,Ignored,463,Cross_Sell_Add_On,First_Add_On_Free,1
C1436,Kurunegala,36-45,100GB,54.3,15.3,15.8,446,45,2749,8,6,4G_Mobile,0,5G,1,0.06,6,Ignored,320,No_Action,No_Offer,0
C1437,Colombo,18-25,20GB,76.3,23.8,8.4,1650,417,4006,10,0,Basic_Phone,0,4G,0,0.03,8,Rejected,77,Upgrade_to_50GB,5GB_Bonus,1
C1438,Colombo,26-35,20GB,55.2,21.0,17.2,465,424,9020,17,5,Basic_Phone,0,4G,0,0.85,6,Rejected,422,Buy_Social_Media_Package,Social_Boost_Pack,0
C1439,Jaffna,36-45,20GB,101.4,38.9,40.2,1493,270,3942,15,10,Basic_Phone,0,4G,0,0.16,6,Ignored,394,Buy_Social_Media_Package,Social_Boost_Pack,1
C1440,Galle,36-45,100GB,89.2,48.0,15.3,555,496,888,6,9,5G_Mobile,1,4G,0,0.69,8,Rejected,141,Offer_Home_Router,Router_Bundle_Deal,0
C1441,Matara,36-45,100GB,89.6,33.7,16.8,1299,419,5201,17,9,4G_Mobile,0,4G,0,0.01,1,Ignored,184,Offer_Home_Router,Router_Bundle_Deal,1
C1442,Kandy,46-60,100GB,79.4,30.6,20.8,710,341,5710,3,7,Basic_Phone,0,4G,1,0.42,4,Rejected,331,No_Action,No_Offer,0
C1443,Jaffna,46-60,50GB,70.8,33.5,26.9,504,69,6770,9,6,5G_Mobile,1,5G,0,0.85,3,Ignored,371,Buy_Social_Media_Package,Social_Unlimited_Add_On,1
C1444,Colombo,36-45,20GB,56.0,26.6,8.8,566,498,4698,23,0,4G_Mobile,0,5G,1,0.33,0,Rejected,453,Upgrade_to_50GB,5GB_Bonus,1
C1445,Negombo,36-45,20GB,45.9,22.0,7.0,1197,254,8882,25,8,5G_Mobile,1,5G,1,0.66,5,Rejected,141,Upgrade_to_50GB,5GB_Bonus,0
C1446,Matara,36-45,20GB,82.6,37.6,18.6,635,68,11306,8,10,Basic_Phone,0,5G,0,0.37,7,Rejected,375,Buy_Social_Media_Package,Social_Boost_Pack,1
C1447,Matara,36-45,10GB,63.0,30.8,18.1,681,436,3243,7,6,4G_Mobile,0,5G,0,0.84,6,Rejected,349,Buy_Social_Media_Package,Social_Boost_Pack,1
C1448,Kurunegala,46-60,20GB,112.5,25.9,20.5,412,455,1920,15,10,4G_Mobile,0,5G,1,0.43,0,Rejected,132,Buy_Social_Media_Package,Social_Boost_Pack,1
C1449,Kurunegala,36-45,20GB,30.4,17.0,10.1,315,119,11353,24,3,5G_Mobile,1,5G,1,0.8,0,Rejected,115,Upgrade_to_50GB,5GB_Bonus,0
C1450,Jaffna,46-60,50GB,93.2,33.8,33.1,1267,496,3769,25,3,5G_Mobile,1,5G,0,0.04,6,Rejected,144,Buy_Social_Media_Package,Social_Unlimited_Add_On,0
C1451,Jaffna,18-25,50GB,98.1,48.1,28.3,568,379,10281,5,2,Basic_Phone,0,5G,0,0.28,6,Accepted,65,Buy_Social_Media_Package,Social_Unlimited_Add_On,0
C1452,Negombo,36-45,20GB,81.1,39.4,28.5,905,197,11376,16,0,4G_Mobile,0,4G,0,0.37,0,Ignored,62,Buy_Social_Media_Package,Social_Boost_Pack,1
C1453,Jaffna,26-35,50GB,17.5,4.2,5.7,1437,178,1079,21,0,4G_Mobile,0,5G,0,0.04,8,Accepted,319,Cross_Sell_Add_On,First_Add_On_Free,0
C1454,Matara,18-25,20GB,76.0,45.3,27.5,311,305,3096,2,5,Basic_Phone,0,4G,0,0.53,5,Ignored,463,Buy_Social_Media_Package,Social_Boost_Pack,0
C1455,Kurunegala,46-60,20GB,112.6,42.9,22.3,1441,368,10972,15,8,5G_Mobile,1,4G,0,0.27,4,Rejected,221,Buy_Social_Media_Package,Social_Boost_Pack,1
C1456,Negombo,36-45,50GB,115.6,45.0,43.6,399,225,6111,6,9,Basic_Phone,0,4G,0,0.64,5,Ignored,276,Buy_Social_Media_Package,Social_Unlimited_Add_On,0
C1457,Galle,18-25,10GB,115.1,56.2,35.8,1288,37,3312,13,7,Basic_Phone,0,5G,0,0.23,2,Accepted,17,Buy_Social_Media_Package,Social_Boost_Pack,1
C1458,Jaffna,36-45,10GB,91.8,33.5,18.8,1466,230,10359,23,7,5G_Mobile,1,4G,1,0.75,1,Ignored,406,Buy_Social_Media_Package,Social_Boost_Pack,0
C1459,Kurunegala,18-25,100GB,51.3,14.0,15.1,1696,480,6685,23,7,5G_Mobile,1,4G,1,0.09,0,Accepted,192,Upgrade_to_5G_SIM,Free_SIM_Replacement,0
C1460,Colombo,36-45,100GB,55.2,27.4,17.3,1600,380,6050,19,7,5G_Mobile,1,5G,1,0.91,8,Rejected,235,Retention_Offer,20Percent_Loyalty_Discount,1
C1461,Kurunegala,36-45,10GB,80.4,23.3,32.0,297,459,11709,13,5,Basic_Phone,0,4G,0,0.64,5,Accepted,386,Buy_Social_Media_Package,Social_Boost_Pack,1
C1462,Jaffna,18-25,10GB,44.9,13.3,5.3,841,143,9999,4,6,Basic_Phone,0,5G,0,0.46,4,Rejected,216,Offer_New_Phone,Smartphone_Trade_In_Deal,1
C1463,Kandy,26-35,100GB,45.9,25.8,12.3,647,166,1155,3,1,Basic_Phone,0,4G,0,0.35,3,Ignored,390,No_Action,No_Offer,0
C1464,Kandy,18-25,50GB,103.9,36.1,23.9,1105,199,5219,14,2,Basic_Phone,0,4G,1,0.01,0,Ignored,386,Buy_Social_Media_Package,Social_Unlimited_Add_On,1
C1465,Jaffna,36-45,100GB,75.5,19.1,8.3,1821,90,9175,20,6,4G_Mobile,0,4G,0,0.55,0,Accepted,386,Offer_Voice_Pack,Unlimited_Local_Voice,0
C1466,Matara,26-35,50GB,99.6,52.6,27.9,397,178,514,7,1,4G_Mobile,0,5G,1,0.01,7,Ignored,177,Buy_Social_Media_Package,Social_Unlimited_Add_On,0
C1467,Matara,36-45,20GB,98.2,54.6,33.9,1124,110,4716,19,1,Basic_Phone,0,5G,0,0.45,4,Ignored,424,Buy_Social_Media_Package,Social_Boost_Pack,0
C1468,Matara,18-25,10GB,110.2,55.4,32.7,282,54,931,1,3,Basic_Phone,0,5G,1,0.51,0,Accepted,153,Buy_Social_Media_Package,Social_Boost_Pack,1
C1469,Negombo,36-45,10GB,112.8,44.4,34.4,1325,63,7298,15,8,Basic_Phone,0,5G,1,0.8,6,Accepted,135,Buy_Social_Media_Package,Social_Boost_Pack,0
C1470,Kurunegala,36-45,100GB,41.6,15.7,4.6,791,226,1945,23,5,Basic_Phone,0,5G,0,0.72,6,Rejected,57,Retention_Offer,20Percent_Loyalty_Discount,1
C1471,Kandy,36-45,10GB,82.9,20.3,14.6,776,177,2438,17,9,4G_Mobile,0,5G,1,0.19,3,Ignored,90,Buy_Social_Media_Package,Social_Boost_Pack,0
C1472,Kurunegala,18-25,20GB,94.0,35.1,26.5,1410,5,4904,17,7,4G_Mobile,0,4G,1,0.42,6,Rejected,152,Buy_Social_Media_Package,Social_Boost_Pack,1
C1473,Galle,36-45,20GB,65.6,23.7,23.0,625,459,4994,6,9,4G_Mobile,0,4G,0,0.76,2,Rejected,491,Buy_Social_Media_Package,Social_Boost_Pack,1
C1474,Jaffna,18-25,100GB,33.2,12.3,12.8,1670,221,5587,3,1,4G_Mobile,0,5G,1,0.63,6,Rejected,108,Retention_Offer,Service_Recovery_Pack,0
C1475,Kandy,46-60,100GB,94.7,43.6,36.9,386,351,6951,19,5,Basic_Phone,0,5G,0,0.71,5,Ignored,104,Offer_New_Phone,Smartphone_Trade_In_Deal,1
C1476,Colombo,18-25,50GB,19.4,5.9,6.3,1552,81,9585,2,8,5G_Mobile,1,5G,1,0.61,1,Ignored,198,No_Action,No_Offer,1
C1477,Colombo,46-60,10GB,108.1,31.9,25.5,898,402,6496,15,3,4G_Mobile,0,5G,0,0.71,8,Ignored,235,Buy_Social_Media_Package,Social_Boost_Pack,1
C1478,Colombo,26-35,100GB,80.1,39.6,22.8,99,23,968,18,9,Basic_Phone,0,5G,0,0.67,3,Ignored,184,Offer_Home_Router,Router_Bundle_Deal,1
C1479,Galle,26-35,10GB,28.5,9.5,4.6,775,266,960,23,9,Basic_Phone,0,4G,1,0.32,7,Rejected,446,Upgrade_to_20GB,Data_Saver_Pack,0
C1480,Kandy,46-60,10GB,114.2,24.4,35.9,824,160,5555,19,0,Basic_Phone,0,5G,0,0.53,7,Ignored,177,Buy_Social_Media_Package,Social_Boost_Pack,0
C1481,Galle,36-45,50GB,36.6,10.1,4.5,94,475,5359,24,5,Basic_Phone,0,5G,0,0.39,4,Ignored,413,No_Action,No_Offer,0
C1482,Kandy,36-45,100GB,65.7,15.3,21.4,1803,420,8260,23,8,4G_Mobile,0,4G,1,0.48,0,Accepted,465,Offer_Voice_Pack,Unlimited_Local_Voice,1
C1483,Negombo,36-45,20GB,15.7,5.3,4.7,1797,210,2726,15,8,Basic_Phone,0,4G,0,0.86,2,Accepted,436,Retention_Offer,20Percent_Loyalty_Discount,0
C1484,Kandy,46-60,100GB,108.4,27.3,20.2,761,418,6846,17,5,5G_Mobile,1,5G,0,0.58,4,Accepted,454,Offer_Home_Router,Router_Bundle_Deal,0
C1485,Kandy,36-45,20GB,69.4,27.0,12.8,22,76,5428,15,4,4G_Mobile,0,4G,1,0.3,8,Accepted,284,Buy_Social_Media_Package,Social_Boost_Pack,1
C1486,Kandy,26-35,50GB,3.8,1.1,0.7,941,277,7174,3,5,Basic_Phone,0,5G,1,0.88,6,Accepted,361,Offer_New_Phone,Smartphone_Trade_In_Deal,0
C1487,Colombo,26-35,20GB,27.5,8.1,10.7,1369,29,6311,24,3,4G_Mobile,0,4G,1,0.17,1,Ignored,262,Upgrade_to_50GB,5GB_Bonus,1
C1488,Negombo,26-35,20GB,24.1,11.4,4.1,975,410,3159,20,1,Basic_Phone,0,4G,0,0.78,3,Ignored,206,Upgrade_to_50GB,5GB_Bonus,0
C1489,Kandy,26-35,50GB,118.2,57.8,26.3,1784,204,7549,13,1,Basic_Phone,0,5G,1,0.06,8,Rejected,93,Buy_Social_Media_Package,Social_Unlimited_Add_On,0
C1490,Galle,46-60,50GB,52.1,11.1,12.9,1696,435,5472,22,7,4G_Mobile,0,5G,1,0.38,3,Ignored,459,Upgrade_to_100GB,10GB_Bonus,1
C1491,Kurunegala,26-35,100GB,28.1,14.5,5.7,1784,273,8785,20,3,Basic_Phone,0,5G,0,0.1,4,Ignored,340,Offer_New_Phone,Smartphone_Trade_In_Deal,0
C1492,Colombo,36-45,20GB,102.7,56.5,21.8,1373,229,8987,8,8,Basic_Phone,0,4G,1,0.06,8,Accepted,372,Buy_Social_Media_Package,Social_Boost_Pack,0
C1493,Matara,26-35,20GB,59.9,26.8,8.5,1777,422,8852,13,0,Basic_Phone,0,5G,0,0.81,5,Rejected,476,Offer_New_Phone,Smartphone_Trade_In_Deal,1
C1494,Kandy,36-45,10GB,2.4,1.3,0.9,696,428,8539,6,7,Basic_Phone,0,4G,1,0.73,4,Accepted,273,Offer_New_Phone,Smartphone_Trade_In_Deal,1
C1495,Matara,36-45,100GB,41.4,11.5,6.2,780,189,11026,20,7,Basic_Phone,0,4G,0,0.36,6,Ignored,104,Offer_New_Phone,Smartphone_Trade_In_Deal,1
C1496,Matara,26-35,50GB,101.1,36.2,29.9,1142,42,11962,9,0,5G_Mobile,1,4G,1,0.49,6,Rejected,103,Buy_Social_Media_Package,Social_Unlimited_Add_On,1
C1497,Colombo,46-60,100GB,73.3,40.1,13.2,1047,345,2305,7,7,Basic_Phone,0,4G,0,0.61,7,Rejected,485,Retention_Offer,Service_Recovery_Pack,1
C1498,Galle,18-25,100GB,105.3,33.4,31.6,137,286,1642,15,7,Basic_Phone,0,5G,0,0.22,6,Ignored,305,Offer_Home_Router,Router_Bundle_Deal,1
C1499,Matara,18-25,100GB,49.5,20.5,19.8,303,101,526,6,2,4G_Mobile,0,5G,1,0.86,2,Ignored,498,Retention_Offer,20Percent_Loyalty_Discount,1
C1500,Kandy,36-45,100GB,105.8,39.5,37.9,1474,371,9002,7,6,5G_Mobile,1,5G,0,0.45,3,Ignored,61,Offer_Home_Router,Router_Bundle_Deal,0
C1501,Galle,36-45,50GB,40.2,13.4,14.4,1729,299,9086,14,6,Basic_Phone,0,5G,1,0.95,1,Rejected,298,Offer_New_Phone,Smartphone_Trade_In_Deal,0
C1502,Matara,36-45,50GB,77.3,45.9,24.6,327,434,10171,2,2,Basic_Phone,0,4G,0,0.69,2,Ignored,100,Buy_Social_Media_Package,Social_Unlimited_Add_On,1
C1503,Colombo,26-35,20GB,106.0,61.4,37.3,53,427,5628,2,2,Basic_Phone,0,5G,0,0.42,5,Ignored,467,Buy_Social_Media_Package,Social_Boost_Pack,1
C1504,Matara,18-25,50GB,14.7,7.4,5.8,533,29,6690,12,4,Basic_Phone,0,5G,0,0.84,8,Accepted,345,Offer_New_Phone,Smartphone_Trade_In_Deal,1
C1505,Matara,36-45,20GB,71.0,19.1,26.7,735,437,534,18,3,4G_Mobile,0,4G,1,0.85,3,Ignored,288,Buy_Social_Media_Package,Social_Boost_Pack,0
C1506,Colombo,46-60,100GB,79.0,18.4,29.4,317,110,11836,4,3,Basic_Phone,0,4G,0,0.79,7,Ignored,5,Offer_New_Phone,Smartphone_Trade_In_Deal,0
C1507,Matara,18-25,20GB,68.8,18.0,21.1,187,73,7653,3,8,4G_Mobile,0,5G,1,0.53,6,Accepted,161,Buy_Social_Media_Package,Social_Boost_Pack,1
C1508,Colombo,18-25,50GB,46.4,15.2,9.5,1065,187,4249,2,1,Basic_Phone,0,4G,1,0.96,4,Rejected,200,Upgrade_to_100GB,10GB_Bonus,0
C1509,Kurunegala,18-25,100GB,22.0,10.7,4.1,1419,480,7483,13,8,5G_Mobile,1,5G,1,0.71,1,Accepted,420,Retention_Offer,20Percent_Loyalty_Discount,1
C1510,Kurunegala,26-35,100GB,92.5,33.8,10.3,278,269,9452,14,2,5G_Mobile,1,4G,0,0.27,3,Ignored,105,Offer_Home_Router,Router_Bundle_Deal,0
C1511,Jaffna,26-35,10GB,64.4,20.2,12.4,1831,29,6199,5,8,4G_Mobile,0,4G,1,0.91,6,Ignored,139,Buy_Social_Media_Package,Social_Boost_Pack,1
C1512,Matara,18-25,20GB,30.8,17.6,8.4,1566,162,10131,25,10,5G_Mobile,1,4G,1,0.7,8,Accepted,82,Upgrade_to_50GB,5GB_Bonus,1
C1513,Jaffna,26-35,100GB,15.9,4.2,6.3,249,485,1891,21,6,Basic_Phone,0,4G,1,0.91,4,Accepted,273,Retention_Offer,20Percent_Loyalty_Discount,1
C1514,Kandy,26-35,20GB,103.3,34.4,25.9,1274,382,650,8,0,5G_Mobile,1,5G,0,0.74,6,Rejected,67,Buy_Social_Media_Package,Social_Boost_Pack,0
C1515,Jaffna,18-25,10GB,86.4,50.4,15.2,173,178,9748,21,3,4G_Mobile,0,4G,1,0.32,6,Rejected,32,Buy_Social_Media_Package,Social_Boost_Pack,1
C1516,Galle,46-60,20GB,23.1,11.0,8.4,1940,56,3036,20,6,4G_Mobile,0,5G,0,0.44,6,Rejected,454,Upgrade_to_50GB,5GB_Bonus,1
C1517,Matara,46-60,50GB,50.5,28.1,5.2,111,365,1116,14,1,Basic_Phone,0,4G,1,0.69,4,Rejected,110,Upgrade_to_100GB,10GB_Bonus,0
C1518,Galle,36-45,20GB,54.5,21.5,19.3,147,65,3955,12,10,5G_Mobile,1,5G,1,0.39,8,Accepted,28,Buy_Social_Media_Package,Social_Boost_Pack,0
C1519,Kurunegala,26-35,20GB,43.0,9.3,12.7,897,67,4030,5,5,5G_Mobile,1,4G,1,0.48,8,Rejected,203,Buy_Social_Media_Package,Social_Boost_Pack,0
C1520,Kurunegala,46-60,10GB,8.8,3.8,1.0,1252,360,7046,4,10,4G_Mobile,0,4G,1,0.37,3,Ignored,212,Upgrade_to_20GB,Data_Saver_Pack,1
C1521,Negombo,46-60,50GB,83.0,33.5,18.7,1478,129,6263,9,4,Basic_Phone,0,5G,0,0.55,3,Rejected,346,Offer_New_Phone,Smartphone_Trade_In_Deal,0
C1522,Colombo,18-25,20GB,110.9,36.3,21.9,23,267,1687,9,4,Basic_Phone,0,4G,1,0.72,5,Ignored,161,Buy_Social_Media_Package,Social_Boost_Pack,0
C1523,Kandy,26-35,10GB,108.0,59.6,28.6,1673,254,5075,9,6,5G_Mobile,1,5G,1,0.65,5,Rejected,281,Buy_Social_Media_Package,Social_Boost_Pack,0
C1524,Kandy,18-25,50GB,67.4,23.1,23.6,1589,118,7139,1,9,4G_Mobile,0,4G,0,0.52,5,Accepted,118,Buy_Social_Media_Package,Social_Unlimited_Add_On,1
C1525,Galle,36-45,50GB,2.8,1.5,1.1,1137,123,4722,5,4,Basic_Phone,0,5G,1,0.41,3,Ignored,208,No_Action,No_Offer,1
C1526,Galle,36-45,100GB,68.4,33.2,18.6,1629,366,11329,3,4,Basic_Phone,0,4G,0,0.14,6,Accepted,217,Offer_New_Phone,Smartphone_Trade_In_Deal,0
C1527,Kurunegala,46-60,20GB,90.8,41.6,14.6,902,442,9546,18,7,Basic_Phone,0,4G,1,0.66,1,Accepted,57,Buy_Social_Media_Package,Social_Boost_Pack,0
C1528,Galle,26-35,100GB,14.9,3.8,3.1,634,233,11154,19,0,Basic_Phone,0,4G,1,0.58,8,Accepted,466,Offer_New_Phone,Smartphone_Trade_In_Deal,0
C1529,Kurunegala,46-60,10GB,65.0,37.0,8.2,1889,435,4344,9,2,5G_Mobile,1,5G,1,0.74,0,Rejected,383,Upgrade_to_20GB,Data_Saver_Pack,1
C1530,Matara,26-35,10GB,43.9,11.9,7.8,1912,160,6120,8,4,5G_Mobile,1,4G,0,0.76,4,Ignored,235,Upgrade_to_20GB,Data_Saver_Pack,0
C1531,Galle,26-35,50GB,109.5,51.8,14.9,1890,54,3415,12,8,4G_Mobile,0,4G,0,0.88,0,Rejected,274,Upgrade_to_100GB,10GB_Bonus,1
C1532,Galle,18-25,20GB,52.8,25.8,15.3,974,293,11049,16,8,Basic_Phone,0,4G,0,0.93,4,Ignored,250,Buy_Social_Media_Package,Social_Boost_Pack,1
C1533,Kurunegala,36-45,50GB,31.0,9.7,9.5,1318,463,10094,2,6,4G_Mobile,0,5G,1,0.35,4,Ignored,474,No_Action,No_Offer,1
C1534,Colombo,26-35,20GB,6.8,3.7,1.2,629,201,4671,24,5,5G_Mobile,1,4G,1,0.86,8,Rejected,337,Retention_Offer,20Percent_Loyalty_Discount,0
C1535,Matara,36-45,100GB,54.5,28.2,12.8,1078,281,11913,11,0,Basic_Phone,0,4G,1,0.75,7,Accepted,43,Offer_New_Phone,Smartphone_Trade_In_Deal,0
C1536,Jaffna,26-35,100GB,32.3,8.8,4.3,663,116,9656,1,2,5G_Mobile,1,4G,0,0.55,2,Rejected,483,Upgrade_to_5G_SIM,Free_SIM_Replacement,1
C1537,Matara,26-35,20GB,51.5,16.7,14.8,955,497,6302,23,2,4G_Mobile,0,5G,0,0.98,2,Ignored,342,Buy_Social_Media_Package,Social_Boost_Pack,0
C1538,Kurunegala,46-60,10GB,53.8,26.9,15.6,1318,276,8767,4,10,4G_Mobile,0,4G,1,0.83,8,Rejected,345,Buy_Social_Media_Package,Social_Boost_Pack,1
C1539,Jaffna,36-45,100GB,26.8,14.4,6.4,1563,72,11813,22,4,Basic_Phone,0,5G,1,0.04,7,Ignored,95,Offer_New_Phone,Smartphone_Trade_In_Deal,1
C1540,Kandy,18-25,20GB,116.0,61.3,15.0,975,108,9981,7,7,4G_Mobile,0,4G,0,0.04,4,Ignored,146,Buy_Social_Media_Package,Social_Boost_Pack,1
C1541,Negombo,46-60,100GB,62.0,24.3,12.2,1340,31,2965,21,4,4G_Mobile,0,4G,1,0.08,8,Ignored,217,No_Action,No_Offer,0
C1542,Galle,36-45,100GB,18.4,4.6,6.2,240,451,9223,24,5,Basic_Phone,0,4G,0,0.05,8,Rejected,444,Offer_New_Phone,Smartphone_Trade_In_Deal,0
C1543,Kandy,46-60,10GB,5.4,2.0,1.8,450,177,7128,2,1,Basic_Phone,0,4G,1,0.16,5,Ignored,451,Offer_New_Phone,Smartphone_Trade_In_Deal,0
C1544,Galle,26-35,10GB,62.3,27.2,22.9,1970,141,7241,5,10,4G_Mobile,0,4G,0,0.3,2,Rejected,413,Buy_Social_Media_Package,Social_Boost_Pack,0
C1545,Jaffna,46-60,20GB,41.0,23.1,13.0,844,116,6972,10,8,5G_Mobile,1,5G,1,0.74,1,Rejected,201,Buy_Social_Media_Package,Social_Boost_Pack,0
C1546,Kurunegala,46-60,50GB,70.1,29.4,12.2,802,26,543,4,2,Basic_Phone,0,4G,0,0.29,3,Accepted,398,Upgrade_to_100GB,10GB_Bonus,1
C1547,Kandy,46-60,20GB,32.3,9.6,7.3,1739,12,9579,2,4,Basic_Phone,0,5G,0,0.91,7,Rejected,468,Offer_New_Phone,Smartphone_Trade_In_Deal,0
C1548,Kurunegala,26-35,10GB,45.4,14.1,7.2,125,483,10528,11,10,4G_Mobile,0,5G,0,0.96,1,Rejected,41,Upgrade_to_20GB,Data_Saver_Pack,1
C1549,Galle,46-60,10GB,50.0,15.9,7.7,219,191,11360,11,6,5G_Mobile,1,5G,0,0.22,7,Rejected,448,Upgrade_to_20GB,Data_Saver_Pack,0
C1550,Galle,18-25,100GB,67.8,29.7,11.6,1477,397,1742,1,10,5G_Mobile,1,5G,0,0.23,4,Ignored,171,Recommend_5G_Router,10Percent_Discount,0
C1551,Colombo,18-25,100GB,7.0,3.5,1.1,1618,276,4278,20,2,5G_Mobile,1,5G,0,0.27,4,Rejected,301,Offer_Home_Router,Fibre_Broadband_Trial,0
C1552,Galle,36-45,10GB,56.5,16.2,16.5,98,277,5976,8,9,Basic_Phone,0,4G,0,0.89,7,Ignored,262,Buy_Social_Media_Package,Social_Boost_Pack,1
C1553,Jaffna,46-60,10GB,99.1,32.4,25.1,1179,303,4785,14,1,4G_Mobile,0,5G,1,0.67,1,Ignored,401,Buy_Social_Media_Package,Social_Boost_Pack,1
C1554,Kurunegala,18-25,20GB,28.6,9.2,8.0,725,468,9769,3,10,4G_Mobile,0,4G,1,0.64,6,Accepted,339,Upgrade_to_50GB,5GB_Bonus,1
C1555,Matara,46-60,20GB,50.0,25.3,8.5,1474,123,7598,14,5,5G_Mobile,1,4G,1,0.99,4,Rejected,146,Upgrade_to_50GB,5GB_Bonus,0
C1556,Colombo,18-25,10GB,77.3,43.8,16.2,1023,143,11391,25,2,Basic_Phone,0,4G,0,0.19,4,Accepted,276,Buy_Social_Media_Package,Social_Boost_Pack,0
C1557,Negombo,18-25,20GB,32.3,12.1,6.0,756,233,3172,11,10,Basic_Phone,0,5G,0,0.04,4,Rejected,357,Upgrade_to_50GB,5GB_Bonus,0
C1558,Colombo,18-25,20GB,42.4,16.4,8.5,1879,210,5254,5,7,Basic_Phone,0,5G,1,0.06,0,Ignored,62,Upgrade_to_50GB,5GB_Bonus,1
C1559,Galle,36-45,50GB,54.0,14.5,20.3,1741,383,6182,3,9,5G_Mobile,1,5G,1,0.27,3,Ignored,226,Buy_Social_Media_Package,Social_Unlimited_Add_On,0
C1560,Matara,46-60,50GB,7.0,2.3,1.4,1632,133,1133,7,5,4G_Mobile,0,4G,1,0.32,0,Ignored,188,No_Action,No_Offer,1
C1561,Colombo,18-25,50GB,78.7,16.4,24.3,68,315,5436,22,6,5G_Mobile,1,5G,0,0.23,6,Rejected,279,Buy_Social_Media_Package,Social_Unlimited_Add_On,0
C1562,Colombo,26-35,20GB,70.6,25.2,21.4,1154,397,4330,15,5,Basic_Phone,0,4G,1,0.38,2,Ignored,164,Buy_Social_Media_Package,Social_Boost_Pack,1
C1563,Jaffna,36-45,100GB,45.0,22.5,12.4,1294,132,1370,16,5,5G_Mobile,1,4G,0,0.11,3,Ignored,216,Upgrade_to_5G_SIM,Free_SIM_Replacement,0
C1564,Negombo,18-25,20GB,5.5,2.2,0.8,224,343,3888,6,3,Basic_Phone,0,5G,1,0.69,3,Ignored,372,Retention_Offer,Service_Recovery_Pack,0
C1565,Galle,46-60,100GB,2.8,0.7,0.8,1259,139,5257,14,7,5G_Mobile,1,4G,1,0.28,4,Rejected,76,Upgrade_to_5G_SIM,Free_SIM_Replacement,0
C1566,Kandy,46-60,20GB,50.9,15.3,13.1,587,498,3321,2,3,Basic_Phone,0,4G,0,0.8,7,Accepted,131,Buy_Social_Media_Package,Social_Boost_Pack,0
C1567,Kandy,18-25,50GB,47.2,20.7,14.0,1993,172,5832,9,8,5G_Mobile,1,4G,1,0.31,1,Rejected,499,Upgrade_to_100GB,10GB_Bonus,1
C1568,Kurunegala,46-60,100GB,89.5,41.8,33.9,458,47,1404,11,7,4G_Mobile,0,5G,0,0.96,6,Ignored,167,Offer_New_Phone,5G_Phone_Upgrade_Offer,1
C1569,Kurunegala,36-45,50GB,41.5,8.9,12.7,1180,105,1573,5,6,Basic_Phone,0,5G,1,0.03,6,Accepted,279,No_Action,No_Offer,0
C1570,Matara,18-25,100GB,32.0,12.0,12.0,1790,206,9720,1,6,4G_Mobile,0,4G,0,0.52,2,Rejected,397,No_Action,No_Offer,1
C1571,Negombo,46-60,100GB,89.9,49.5,29.3,263,207,5263,13,1,5G_Mobile,1,4G,1,0.64,2,Ignored,285,Upgrade_to_5G_SIM,Free_SIM_Replacement,1
C1572,Kurunegala,36-45,10GB,8.1,4.2,1.9,1664,56,1878,18,0,4G_Mobile,0,4G,0,0.6,6,Rejected,245,Retention_Offer,Service_Recovery_Pack,0
C1573,Matara,36-45,20GB,110.0,34.3,17.4,576,285,2181,12,3,4G_Mobile,0,4G,1,0.83,3,Accepted,184,Buy_Social_Media_Package,Social_Boost_Pack,0
C1574,Jaffna,36-45,50GB,56.2,27.9,14.2,951,459,5248,8,7,5G_Mobile,1,4G,0,0.72,5,Rejected,109,Upgrade_to_100GB,10GB_Bonus,0
C1575,Kandy,36-45,20GB,86.7,26.6,23.1,1060,173,3662,7,3,Basic_Phone,0,4G,0,0.43,3,Rejected,200,Buy_Social_Media_Package,Social_Boost_Pack,0
C1576,Jaffna,36-45,100GB,80.8,38.3,22.0,1548,298,7770,23,7,4G_Mobile,0,5G,1,0.34,3,Rejected,114,Offer_New_Phone,5G_Phone_Upgrade_Offer,0
C1577,Kandy,46-60,20GB,84.8,43.4,19.0,1449,356,9373,5,3,4G_Mobile,0,4G,1,0.18,5,Ignored,36,Buy_Social_Media_Package,Social_Boost_Pack,0
C1578,Kandy,26-35,50GB,24.0,8.1,8.6,358,177,5662,14,7,5G_Mobile,1,4G,1,0.3,5,Rejected,373,Upgrade_to_5G_SIM,Free_SIM_Replacement,0
C1579,Jaffna,26-35,100GB,39.7,12.6,8.7,363,485,1782,14,7,Basic_Phone,0,5G,0,0.62,0,Rejected,49,No_Action,No_Offer,0
C1580,Galle,36-45,50GB,35.0,15.8,6.1,724,129,1407,13,1,4G_Mobile,0,5G,1,0.41,4,Ignored,81,No_Action,No_Offer,1
C1581,Negombo,18-25,20GB,100.5,43.4,27.1,1465,139,2808,1,6,5G_Mobile,1,4G,0,0.37,3,Accepted,274,Buy_Social_Media_Package,Social_Boost_Pack,0
C1582,Kandy,36-45,20GB,74.9,42.8,9.6,1381,173,9338,25,4,5G_Mobile,1,4G,0,0.73,7,Rejected,153,Upgrade_to_50GB,5GB_Bonus,1
C1583,Matara,36-45,50GB,81.4,31.8,24.2,1731,420,3540,4,1,5G_Mobile,1,4G,0,0.11,5,Ignored,22,Buy_Social_Media_Package,Social_Unlimited_Add_On,1
C1584,Kandy,26-35,20GB,83.1,18.6,9.9,131,236,5070,18,4,4G_Mobile,0,4G,0,0.49,5,Rejected,135,Upgrade_to_50GB,5GB_Bonus,1
C1585,Kandy,26-35,20GB,40.3,19.2,5.9,614,197,7487,12,1,Basic_Phone,0,5G,1,0.44,5,Rejected,453,Offer_New_Phone,Smartphone_Trade_In_Deal,0
C1586,Colombo,26-35,100GB,9.6,2.1,3.1,517,343,6563,10,1,Basic_Phone,0,4G,1,0.38,3,Ignored,246,Offer_New_Phone,Smartphone_Trade_In_Deal,1
C1587,Kurunegala,18-25,20GB,86.4,36.8,19.5,931,142,7196,4,8,4G_Mobile,0,5G,0,0.38,7,Ignored,102,Buy_Social_Media_Package,Social_Boost_Pack,0
C1588,Negombo,46-60,10GB,104.7,21.0,35.4,1924,429,4707,22,10,Basic_Phone,0,4G,1,0.74,0,Ignored,134,Buy_Social_Media_Package,Social_Boost_Pack,0
C1589,Colombo,36-45,10GB,81.6,30.5,31.9,172,37,4727,16,1,5G_Mobile,1,5G,1,0.57,0,Rejected,83,Buy_Social_Media_Package,Social_Boost_Pack,1
C1590,Kandy,26-35,10GB,100.9,43.8,35.6,764,155,4377,19,9,4G_Mobile,0,5G,0,0.51,4,Rejected,207,Buy_Social_Media_Package,Social_Boost_Pack,0
C1591,Galle,26-35,10GB,75.1,30.3,23.6,1914,216,2437,11,4,Basic_Phone,0,4G,0,0.2,6,Accepted,217,Buy_Social_Media_Package,Social_Boost_Pack,0
C1592,Colombo,36-45,50GB,40.8,20.9,5.3,1098,151,10607,16,9,5G_Mobile,1,5G,0,0.54,8,Ignored,335,Retention_Offer,Service_Recovery_Pack,1
C1593,Kandy,36-45,10GB,47.0,20.1,16.0,1415,238,2858,1,0,Basic_Phone,0,5G,1,0.82,4,Rejected,62,Buy_Social_Media_Package,Social_Boost_Pack,1
C1594,Galle,26-35,10GB,50.5,27.9,11.1,952,356,7070,10,2,Basic_Phone,0,5G,0,0.6,4,Rejected,458,Offer_New_Phone,Smartphone_Trade_In_Deal,0
C1595,Galle,18-25,10GB,56.9,12.2,17.3,1962,79,741,10,2,4G_Mobile,0,5G,0,0.95,2,Rejected,493,Buy_Social_Media_Package,Social_Boost_Pack,1
C1596,Kurunegala,36-45,10GB,88.4,22.7,27.3,1554,401,7284,11,7,5G_Mobile,1,4G,0,0.47,8,Rejected,292,Buy_Social_Media_Package,Social_Boost_Pack,1
C1597,Kurunegala,36-45,20GB,12.2,3.1,1.6,1721,258,7136,11,6,5G_Mobile,1,4G,0,0.56,6,Ignored,480,Retention_Offer,Service_Recovery_Pack,1
C1598,Kandy,46-60,50GB,51.4,20.2,8.9,1044,441,6841,20,1,Basic_Phone,0,5G,0,0.15,4,Ignored,165,Offer_New_Phone,Smartphone_Trade_In_Deal,1
C1599,Matara,46-60,10GB,97.8,57.0,33.9,1725,232,2212,4,8,Basic_Phone,0,5G,0,0.92,2,Ignored,44,Buy_Social_Media_Package,Social_Boost_Pack,0
C1600,Jaffna,46-60,10GB,29.9,6.3,8.4,1257,171,1166,15,8,4G_Mobile,0,4G,1,0.11,6,Ignored,43,Upgrade_to_20GB,Data_Saver_Pack,1
C1601,Colombo,36-45,100GB,22.0,5.6,4.2,965,30,646,7,10,5G_Mobile,1,5G,1,0.93,8,Rejected,69,Retention_Offer,20Percent_Loyalty_Discount,1
C1602,Colombo,18-25,100GB,105.5,21.4,19.4,1083,34,5992,17,1,5G_Mobile,1,4G,0,0.35,0,Rejected,298,Offer_Home_Router,Router_Bundle_Deal,1
C1603,Kurunegala,18-25,10GB,31.8,10.8,4.1,1181,474,888,11,0,Basic_Phone,0,4G,0,0.72,1,Ignored,447,Upgrade_to_20GB,Data_Saver_Pack,0
C1604,Kandy,36-45,50GB,48.7,22.0,13.6,499,23,8370,18,5,Basic_Phone,0,4G,1,0.4,0,Accepted,190,Offer_New_Phone,Smartphone_Trade_In_Deal,1
C1605,Kurunegala,18-25,100GB,105.7,47.5,28.4,1379,420,9182,1,3,5G_Mobile,1,4G,0,0.22,1,Accepted,187,Offer_Home_Router,Router_Bundle_Deal,0
C1606,Negombo,26-35,20GB,28.6,8.7,5.1,1000,5,7495,23,3,4G_Mobile,0,4G,1,0.1,4,Rejected,193,Upgrade_to_50GB,5GB_Bonus,1
C1607,Jaffna,46-60,100GB,68.9,14.3,9.6,681,350,11323,20,6,5G_Mobile,1,5G,1,0.92,2,Rejected,145,Retention_Offer,20Percent_Loyalty_Discount,0
C1608,Negombo,26-35,50GB,95.7,53.1,13.5,1751,413,598,7,10,5G_Mobile,1,5G,1,0.21,4,Ignored,336,Upgrade_to_100GB,10GB_Bonus,1
C1609,Matara,36-45,100GB,74.8,15.0,23.6,1838,164,5606,10,6,4G_Mobile,0,4G,1,0.57,1,Rejected,158,Offer_Voice_Pack,Unlimited_Local_Voice,0
C1610,Matara,26-35,100GB,70.1,32.6,25.2,1866,70,740,16,8,5G_Mobile,1,4G,1,0.37,0,Accepted,83,Offer_Voice_Pack,Unlimited_Local_Voice,0
C1611,Kurunegala,26-35,10GB,51.5,11.8,18.0,1536,254,7623,21,2,Basic_Phone,0,4G,1,0.84,7,Ignored,343,Buy_Social_Media_Package,Social_Boost_Pack,0
C1612,Jaffna,18-25,50GB,111.9,28.0,34.5,878,254,972,4,8,Basic_Phone,0,5G,0,0.39,4,Ignored,238,Buy_Social_Media_Package,Social_Unlimited_Add_On,1
C1613,Negombo,26-35,50GB,10.6,6.1,1.1,1021,98,2204,12,3,4G_Mobile,0,5G,0,0.51,6,Accepted,142,Retention_Offer,Service_Recovery_Pack,1
C1614,Jaffna,26-35,100GB,32.0,9.6,12.6,140,282,2045,6,8,4G_Mobile,0,5G,1,0.68,7,Rejected,76,Retention_Offer,Service_Recovery_Pack,1
C1615,Matara,36-45,20GB,8.6,4.4,2.4,394,5,1587,16,10,5G_Mobile,1,4G,0,0.66,1,Ignored,187,Upgrade_to_5G_SIM,Free_SIM_Replacement,0
C1616,Kurunegala,26-35,10GB,94.1,28.4,34.6,890,186,8778,6,7,Basic_Phone,0,5G,0,0.59,4,Rejected,411,Buy_Social_Media_Package,Social_Boost_Pack,0
C1617,Kandy,46-60,10GB,66.1,13.4,18.8,1594,213,2489,7,8,4G_Mobile,0,5G,0,0.75,2,Accepted,440,Buy_Social_Media_Package,Social_Boost_Pack,1
C1618,Matara,46-60,100GB,64.3,14.3,15.9,694,12,6195,2,9,4G_Mobile,0,4G,1,0.77,3,Accepted,401,Retention_Offer,20Percent_Loyalty_Discount,1
C1619,Kurunegala,26-35,10GB,74.4,27.5,8.7,582,93,5155,19,0,Basic_Phone,0,5G,0,0.12,8,Accepted,397,Upgrade_to_20GB,Data_Saver_Pack,1
C1620,Colombo,18-25,10GB,114.3,56.6,12.4,638,60,8092,14,9,4G_Mobile,0,5G,0,0.22,7,Ignored,492,Buy_Social_Media_Package,Social_Boost_Pack,0
C1621,Kurunegala,36-45,20GB,38.0,13.8,14.3,559,315,10736,20,0,5G_Mobile,1,4G,1,0.17,4,Rejected,353,Buy_Social_Media_Package,Social_Boost_Pack,1
C1622,Galle,26-35,50GB,83.8,31.8,23.5,1394,428,3985,15,6,Basic_Phone,0,5G,0,0.41,6,Rejected,304,Buy_Social_Media_Package,Social_Unlimited_Add_On,1
C1623,Kurunegala,26-35,10GB,43.5,24.4,14.0,661,402,7862,9,6,5G_Mobile,1,5G,0,0.58,6,Ignored,138,Buy_Social_Media_Package,Social_Boost_Pack,1
C1624,Jaffna,26-35,50GB,111.2,36.9,21.5,1876,72,11460,7,2,Basic_Phone,0,4G,0,1.0,2,Rejected,496,Buy_Social_Media_Package,Social_Unlimited_Add_On,0
C1625,Jaffna,18-25,20GB,30.9,16.4,4.5,829,47,3361,4,8,5G_Mobile,1,4G,0,0.18,2,Accepted,298,Upgrade_to_50GB,5GB_Bonus,0
C1626,Negombo,36-45,10GB,16.4,8.1,1.8,912,264,11004,6,0,4G_Mobile,0,4G,1,0.74,8,Ignored,283,Upgrade_to_20GB,Data_Saver_Pack,0
C1627,Kurunegala,18-25,20GB,20.6,7.6,8.2,252,120,10954,21,1,Basic_Phone,0,4G,0,0.16,8,Ignored,394,Offer_New_Phone,Smartphone_Trade_In_Deal,0
C1628,Kandy,26-35,100GB,3.3,1.1,0.5,860,425,2278,8,4,Basic_Phone,0,4G,0,0.88,0,Accepted,272,Retention_Offer,20Percent_Loyalty_Discount,0
C1629,Colombo,26-35,20GB,85.2,25.2,20.8,153,84,2171,7,5,4G_Mobile,0,4G,1,0.13,0,Rejected,299,Buy_Social_Media_Package,Social_Boost_Pack,1
C1630,Matara,18-25,100GB,118.2,39.8,23.5,579,0,7106,11,5,5G_Mobile,1,4G,1,0.64,7,Rejected,150,Retention_Offer,Service_Recovery_Pack,0
C1631,Colombo,18-25,10GB,85.7,50.8,33.2,1842,164,8681,6,5,5G_Mobile,1,4G,1,0.55,5,Accepted,37,Buy_Social_Media_Package,Social_Boost_Pack,0
C1632,Galle,18-25,100GB,57.4,14.8,20.9,1909,287,4057,16,8,5G_Mobile,1,5G,0,0.1,8,Accepted,481,Offer_Voice_Pack,Unlimited_Local_Voice,1
C1633,Colombo,46-60,10GB,46.9,21.4,6.5,274,58,3805,13,6,4G_Mobile,0,5G,0,0.87,7,Accepted,74,Upgrade_to_20GB,Data_Saver_Pack,0
C1634,Matara,36-45,100GB,63.0,36.6,21.8,184,498,9342,24,4,4G_Mobile,0,5G,1,0.4,2,Rejected,69,No_Action,No_Offer,0
C1635,Kurunegala,26-35,20GB,74.1,22.0,18.3,167,7,5302,15,2,4G_Mobile,0,5G,0,0.24,8,Ignored,8,Buy_Social_Media_Package,Social_Boost_Pack,1
C1636,Matara,26-35,100GB,52.9,14.6,8.4,102,110,527,21,2,4G_Mobile,0,4G,1,0.77,6,Ignored,222,Retention_Offer,20Percent_Loyalty_Discount,1
C1637,Kandy,36-45,100GB,75.0,37.1,21.0,1295,463,11913,12,2,5G_Mobile,1,4G,0,0.75,2,Accepted,440,Retention_Offer,20Percent_Loyalty_Discount,1
C1638,Matara,46-60,20GB,66.7,17.2,19.0,925,173,1929,8,3,Basic_Phone,0,5G,1,0.73,8,Rejected,186,Buy_Social_Media_Package,Social_Boost_Pack,0
C1639,Negombo,36-45,50GB,99.1,58.7,14.1,1326,214,7488,15,1,4G_Mobile,0,5G,0,0.87,2,Ignored,54,Offer_New_Phone,5G_Phone_Upgrade_Offer,0
C1640,Galle,26-35,20GB,54.9,16.5,18.8,858,208,8194,10,10,Basic_Phone,0,4G,0,0.29,6,Accepted,456,Buy_Social_Media_Package,Social_Boost_Pack,0
C1641,Colombo,36-45,100GB,105.0,46.0,24.2,1612,278,3136,18,7,5G_Mobile,1,5G,0,0.46,0,Rejected,45,Offer_Home_Router,Router_Bundle_Deal,1
C1642,Galle,18-25,100GB,88.7,24.6,9.4,574,425,5910,9,1,Basic_Phone,0,5G,1,0.46,8,Ignored,51,No_Action,No_Offer,0
C1643,Kurunegala,46-60,20GB,27.7,7.1,8.5,759,325,7344,12,0,Basic_Phone,0,4G,1,0.93,0,Rejected,310,Offer_New_Phone,Smartphone_Trade_In_Deal,1
C1644,Kurunegala,46-60,10GB,117.1,23.8,16.9,809,382,9777,12,1,Basic_Phone,0,4G,0,0.02,1,Rejected,348,Buy_Social_Media_Package,Social_Boost_Pack,1
C1645,Kandy,26-35,20GB,110.1,49.0,41.0,1832,307,1294,1,5,5G_Mobile,1,4G,0,0.3,5,Ignored,463,Buy_Social_Media_Package,Social_Boost_Pack,0
C1646,Kandy,36-45,100GB,29.8,11.2,4.3,1741,23,11630,7,7,4G_Mobile,0,4G,0,0.71,0,Rejected,360,Retention_Offer,20Percent_Loyalty_Discount,0
C1647,Kandy,26-35,50GB,71.9,29.9,27.2,448,477,11347,15,10,Basic_Phone,0,5G,0,0.53,4,Rejected,471,Buy_Social_Media_Package,Social_Unlimited_Add_On,1
C1648,Kandy,46-60,50GB,78.2,20.4,28.5,1643,368,2102,21,3,4G_Mobile,0,4G,0,0.48,6,Ignored,274,Buy_Social_Media_Package,Social_Unlimited_Add_On,0
C1649,Kandy,36-45,50GB,16.9,8.6,3.1,204,494,1880,24,6,5G_Mobile,1,4G,0,0.87,4,Rejected,157,Retention_Offer,20Percent_Loyalty_Discount,1
C1650,Kandy,18-25,50GB,10.4,4.7,1.4,1417,2,3823,8,9,5G_Mobile,1,5G,0,0.09,5,Accepted,224,No_Action,No_Offer,0
C1651,Matara,46-60,10GB,82.9,40.6,19.0,1434,81,1349,22,7,5G_Mobile,1,5G,1,0.68,0,Accepted,275,Buy_Social_Media_Package,Social_Boost_Pack,1
C1652,Colombo,18-25,100GB,35.6,11.9,4.6,887,265,9218,18,8,Basic_Phone,0,5G,1,0.34,5,Ignored,79,Offer_New_Phone,Smartphone_Trade_In_Deal,1
C1653,Colombo,26-35,50GB,22.9,9.0,2.5,1365,325,10370,22,10,5G_Mobile,1,5G,1,0.61,6,Ignored,477,Retention_Offer,Service_Recovery_Pack,1
C1654,Colombo,18-25,50GB,6.0,3.6,1.2,51,427,4215,22,10,5G_Mobile,1,4G,1,0.62,2,Rejected,141,Upgrade_to_5G_SIM,Free_SIM_Replacement,1
C1655,Kandy,26-35,20GB,110.4,33.9,28.0,1355,103,10395,4,6,4G_Mobile,0,5G,0,0.25,8,Rejected,313,Buy_Social_Media_Package,Social_Boost_Pack,1
C1656,Matara,46-60,50GB,39.4,16.0,13.9,794,11,505,9,5,5G_Mobile,1,5G,1,0.31,7,Accepted,458,No_Action,No_Offer,1
C1657,Negombo,36-45,20GB,96.8,27.5,17.3,897,457,11123,19,2,4G_Mobile,0,5G,1,0.14,2,Rejected,202,Buy_Social_Media_Package,Social_Boost_Pack,1
C1658,Negombo,36-45,50GB,30.1,16.7,3.5,101,163,2854,15,1,Basic_Phone,0,5G,1,0.38,5,Ignored,218,No_Action,No_Offer,1
C1659,Jaffna,26-35,20GB,20.5,5.4,6.8,394,369,7029,23,4,Basic_Phone,0,4G,0,0.7,1,Ignored,400,Offer_New_Phone,Smartphone_Trade_In_Deal,1
C1660,Kandy,36-45,20GB,107.4,30.9,40.6,1956,441,5226,7,2,4G_Mobile,0,4G,0,1.0,0,Rejected,253,Buy_Social_Media_Package,Social_Boost_Pack,1
C1661,Negombo,26-35,20GB,79.3,20.8,28.1,1782,283,7308,5,1,5G_Mobile,1,5G,1,0.21,0,Ignored,394,Buy_Social_Media_Package,Social_Boost_Pack,0
C1662,Matara,46-60,100GB,56.8,15.6,7.2,626,1,7297,20,5,Basic_Phone,0,5G,1,0.77,2,Accepted,405,Offer_New_Phone,Smartphone_Trade_In_Deal,0
C1663,Galle,46-60,50GB,40.4,20.4,10.2,1430,38,4626,10,6,4G_Mobile,0,5G,1,0.28,3,Rejected,28,No_Action,No_Offer,1
C1664,Negombo,18-25,20GB,20.1,9.7,7.7,1573,117,3518,17,3,4G_Mobile,0,5G,0,0.14,4,Ignored,328,Upgrade_to_50GB,5GB_Bonus,1
C1665,Kurunegala,18-25,20GB,62.3,19.6,12.7,1727,390,1737,17,3,5G_Mobile,1,5G,1,0.26,0,Rejected,454,Buy_Social_Media_Package,Social_Boost_Pack,0
C1666,Galle,18-25,20GB,43.4,18.4,11.6,443,180,2687,11,6,Basic_Phone,0,4G,0,0.44,7,Ignored,482,Upgrade_to_50GB,5GB_Bonus,0
C1667,Galle,18-25,20GB,92.5,26.4,30.6,1689,450,4005,10,2,4G_Mobile,0,4G,0,0.99,7,Rejected,149,Buy_Social_Media_Package,Social_Boost_Pack,0
C1668,Negombo,46-60,50GB,13.9,5.4,2.3,1870,328,7878,5,1,4G_Mobile,0,4G,0,0.09,1,Accepted,100,Offer_Voice_Pack,Unlimited_Local_Voice,1
C1669,Colombo,46-60,50GB,41.8,10.1,4.8,876,218,3763,9,0,4G_Mobile,0,4G,1,0.68,3,Accepted,239,Retention_Offer,Service_Recovery_Pack,1
C1670,Colombo,36-45,20GB,59.7,21.9,15.3,1724,275,3354,18,1,5G_Mobile,1,5G,1,0.57,7,Ignored,497,Buy_Social_Media_Package,Social_Boost_Pack,1
C1671,Kurunegala,46-60,20GB,115.5,64.4,15.2,815,209,8728,3,5,5G_Mobile,1,5G,0,0.82,7,Ignored,485,Buy_Social_Media_Package,Social_Boost_Pack,0
C1672,Negombo,26-35,20GB,67.6,35.6,23.9,1725,188,4962,22,2,4G_Mobile,0,5G,0,0.43,3,Ignored,363,Buy_Social_Media_Package,Social_Boost_Pack,1
C1673,Colombo,26-35,50GB,82.9,27.2,21.3,1491,361,1164,18,10,Basic_Phone,0,5G,0,0.24,2,Ignored,172,Buy_Social_Media_Package,Social_Unlimited_Add_On,0
C1674,Kandy,26-35,20GB,50.0,12.8,18.2,1603,6,8498,5,3,Basic_Phone,0,4G,0,0.4,8,Ignored,258,Buy_Social_Media_Package,Social_Boost_Pack,0
C1675,Galle,18-25,100GB,53.0,13.2,20.0,174,223,9381,2,3,5G_Mobile,1,4G,0,0.73,5,Rejected,10,Retention_Offer,20Percent_Loyalty_Discount,1
C1676,Negombo,36-45,20GB,67.7,23.7,18.3,1523,432,3208,25,10,5G_Mobile,1,4G,0,0.57,2,Accepted,103,Buy_Social_Media_Package,Social_Boost_Pack,0
C1677,Colombo,18-25,100GB,95.0,19.9,30.3,1439,213,704,19,3,Basic_Phone,0,5G,1,0.3,2,Rejected,476,No_Action,No_Offer,1
C1678,Kurunegala,46-60,100GB,97.2,54.7,12.9,1628,486,1079,6,2,4G_Mobile,0,4G,0,0.73,0,Ignored,491,Offer_Home_Router,Router_Bundle_Deal,1
C1679,Colombo,18-25,10GB,30.5,14.2,11.2,527,445,6349,13,2,Basic_Phone,0,4G,0,0.89,4,Rejected,194,Offer_New_Phone,Smartphone_Trade_In_Deal,1
C1680,Kurunegala,46-60,20GB,8.8,2.8,0.9,398,143,7589,4,10,5G_Mobile,1,4G,1,0.19,8,Rejected,492,Upgrade_to_5G_SIM,Free_SIM_Replacement,1
C1681,Jaffna,36-45,100GB,22.6,7.7,8.4,1171,337,11549,16,5,5G_Mobile,1,4G,0,0.17,4,Accepted,216,Upgrade_to_5G_SIM,Free_SIM_Replacement,1
C1682,Kurunegala,26-35,20GB,82.7,18.7,28.5,1369,210,2787,2,6,5G_Mobile,1,5G,1,0.69,8,Accepted,146,Buy_Social_Media_Package,Social_Boost_Pack,0
C1683,Colombo,18-25,20GB,95.7,52.8,15.1,483,200,6222,10,1,Basic_Phone,0,5G,1,0.55,5,Accepted,311,Buy_Social_Media_Package,Social_Boost_Pack,0
C1684,Kandy,36-45,10GB,39.0,16.8,15.5,1530,370,3717,19,2,4G_Mobile,0,5G,1,0.33,0,Rejected,79,Buy_Social_Media_Package,Social_Boost_Pack,0
C1685,Negombo,26-35,100GB,114.2,66.2,26.4,98,365,8182,25,2,4G_Mobile,0,4G,0,0.13,0,Accepted,189,Offer_Home_Router,Router_Bundle_Deal,0
C1686,Jaffna,26-35,100GB,91.5,46.3,36.0,1076,495,7933,12,8,5G_Mobile,1,4G,0,0.15,4,Ignored,406,Offer_Home_Router,Router_Bundle_Deal,1
C1687,Colombo,26-35,10GB,106.0,56.5,40.3,372,451,11908,23,9,Basic_Phone,0,5G,0,0.9,8,Ignored,427,Buy_Social_Media_Package,Social_Boost_Pack,0
C1688,Matara,36-45,50GB,96.3,41.1,13.3,90,150,10906,19,6,Basic_Phone,0,5G,0,0.4,4,Rejected,246,Offer_New_Phone,Smartphone_Trade_In_Deal,0
C1689,Kandy,46-60,20GB,105.7,59.4,20.8,884,415,1780,23,8,5G_Mobile,1,4G,0,0.62,1,Rejected,403,Buy_Social_Media_Package,Social_Boost_Pack,0
C1690,Colombo,18-25,100GB,45.2,17.0,7.3,326,402,2741,10,10,5G_Mobile,1,5G,1,0.74,6,Ignored,291,Retention_Offer,20Percent_Loyalty_Discount,1
C1691,Kurunegala,46-60,20GB,57.3,25.1,11.6,1447,378,4796,15,8,4G_Mobile,0,5G,0,0.33,2,Ignored,438,Upgrade_to_50GB,5GB_Bonus,1
C1692,Jaffna,36-45,50GB,26.6,7.5,6.0,208,88,10930,11,4,4G_Mobile,0,4G,1,0.73,8,Ignored,443,Retention_Offer,20Percent_Loyalty_Discount,0
C1693,Kurunegala,18-25,10GB,119.5,61.2,23.7,1770,375,4666,5,5,4G_Mobile,0,5G,1,0.39,7,Ignored,9,Buy_Social_Media_Package,Social_Boost_Pack,0
C1694,Colombo,26-35,10GB,85.8,28.0,9.1,1035,235,9732,7,2,Basic_Phone,0,5G,1,0.86,2,Rejected,326,Offer_New_Phone,Smartphone_Trade_In_Deal,1
C1695,Matara,26-35,20GB,47.6,26.3,17.1,1497,460,5349,23,3,Basic_Phone,0,5G,0,0.85,5,Ignored,308,Buy_Social_Media_Package,Social_Boost_Pack,1
C1696,Negombo,18-25,10GB,10.7,4.6,3.2,958,263,6017,21,2,Basic_Phone,0,4G,0,0.87,5,Rejected,149,Offer_New_Phone,Smartphone_Trade_In_Deal,0
C1697,Galle,36-45,20GB,36.2,13.4,10.4,1036,312,4163,7,5,Basic_Phone,0,5G,0,0.87,2,Accepted,329,Upgrade_to_50GB,5GB_Bonus,0
C1698,Matara,36-45,100GB,20.2,9.3,3.2,1695,319,3292,15,9,5G_Mobile,1,5G,1,0.06,8,Rejected,359,No_Action,No_Offer,1
C1699,Colombo,36-45,20GB,51.2,22.7,13.7,1262,39,1667,25,1,4G_Mobile,0,5G,0,0.95,7,Rejected,157,Buy_Social_Media_Package,Social_Boost_Pack,1
C1700,Colombo,18-25,100GB,66.9,14.5,23.3,1821,223,8828,14,8,Basic_Phone,0,4G,1,0.94,7,Rejected,454,Offer_New_Phone,Smartphone_Trade_In_Deal,1
C1701,Kurunegala,18-25,100GB,63.1,26.1,11.7,1897,449,7560,25,2,4G_Mobile,0,4G,0,0.33,3,Accepted,390,Offer_Voice_Pack,Unlimited_Local_Voice,0
C1702,Colombo,46-60,100GB,52.9,28.4,20.8,402,44,11339,5,3,Basic_Phone,0,4G,0,0.29,6,Ignored,231,Offer_New_Phone,Smartphone_Trade_In_Deal,0
C1703,Kurunegala,18-25,100GB,107.6,53.5,17.9,1261,122,7480,7,4,4G_Mobile,0,4G,0,0.98,5,Accepted,156,Offer_Home_Router,Router_Bundle_Deal,0
C1704,Galle,46-60,20GB,105.6,24.2,24.8,1180,318,5584,8,2,Basic_Phone,0,4G,0,0.07,7,Accepted,315,Buy_Social_Media_Package,Social_Boost_Pack,1
C1705,Kurunegala,18-25,20GB,100.8,52.6,34.4,432,476,10625,11,10,Basic_Phone,0,5G,0,0.26,6,Ignored,303,Buy_Social_Media_Package,Social_Boost_Pack,1
C1706,Galle,18-25,100GB,30.3,6.7,5.9,147,215,8732,11,7,4G_Mobile,0,5G,1,0.87,8,Accepted,329,Retention_Offer,20Percent_Loyalty_Discount,0
C1707,Matara,46-60,100GB,74.1,33.0,24.7,1325,78,4072,6,5,Basic_Phone,0,5G,1,0.01,3,Rejected,223,No_Action,No_Offer,1
C1708,Colombo,46-60,10GB,65.1,32.6,7.8,1696,438,3589,22,9,5G_Mobile,1,4G,0,0.78,3,Ignored,96,Upgrade_to_20GB,Data_Saver_Pack,1
C1709,Galle,26-35,100GB,61.4,27.4,11.9,1044,433,10731,13,10,4G_Mobile,0,4G,0,0.05,4,Rejected,7,Offer_Home_Router,Router_Bundle_Deal,1
C1710,Matara,18-25,10GB,24.9,5.3,4.1,1431,164,3285,23,7,5G_Mobile,1,5G,1,0.44,2,Ignored,421,Upgrade_to_20GB,Data_Saver_Pack,0
C1711,Colombo,36-45,50GB,26.3,11.5,8.8,874,6,6915,2,10,4G_Mobile,0,4G,1,0.42,0,Rejected,78,No_Action,No_Offer,0
C1712,Colombo,26-35,20GB,62.6,15.3,21.9,410,484,2218,21,7,Basic_Phone,0,4G,1,0.46,6,Accepted,296,Buy_Social_Media_Package,Social_Boost_Pack,0
C1713,Kurunegala,46-60,100GB,105.6,41.1,16.8,482,164,9787,1,9,Basic_Phone,0,4G,0,0.12,1,Accepted,111,Offer_New_Phone,Smartphone_Trade_In_Deal,1
C1714,Galle,26-35,100GB,85.8,35.0,29.9,1405,368,2428,9,3,4G_Mobile,0,4G,0,0.68,4,Ignored,7,Offer_Home_Router,Router_Bundle_Deal,0
C1715,Kurunegala,36-45,50GB,83.8,24.8,13.8,374,282,9314,10,10,4G_Mobile,0,5G,0,0.49,3,Rejected,348,Offer_New_Phone,5G_Phone_Upgrade_Offer,1
C1716,Galle,18-25,20GB,9.8,4.2,3.3,1799,238,2208,2,7,Basic_Phone,0,5G,0,0.87,1,Ignored,449,Retention_Offer,20Percent_Loyalty_Discount,1
C1717,Negombo,26-35,10GB,26.4,11.3,3.7,119,251,8193,4,6,4G_Mobile,0,5G,1,0.78,7,Ignored,70,Upgrade_to_20GB,Data_Saver_Pack,0
C1718,Colombo,26-35,50GB,95.1,56.3,35.9,790,72,1590,6,8,4G_Mobile,0,5G,0,0.78,7,Accepted,322,Buy_Social_Media_Package,Social_Unlimited_Add_On,1
C1719,Galle,36-45,50GB,57.1,19.5,11.9,1792,17,4505,17,9,Basic_Phone,0,4G,1,0.68,4,Accepted,475,Upgrade_to_100GB,10GB_Bonus,1
C1720,Kandy,46-60,20GB,8.9,4.4,3.4,740,385,9239,21,9,4G_Mobile,0,4G,0,0.58,2,Rejected,232,No_Action,No_Offer,0
C1721,Matara,18-25,100GB,69.4,36.2,24.6,862,81,6587,21,1,4G_Mobile,0,5G,1,0.4,2,Rejected,495,No_Action,No_Offer,1
C1722,Kurunegala,36-45,100GB,7.0,1.9,2.0,635,372,8635,20,0,4G_Mobile,0,4G,1,0.01,6,Accepted,435,Cross_Sell_Add_On,First_Add_On_Free,0
C1723,Colombo,26-35,10GB,107.2,25.3,17.4,1521,482,1951,18,8,5G_Mobile,1,5G,1,0.61,2,Ignored,61,Buy_Social_Media_Package,Social_Boost_Pack,1
C1724,Kurunegala,18-25,20GB,37.6,14.0,5.6,1977,245,9315,2,7,Basic_Phone,0,5G,0,0.12,1,Ignored,219,Offer_New_Phone,Smartphone_Trade_In_Deal,1
C1725,Colombo,18-25,20GB,28.1,16.3,3.2,515,98,2583,12,4,4G_Mobile,0,5G,0,0.7,5,Accepted,399,Upgrade_to_50GB,5GB_Bonus,1
C1726,Galle,26-35,50GB,117.9,67.2,12.3,682,495,4382,1,8,4G_Mobile,0,4G,0,0.83,0,Accepted,277,Upgrade_to_100GB,10GB_Bonus,0
C1727,Colombo,46-60,10GB,90.0,47.1,9.6,743,422,7620,24,6,4G_Mobile,0,5G,0,0.9,1,Accepted,17,Offer_New_Phone,5G_Phone_Upgrade_Offer,1
C1728,Matara,18-25,100GB,119.2,49.2,25.8,838,5,10228,25,0,5G_Mobile,1,5G,1,0.68,4,Rejected,452,Retention_Offer,Service_Recovery_Pack,0
C1729,Galle,36-45,50GB,110.9,45.2,37.5,1277,473,3418,25,5,4G_Mobile,0,4G,1,0.66,7,Accepted,298,Buy_Social_Media_Package,Social_Unlimited_Add_On,1
C1730,Negombo,36-45,20GB,98.9,37.1,35.5,1804,134,5050,2,8,Basic_Phone,0,4G,0,0.83,8,Rejected,337,Buy_Social_Media_Package,Social_Boost_Pack,0
C1731,Galle,46-60,50GB,75.8,41.4,16.8,93,288,5214,21,0,5G_Mobile,1,5G,1,0.06,8,Accepted,94,Upgrade_to_100GB,10GB_Bonus,1
C1732,Kurunegala,26-35,50GB,87.0,24.9,29.7,1700,184,10688,3,10,Basic_Phone,0,5G,1,0.53,1,Ignored,106,Buy_Social_Media_Package,Social_Unlimited_Add_On,1
C1733,Kurunegala,26-35,10GB,28.8,10.3,6.6,681,25,7742,23,8,5G_Mobile,1,5G,1,0.14,5,Rejected,372,Upgrade_to_20GB,Data_Saver_Pack,0
C1734,Kurunegala,36-45,20GB,107.2,49.4,29.6,297,275,5057,15,7,5G_Mobile,1,5G,1,0.82,0,Accepted,52,Buy_Social_Media_Package,Social_Boost_Pack,1
C1735,Matara,18-25,10GB,119.0,48.8,12.7,1738,361,4506,24,0,5G_Mobile,1,4G,1,0.22,3,Accepted,327,Buy_Social_Media_Package,Social_Boost_Pack,1
C1736,Jaffna,36-45,10GB,88.0,38.5,31.4,919,228,10137,25,10,Basic_Phone,0,4G,1,0.59,5,Rejected,10,Buy_Social_Media_Package,Social_Boost_Pack,1
C1737,Matara,18-25,20GB,66.1,19.6,11.8,1118,215,4590,8,9,4G_Mobile,0,5G,0,0.56,1,Ignored,274,Upgrade_to_50GB,5GB_Bonus,0
C1738,Matara,46-60,20GB,49.5,18.4,8.7,765,74,11887,8,2,Basic_Phone,0,4G,0,0.04,5,Rejected,402,Offer_New_Phone,Smartphone_Trade_In_Deal,0
C1739,Jaffna,46-60,50GB,56.6,17.6,15.5,483,75,7302,1,3,5G_Mobile,1,5G,1,0.81,1,Rejected,252,Upgrade_to_100GB,10GB_Bonus,0
C1740,Kurunegala,36-45,50GB,85.7,22.0,19.1,225,252,10682,19,1,Basic_Phone,0,4G,1,0.82,0,Accepted,103,Offer_New_Phone,Smartphone_Trade_In_Deal,1
C1741,Negombo,18-25,50GB,28.6,15.2,6.3,648,147,11414,4,3,Basic_Phone,0,5G,0,0.18,6,Accepted,317,Offer_New_Phone,Smartphone_Trade_In_Deal,1
C1742,Jaffna,18-25,100GB,39.7,18.2,13.1,1707,425,960,13,8,5G_Mobile,1,4G,0,0.25,2,Accepted,464,Upgrade_to_5G_SIM,Free_SIM_Replacement,0
C1743,Negombo,26-35,10GB,61.4,22.8,24.0,1550,383,2769,8,9,4G_Mobile,0,4G,1,0.97,6,Ignored,409,Buy_Social_Media_Package,Social_Boost_Pack,0
C1744,Kurunegala,18-25,20GB,7.5,3.9,2.2,1521,298,10153,4,3,4G_Mobile,0,5G,0,0.19,0,Accepted,463,No_Action,No_Offer,0
C1745,Matara,18-25,100GB,80.5,18.2,30.7,1512,358,11784,18,0,5G_Mobile,1,5G,1,0.99,5,Ignored,335,Retention_Offer,20Percent_Loyalty_Discount,0
C1746,Jaffna,18-25,20GB,79.7,26.5,15.7,1499,211,2507,24,0,4G_Mobile,0,4G,0,0.8,3,Accepted,382,Buy_Social_Media_Package,Social_Boost_Pack,0
C1747,Kandy,26-35,50GB,49.6,12.1,7.2,316,409,11092,18,1,5G_Mobile,1,4G,0,0.99,3,Ignored,467,Upgrade_to_100GB,10GB_Bonus,0
C1748,Kandy,26-35,10GB,20.4,5.4,2.3,1065,357,1657,18,2,Basic_Phone,0,4G,1,0.99,0,Ignored,70,Upgrade_to_20GB,Data_Saver_Pack,1
C1749,Matara,18-25,10GB,29.9,10.1,10.7,751,258,2452,7,8,4G_Mobile,0,5G,0,0.65,5,Rejected,255,Upgrade_to_20GB,Data_Saver_Pack,1
C1750,Galle,18-25,50GB,86.4,31.6,32.8,221,225,7574,2,7,5G_Mobile,1,5G,1,0.36,6,Rejected,423,Buy_Social_Media_Package,Social_Unlimited_Add_On,1
C1751,Negombo,18-25,50GB,109.6,26.8,23.0,544,260,8163,12,10,4G_Mobile,0,4G,0,0.89,1,Ignored,158,Buy_Social_Media_Package,Social_Unlimited_Add_On,0
C1752,Kandy,26-35,10GB,110.7,23.6,44.2,1825,136,2338,22,0,5G_Mobile,1,5G,1,0.68,8,Ignored,239,Buy_Social_Media_Package,Social_Boost_Pack,1
C1753,Colombo,36-45,100GB,10.3,6.0,4.1,64,349,1550,12,7,Basic_Phone,0,4G,0,0.22,4,Ignored,321,Offer_Home_Router,Fibre_Broadband_Trial,1
C1754,Kandy,36-45,50GB,9.4,2.8,1.9,90,420,10712,25,7,Basic_Phone,0,5G,0,0.38,2,Accepted,277,Offer_New_Phone,Smartphone_Trade_In_Deal,1
C1755,Negombo,18-25,20GB,109.9,53.2,20.8,1983,33,4157,16,1,Basic_Phone,0,4G,1,0.43,7,Accepted,32,Buy_Social_Media_Package,Social_Boost_Pack,0
C1756,Colombo,46-60,10GB,75.3,42.6,9.4,346,105,10795,9,5,Basic_Phone,0,5G,1,0.24,3,Accepted,118,Offer_New_Phone,Smartphone_Trade_In_Deal,0
C1757,Kandy,36-45,20GB,39.6,16.0,6.8,58,465,5184,8,5,4G_Mobile,0,4G,0,0.8,5,Ignored,28,Upgrade_to_50GB,5GB_Bonus,1
C1758,Jaffna,36-45,20GB,2.7,1.3,0.9,112,88,8975,21,2,4G_Mobile,0,5G,0,0.79,8,Rejected,413,Retention_Offer,20Percent_Loyalty_Discount,1
C1759,Jaffna,46-60,10GB,97.2,36.3,13.1,466,313,4834,4,5,Basic_Phone,0,5G,1,0.05,2,Rejected,50,Buy_Social_Media_Package,Social_Boost_Pack,1
C1760,Matara,36-45,10GB,96.2,31.0,15.6,812,484,1515,15,4,5G_Mobile,1,4G,0,0.98,8,Rejected,385,Buy_Social_Media_Package,Social_Boost_Pack,1
C1761,Negombo,36-45,20GB,19.4,6.8,5.2,1222,12,1995,25,10,5G_Mobile,1,5G,1,0.85,0,Accepted,367,Upgrade_to_50GB,5GB_Bonus,0
C1762,Kandy,36-45,50GB,3.6,1.6,1.4,358,58,587,16,6,4G_Mobile,0,4G,0,0.55,8,Rejected,294,Retention_Offer,Service_Recovery_Pack,1
C1763,Jaffna,18-25,10GB,118.4,68.2,16.3,110,242,605,18,1,Basic_Phone,0,5G,0,0.67,3,Rejected,260,Buy_Social_Media_Package,Social_Boost_Pack,0
C1764,Kurunegala,46-60,10GB,57.0,24.5,11.7,265,41,10735,6,4,4G_Mobile,0,4G,0,0.74,3,Ignored,257,Upgrade_to_20GB,Data_Saver_Pack,0
C1765,Galle,18-25,20GB,5.9,3.3,2.2,1694,336,1234,7,6,5G_Mobile,1,5G,0,0.45,0,Accepted,118,No_Action,No_Offer,0
C1766,Jaffna,36-45,20GB,74.3,20.3,23.1,1058,348,9846,2,0,4G_Mobile,0,5G,1,0.47,3,Ignored,257,Buy_Social_Media_Package,Social_Boost_Pack,1
C1767,Kandy,46-60,10GB,102.4,32.6,35.1,1196,235,4497,11,2,4G_Mobile,0,5G,0,0.28,4,Ignored,492,Buy_Social_Media_Package,Social_Boost_Pack,1
C1768,Galle,36-45,20GB,58.9,22.9,13.4,311,293,4234,8,7,4G_Mobile,0,5G,1,0.05,0,Ignored,334,Buy_Social_Media_Package,Social_Boost_Pack,0
C1769,Matara,26-35,50GB,3.5,1.0,0.7,467,38,7800,3,7,4G_Mobile,0,4G,1,0.22,8,Accepted,391,No_Action,No_Offer,0
C1770,Negombo,26-35,10GB,111.2,32.4,33.8,488,64,4519,22,5,4G_Mobile,0,4G,1,0.11,3,Ignored,9,Buy_Social_Media_Package,Social_Boost_Pack,0
C1771,Kurunegala,46-60,10GB,38.7,18.5,9.0,434,308,1360,18,6,4G_Mobile,0,4G,1,0.07,0,Rejected,224,Upgrade_to_20GB,Data_Saver_Pack,0
C1772,Negombo,46-60,20GB,24.0,8.9,6.8,1441,248,7440,2,4,4G_Mobile,0,5G,0,0.16,7,Accepted,313,Upgrade_to_50GB,5GB_Bonus,0
C1773,Jaffna,46-60,50GB,11.6,5.1,1.5,155,27,2710,21,1,Basic_Phone,0,5G,0,0.79,2,Accepted,488,Retention_Offer,20Percent_Loyalty_Discount,0
C1774,Kurunegala,46-60,50GB,82.1,27.6,13.8,225,167,11083,16,6,4G_Mobile,0,4G,0,0.88,8,Rejected,44,Upgrade_to_100GB,10GB_Bonus,0
C1775,Galle,36-45,50GB,91.6,50.8,32.1,1697,254,8972,2,1,5G_Mobile,1,4G,0,0.31,5,Rejected,461,Buy_Social_Media_Package,Social_Unlimited_Add_On,0
C1776,Jaffna,18-25,50GB,92.9,35.5,13.6,796,351,9589,12,8,Basic_Phone,0,4G,0,0.02,8,Rejected,223,Offer_New_Phone,Smartphone_Trade_In_Deal,0
C1777,Jaffna,18-25,20GB,39.3,13.1,13.4,331,279,3716,12,2,4G_Mobile,0,5G,1,0.72,3,Accepted,107,Buy_Social_Media_Package,Social_Boost_Pack,1
C1778,Colombo,36-45,20GB,69.0,36.2,9.4,1411,430,2484,19,4,4G_Mobile,0,5G,0,0.08,7,Accepted,353,Upgrade_to_50GB,5GB_Bonus,0
C1779,Negombo,36-45,50GB,39.4,9.8,13.8,759,124,6885,21,0,5G_Mobile,1,5G,1,0.65,8,Rejected,461,Retention_Offer,Service_Recovery_Pack,1
C1780,Colombo,36-45,50GB,59.8,32.8,8.7,893,114,8617,8,2,4G_Mobile,0,5G,1,0.37,7,Ignored,452,Upgrade_to_100GB,10GB_Bonus,0
C1781,Jaffna,18-25,100GB,93.5,22.4,12.6,1857,397,1634,4,8,4G_Mobile,0,5G,0,0.66,1,Ignored,16,Offer_New_Phone,5G_Phone_Upgrade_Offer,0
C1782,Kurunegala,46-60,10GB,74.2,21.2,20.3,458,398,5112,16,7,5G_Mobile,1,4G,0,0.49,7,Ignored,416,Buy_Social_Media_Package,Social_Boost_Pack,0
C1783,Kurunegala,26-35,10GB,93.3,49.8,25.5,1923,202,5844,8,3,Basic_Phone,0,5G,0,0.42,8,Ignored,252,Buy_Social_Media_Package,Social_Boost_Pack,1
C1784,Negombo,18-25,10GB,69.5,37.9,7.0,479,452,7460,11,3,Basic_Phone,0,5G,0,0.01,7,Ignored,494,Offer_New_Phone,Smartphone_Trade_In_Deal,0
C1785,Galle,26-35,10GB,14.6,3.7,3.3,1609,240,11431,7,0,Basic_Phone,0,4G,1,0.52,6,Ignored,305,Offer_New_Phone,Smartphone_Trade_In_Deal,1
C1786,Kurunegala,36-45,20GB,66.1,20.4,16.3,1566,367,3469,21,2,Basic_Phone,0,4G,0,0.26,4,Accepted,189,Buy_Social_Media_Package,Social_Boost_Pack,0
C1787,Kandy,26-35,100GB,43.6,14.0,13.0,50,384,6878,12,7,5G_Mobile,1,5G,0,0.31,2,Accepted,209,No_Action,No_Offer,0
C1788,Kandy,46-60,10GB,97.3,32.8,31.6,1196,175,1134,7,6,5G_Mobile,1,4G,1,0.76,2,Accepted,482,Buy_Social_Media_Package,Social_Boost_Pack,1
C1789,Negombo,26-35,10GB,42.4,22.0,4.9,724,92,3081,1,8,5G_Mobile,1,5G,1,0.72,3,Rejected,391,Upgrade_to_20GB,Data_Saver_Pack,1
C1790,Negombo,46-60,20GB,38.4,21.6,4.7,1578,269,1108,24,5,Basic_Phone,0,5G,0,0.6,1,Accepted,429,Upgrade_to_50GB,5GB_Bonus,0
C1791,Colombo,36-45,10GB,4.3,2.1,1.3,1387,482,2949,3,10,4G_Mobile,0,4G,1,0.02,2,Rejected,429,No_Action,No_Offer,1
C1792,Kurunegala,26-35,20GB,83.2,25.9,20.4,1146,124,4848,2,2,Basic_Phone,0,5G,1,0.84,8,Ignored,431,Buy_Social_Media_Package,Social_Boost_Pack,1
C1793,Jaffna,18-25,20GB,65.0,16.4,17.3,973,203,1556,20,4,4G_Mobile,0,4G,0,0.25,2,Ignored,385,Buy_Social_Media_Package,Social_Boost_Pack,1
C1794,Colombo,46-60,50GB,105.0,62.6,28.9,777,403,3377,25,10,Basic_Phone,0,5G,0,0.55,7,Accepted,491,Buy_Social_Media_Package,Social_Unlimited_Add_On,1
C1795,Galle,18-25,10GB,25.3,8.1,3.7,183,293,6283,6,4,4G_Mobile,0,4G,0,0.42,4,Accepted,314,Upgrade_to_20GB,Data_Saver_Pack,1
C1796,Negombo,36-45,50GB,18.3,7.7,3.0,288,457,9238,17,9,4G_Mobile,0,5G,0,0.47,8,Accepted,226,No_Action,No_Offer,0
C1797,Kurunegala,18-25,50GB,31.8,7.2,3.6,1977,330,11817,8,1,5G_Mobile,1,5G,0,0.59,5,Accepted,123,Offer_Voice_Pack,Unlimited_Local_Voice,1
C1798,Jaffna,36-45,20GB,76.9,41.5,21.0,511,388,7981,15,8,5G_Mobile,1,4G,0,0.53,3,Rejected,325,Buy_Social_Media_Package,Social_Boost_Pack,0
C1799,Galle,26-35,50GB,28.1,12.8,7.2,1273,190,691,10,5,4G_Mobile,0,5G,0,0.66,2,Ignored,71,No_Action,No_Offer,1
C1800,Galle,26-35,20GB,100.6,42.8,29.1,288,224,7844,1,5,5G_Mobile,1,4G,1,0.48,0,Ignored,435,Buy_Social_Media_Package,Social_Boost_Pack,1
C1801,Colombo,18-25,20GB,84.6,35.1,16.0,1138,318,5797,23,3,5G_Mobile,1,5G,1,0.41,2,Rejected,299,Buy_Social_Media_Package,Social_Boost_Pack,0
C1802,Kandy,46-60,50GB,95.4,21.5,19.1,264,444,7377,23,1,4G_Mobile,0,5G,0,0.49,8,Accepted,328,Offer_New_Phone,5G_Phone_Upgrade_Offer,1
C1803,Matara,46-60,20GB,97.6,55.6,29.0,1299,30,6670,11,2,4G_Mobile,0,5G,1,0.01,0,Ignored,447,Buy_Social_Media_Package,Social_Boost_Pack,0
C1804,Kandy,36-45,20GB,65.7,13.3,13.1,587,161,5652,17,10,4G_Mobile,0,5G,0,0.07,8,Accepted,477,Buy_Social_Media_Package,Social_Boost_Pack,0
C1805,Negombo,46-60,10GB,84.9,37.3,24.0,1525,128,11785,15,10,4G_Mobile,0,5G,1,0.93,2,Accepted,441,Buy_Social_Media_Package,Social_Boost_Pack,0
C1806,Negombo,46-60,10GB,67.1,18.2,9.1,558,182,2878,8,8,Basic_Phone,0,5G,1,0.56,3,Ignored,39,Upgrade_to_20GB,Data_Saver_Pack,1
C1807,Galle,46-60,100GB,39.6,10.0,7.1,357,333,2567,11,5,Basic_Phone,0,5G,1,0.18,2,Ignored,368,No_Action,No_Offer,0
C1808,Negombo,46-60,10GB,107.8,46.7,18.3,225,40,2144,7,5,4G_Mobile,0,4G,0,0.97,7,Accepted,249,Buy_Social_Media_Package,Social_Boost_Pack,1
C1809,Negombo,26-35,10GB,58.7,28.0,19.3,201,142,738,19,2,5G_Mobile,1,5G,1,0.45,6,Accepted,242,Buy_Social_Media_Package,Social_Boost_Pack,0
C1810,Matara,18-25,10GB,113.4,52.7,45.2,1726,329,8972,10,10,Basic_Phone,0,5G,1,0.41,2,Accepted,95,Buy_Social_Media_Package,Social_Boost_Pack,0
C1811,Negombo,26-35,100GB,88.7,38.2,12.7,1752,188,634,3,8,5G_Mobile,1,4G,1,0.83,7,Rejected,258,Retention_Offer,20Percent_Loyalty_Discount,0
C1812,Colombo,36-45,20GB,92.3,45.4,35.4,315,105,6752,20,0,5G_Mobile,1,5G,1,0.42,6,Rejected,54,Buy_Social_Media_Package,Social_Boost_Pack,0
C1813,Colombo,26-35,20GB,119.0,38.8,42.8,1774,273,4834,22,4,4G_Mobile,0,4G,1,0.34,7,Rejected,83,Buy_Social_Media_Package,Social_Boost_Pack,0
C1814,Colombo,26-35,20GB,104.5,56.1,34.9,1075,175,7741,7,6,Basic_Phone,0,4G,0,0.95,2,Accepted,326,Buy_Social_Media_Package,Social_Boost_Pack,0
C1815,Matara,36-45,10GB,81.0,17.6,17.3,1468,416,4576,13,4,Basic_Phone,0,5G,0,0.27,1,Rejected,70,Buy_Social_Media_Package,Social_Boost_Pack,0
C1816,Jaffna,26-35,100GB,93.5,41.7,14.7,1845,168,2265,10,7,4G_Mobile,0,5G,1,0.92,4,Ignored,85,Offer_New_Phone,5G_Phone_Upgrade_Offer,1
C1817,Jaffna,26-35,20GB,25.0,9.1,9.5,1577,368,11689,6,7,5G_Mobile,1,4G,0,0.55,3,Rejected,20,Upgrade_to_50GB,5GB_Bonus,1
C1818,Negombo,26-35,50GB,93.4,52.8,20.7,1215,9,11332,15,3,4G_Mobile,0,5G,1,0.43,2,Accepted,449,Buy_Social_Media_Package,Social_Unlimited_Add_On,1
C1819,Galle,36-45,20GB,96.1,37.7,16.3,142,121,4790,16,0,Basic_Phone,0,5G,1,0.17,7,Accepted,106,Buy_Social_Media_Package,Social_Boost_Pack,1
C1820,Matara,36-45,50GB,32.5,9.7,9.2,900,301,11011,5,4,4G_Mobile,0,5G,1,0.04,5,Accepted,219,No_Action,No_Offer,0
C1821,Colombo,18-25,10GB,119.2,24.7,29.6,1046,453,10897,1,10,Basic_Phone,0,5G,0,0.56,1,Ignored,494,Buy_Social_Media_Package,Social_Boost_Pack,1
C1822,Colombo,26-35,100GB,118.5,67.3,40.3,994,260,10067,12,0,5G_Mobile,1,4G,1,0.17,5,Accepted,418,Upgrade_to_5G_SIM,Free_SIM_Replacement,1
C1823,Kandy,26-35,50GB,26.7,13.1,8.1,127,127,1365,23,9,4G_Mobile,0,4G,0,0.61,1,Rejected,342,No_Action,No_Offer,1
C1824,Jaffna,26-35,100GB,38.2,17.9,10.5,1770,297,663,4,1,4G_Mobile,0,5G,1,0.41,5,Ignored,226,No_Action,No_Offer,0
C1825,Colombo,36-45,100GB,99.6,43.3,34.7,862,373,8074,13,8,Basic_Phone,0,5G,0,0.23,7,Ignored,95,Offer_New_Phone,Smartphone_Trade_In_Deal,0
C1826,Matara,18-25,100GB,86.6,17.7,16.7,1859,279,7683,2,4,5G_Mobile,1,5G,0,0.51,2,Ignored,434,Offer_Home_Router,Router_Bundle_Deal,0
C1827,Kurunegala,46-60,50GB,18.5,10.5,2.6,964,146,11076,24,7,Basic_Phone,0,4G,0,0.25,8,Rejected,418,Offer_New_Phone,Smartphone_Trade_In_Deal,1
C1828,Kurunegala,26-35,20GB,61.8,36.6,20.8,1858,50,4882,14,7,Basic_Phone,0,4G,1,0.85,3,Accepted,135,Buy_Social_Media_Package,Social_Boost_Pack,1
C1829,Matara,26-35,20GB,71.5,29.3,17.8,453,411,10448,24,2,4G_Mobile,0,4G,1,0.32,8,Ignored,338,Buy_Social_Media_Package,Social_Boost_Pack,1
C1830,Kandy,26-35,10GB,107.9,63.6,29.0,1960,435,1586,22,7,5G_Mobile,1,4G,1,0.78,5,Rejected,98,Buy_Social_Media_Package,Social_Boost_Pack,1
C1831,Matara,18-25,50GB,55.9,26.4,9.2,463,383,5584,10,9,5G_Mobile,1,5G,1,0.04,2,Accepted,398,Upgrade_to_100GB,10GB_Bonus,1
C1832,Jaffna,18-25,100GB,100.2,52.9,32.7,1266,415,9379,18,5,5G_Mobile,1,5G,0,0.07,0,Accepted,18,Offer_Home_Router,Router_Bundle_Deal,0
C1833,Matara,26-35,10GB,69.6,40.0,18.5,742,154,8777,8,5,Basic_Phone,0,5G,0,0.73,1,Ignored,99,Buy_Social_Media_Package,Social_Boost_Pack,1
C1834,Kurunegala,18-25,100GB,71.2,37.7,22.0,1452,177,1550,16,1,4G_Mobile,0,4G,1,0.9,0,Accepted,390,Retention_Offer,20Percent_Loyalty_Discount,1
C1835,Kandy,18-25,100GB,65.6,27.2,8.1,258,499,8732,12,4,5G_Mobile,1,5G,1,0.35,8,Accepted,413,No_Action,No_Offer,0
C1836,Galle,26-35,10GB,55.8,15.5,15.8,1236,209,9146,16,3,Basic_Phone,0,4G,0,0.03,4,Rejected,303,Buy_Social_Media_Package,Social_Boost_Pack,0
C1837,Negombo,18-25,100GB,33.9,17.0,10.5,916,354,4292,23,9,Basic_Phone,0,4G,0,0.9,1,Accepted,381,Retention_Offer,20Percent_Loyalty_Discount,0
C1838,Matara,18-25,100GB,111.9,48.2,35.3,987,302,5197,11,8,4G_Mobile,0,5G,1,0.08,7,Rejected,69,Offer_New_Phone,5G_Phone_Upgrade_Offer,0
C1839,Galle,26-35,50GB,59.4,29.4,14.5,1251,199,11182,6,1,5G_Mobile,1,4G,1,0.91,3,Rejected,333,Upgrade_to_100GB,10GB_Bonus,1
C1840,Kurunegala,26-35,50GB,90.4,52.3,33.9,681,98,4948,22,2,5G_Mobile,1,4G,0,0.15,0,Ignored,406,Buy_Social_Media_Package,Social_Unlimited_Add_On,0
C1841,Negombo,36-45,20GB,112.8,26.3,34.4,330,461,7561,24,6,5G_Mobile,1,5G,1,0.12,2,Accepted,109,Buy_Social_Media_Package,Social_Boost_Pack,1
C1842,Jaffna,46-60,50GB,24.2,5.8,5.6,1524,7,10773,11,2,5G_Mobile,1,5G,1,0.17,4,Ignored,254,No_Action,No_Offer,0
C1843,Kurunegala,26-35,50GB,32.8,8.4,9.9,1106,390,5295,14,3,Basic_Phone,0,4G,1,0.3,2,Ignored,360,No_Action,No_Offer,1
C1844,Matara,46-60,50GB,62.3,29.8,19.6,759,176,10419,22,8,Basic_Phone,0,4G,0,0.08,4,Rejected,108,Offer_New_Phone,Smartphone_Trade_In_Deal,1
C1845,Negombo,26-35,50GB,50.9,10.6,11.0,1330,218,2109,25,8,5G_Mobile,1,4G,1,0.59,7,Accepted,336,Upgrade_to_100GB,10GB_Bonus,0
C1846,Negombo,18-25,100GB,30.6,11.3,9.7,732,355,8229,14,10,Basic_Phone,0,4G,0,0.83,2,Accepted,410,Offer_New_Phone,Smartphone_Trade_In_Deal,1
C1847,Galle,26-35,100GB,96.0,40.5,10.7,1502,56,9184,3,9,5G_Mobile,1,5G,1,0.92,8,Accepted,492,Retention_Offer,20Percent_Loyalty_Discount,0
C1848,Jaffna,36-45,20GB,95.2,22.8,19.8,523,284,6236,15,0,5G_Mobile,1,4G,0,0.95,2,Accepted,54,Buy_Social_Media_Package,Social_Boost_Pack,0
C1849,Negombo,36-45,100GB,71.1,24.9,22.2,1492,98,10067,10,7,5G_Mobile,1,4G,0,0.54,3,Rejected,258,Retention_Offer,Service_Recovery_Pack,0
C1850,Colombo,18-25,50GB,33.5,16.8,8.9,1817,441,1080,19,10,Basic_Phone,0,5G,0,0.49,5,Rejected,369,Offer_Voice_Pack,Unlimited_Local_Voice,0
C1851,Negombo,46-60,50GB,20.0,7.5,3.5,69,484,4446,8,5,5G_Mobile,1,4G,0,0.91,5,Rejected,13,Retention_Offer,20Percent_Loyalty_Discount,0
C1852,Jaffna,36-45,50GB,91.7,22.1,16.8,229,76,898,12,1,5G_Mobile,1,4G,0,0.31,0,Ignored,13,Upgrade_to_100GB,10GB_Bonus,1
C1853,Kurunegala,46-60,50GB,47.5,28.4,14.2,1869,225,3308,10,0,4G_Mobile,0,4G,1,0.04,4,Rejected,162,Upgrade_to_100GB,10GB_Bonus,0
C1854,Kurunegala,26-35,100GB,88.4,48.6,34.4,1850,361,8468,13,3,Basic_Phone,0,5G,0,0.2,8,Rejected,93,Offer_New_Phone,Smartphone_Trade_In_Deal,0
C1855,Colombo,26-35,20GB,116.9,65.7,34.1,1503,455,3988,19,4,4G_Mobile,0,4G,0,0.69,5,Accepted,176,Buy_Social_Media_Package,Social_Boost_Pack,1
C1856,Colombo,36-45,100GB,14.2,8.1,1.8,971,209,11224,15,6,4G_Mobile,0,4G,1,0.22,4,Rejected,54,No_Action,No_Offer,1
C1857,Negombo,36-45,10GB,111.9,58.0,15.1,1908,291,9420,21,3,5G_Mobile,1,4G,0,0.54,5,Accepted,62,Buy_Social_Media_Package,Social_Boost_Pack,1
C1858,Jaffna,46-60,50GB,12.3,6.2,3.8,1074,154,8388,14,5,5G_Mobile,1,4G,1,0.99,4,Rejected,96,Retention_Offer,20Percent_Loyalty_Discount,1
C1859,Kandy,18-25,20GB,35.3,12.4,11.7,1938,337,1015,16,6,Basic_Phone,0,5G,0,0.62,4,Ignored,384,Upgrade_to_50GB,5GB_Bonus,1
C1860,Kandy,26-35,100GB,104.9,52.1,38.4,1876,6,1883,8,4,Basic_Phone,0,5G,1,0.74,6,Accepted,135,Offer_Voice_Pack,Unlimited_Local_Voice,1
C1861,Colombo,46-60,20GB,56.4,11.3,16.9,660,110,8163,23,9,4G_Mobile,0,4G,1,0.2,8,Rejected,293,Buy_Social_Media_Package,Social_Boost_Pack,0
C1862,Galle,46-60,20GB,98.0,46.4,27.8,786,404,1397,9,10,5G_Mobile,1,4G,1,0.56,2,Ignored,284,Buy_Social_Media_Package,Social_Boost_Pack,0
C1863,Matara,36-45,20GB,79.2,40.2,18.7,531,290,5926,16,6,5G_Mobile,1,4G,1,0.3,3,Rejected,48,Buy_Social_Media_Package,Social_Boost_Pack,0
C1864,Galle,46-60,50GB,24.8,14.1,3.7,1639,445,8920,19,5,4G_Mobile,0,4G,0,0.36,6,Ignored,194,No_Action,No_Offer,0
C1865,Jaffna,18-25,20GB,104.9,24.6,22.8,1803,163,11818,25,6,4G_Mobile,0,5G,1,0.03,1,Rejected,242,Buy_Social_Media_Package,Social_Boost_Pack,1
C1866,Jaffna,26-35,50GB,22.2,10.1,2.6,1190,207,8823,3,7,Basic_Phone,0,4G,0,0.54,1,Accepted,326,Offer_New_Phone,Smartphone_Trade_In_Deal,1
C1867,Negombo,36-45,100GB,46.2,22.0,16.1,1416,478,3789,24,5,5G_Mobile,1,4G,1,0.47,2,Rejected,290,Upgrade_to_5G_SIM,Free_SIM_Replacement,0
C1868,Galle,26-35,20GB,110.6,41.8,21.8,564,167,5748,7,0,Basic_Phone,0,4G,1,0.39,0,Rejected,49,Buy_Social_Media_Package,Social_Boost_Pack,1
C1869,Jaffna,36-45,20GB,3.9,0.9,1.1,1378,497,5077,12,0,5G_Mobile,1,4G,0,0.93,3,Ignored,160,Retention_Offer,20Percent_Loyalty_Discount,1
C1870,Kurunegala,46-60,50GB,41.5,18.6,12.1,1830,280,5834,11,7,5G_Mobile,1,4G,0,0.43,6,Rejected,84,Offer_Voice_Pack,Unlimited_Local_Voice,0
C1871,Negombo,36-45,20GB,4.8,1.7,0.8,630,236,3529,15,5,Basic_Phone,0,5G,0,0.86,4,Ignored,13,Retention_Offer,20Percent_Loyalty_Discount,1
C1872,Matara,36-45,20GB,40.0,23.5,15.0,1190,284,5310,4,8,4G_Mobile,0,5G,0,0.03,6,Accepted,140,Buy_Social_Media_Package,Social_Boost_Pack,1
C1873,Colombo,26-35,20GB,113.8,32.8,28.4,585,288,1334,19,1,5G_Mobile,1,4G,1,0.41,6,Ignored,30,Buy_Social_Media_Package,Social_Boost_Pack,0
C1874,Kandy,46-60,100GB,53.2,30.0,14.1,497,262,7653,14,1,Basic_Phone,0,5G,0,0.4,1,Accepted,406,Offer_New_Phone,Smartphone_Trade_In_Deal,1
C1875,Matara,26-35,100GB,50.7,13.8,17.0,983,224,11094,17,7,5G_Mobile,1,4G,0,0.2,3,Accepted,214,Upgrade_to_5G_SIM,Free_SIM_Replacement,1
C1876,Matara,36-45,100GB,4.3,1.3,1.1,484,24,1338,6,1,5G_Mobile,1,5G,0,0.78,5,Ignored,63,Retention_Offer,20Percent_Loyalty_Discount,0
C1877,Matara,46-60,50GB,27.0,13.8,3.4,101,360,7392,2,7,Basic_Phone,0,5G,0,0.45,5,Accepted,29,Offer_New_Phone,Smartphone_Trade_In_Deal,0
C1878,Kandy,46-60,50GB,28.7,9.3,10.7,637,86,5063,15,6,5G_Mobile,1,5G,1,0.24,3,Rejected,341,No_Action,No_Offer,1
C1879,Kandy,36-45,20GB,105.2,51.9,14.1,1837,16,11693,6,8,5G_Mobile,1,4G,1,0.79,8,Rejected,276,Buy_Social_Media_Package,Social_Boost_Pack,0
C1880,Negombo,46-60,10GB,54.5,23.9,19.8,1599,61,1313,11,0,4G_Mobile,0,4G,0,0.71,1,Ignored,323,Buy_Social_Media_Package,Social_Boost_Pack,1
C1881,Negombo,36-45,10GB,54.7,15.6,14.1,263,281,3059,10,9,4G_Mobile,0,4G,1,0.41,4,Accepted,127,Buy_Social_Media_Package,Social_Boost_Pack,0
C1882,Colombo,46-60,50GB,51.3,24.4,5.4,1639,257,1711,12,3,Basic_Phone,0,5G,1,0.41,4,Rejected,302,Upgrade_to_100GB,10GB_Bonus,0
C1883,Matara,26-35,100GB,61.3,19.6,10.8,953,265,9380,13,6,Basic_Phone,0,4G,1,0.03,4,Accepted,89,Offer_New_Phone,Smartphone_Trade_In_Deal,0
C1884,Kandy,46-60,20GB,38.0,18.2,9.0,1429,173,11298,9,10,Basic_Phone,0,5G,1,0.58,5,Ignored,24,Offer_New_Phone,Smartphone_Trade_In_Deal,0
C1885,Kurunegala,26-35,20GB,6.0,1.8,1.3,641,189,11445,7,5,4G_Mobile,0,5G,0,0.03,0,Rejected,148,No_Action,No_Offer,1
C1886,Galle,46-60,10GB,52.8,23.2,20.1,920,259,11307,10,1,4G_Mobile,0,5G,0,0.74,1,Ignored,146,Buy_Social_Media_Package,Social_Boost_Pack,1
C1887,Kandy,26-35,50GB,44.8,17.4,8.7,733,177,11526,6,3,4G_Mobile,0,4G,1,0.33,2,Accepted,483,Upgrade_to_100GB,10GB_Bonus,1
C1888,Matara,36-45,20GB,69.8,16.9,18.6,1399,307,7972,13,3,Basic_Phone,0,5G,1,0.53,8,Accepted,372,Buy_Social_Media_Package,Social_Boost_Pack,0
C1889,Colombo,26-35,50GB,109.2,61.3,24.8,1663,215,10158,5,4,4G_Mobile,0,4G,0,0.05,1,Rejected,470,Buy_Social_Media_Package,Social_Unlimited_Add_On,1
C1890,Negombo,36-45,20GB,74.3,43.7,22.1,1275,28,7074,5,4,Basic_Phone,0,4G,1,0.82,1,Ignored,284,Buy_Social_Media_Package,Social_Boost_Pack,1
C1891,Jaffna,36-45,10GB,84.2,46.7,26.4,767,122,4665,21,2,5G_Mobile,1,4G,0,0.72,1,Rejected,101,Buy_Social_Media_Package,Social_Boost_Pack,0
C1892,Colombo,46-60,50GB,75.6,26.1,20.4,298,269,10040,10,6,Basic_Phone,0,5G,1,0.41,3,Accepted,79,Buy_Social_Media_Package,Social_Unlimited_Add_On,1
C1893,Galle,18-25,100GB,75.1,23.6,27.4,582,485,3453,8,0,Basic_Phone,0,5G,0,0.68,6,Accepted,471,Recommend_5G_Router,10Percent_Discount,0
C1894,Galle,36-45,10GB,24.8,7.9,2.6,590,414,9155,11,1,4G_Mobile,0,5G,0,0.58,6,Ignored,177,Upgrade_to_20GB,Data_Saver_Pack,1
C1895,Negombo,46-60,100GB,79.7,30.4,14.8,1507,335,3665,16,0,5G_Mobile,1,5G,1,0.7,7,Accepted,47,Retention_Offer,Service_Recovery_Pack,0
C1896,Negombo,36-45,10GB,87.0,30.4,21.0,316,115,3969,4,0,Basic_Phone,0,4G,1,0.53,7,Ignored,431,Buy_Social_Media_Package,Social_Boost_Pack,0
C1897,Galle,26-35,10GB,12.4,4.2,3.8,424,497,5263,23,10,5G_Mobile,1,4G,0,0.43,4,Rejected,223,Upgrade_to_20GB,Data_Saver_Pack,0
C1898,Kurunegala,18-25,50GB,115.1,67.7,45.6,1709,235,5715,13,0,5G_Mobile,1,5G,0,0.91,4,Ignored,374,Buy_Social_Media_Package,Social_Unlimited_Add_On,0
C1899,Jaffna,18-25,20GB,42.3,8.5,4.9,826,418,731,18,9,Basic_Phone,0,4G,1,0.6,4,Rejected,211,Upgrade_to_50GB,5GB_Bonus,1
C1900,Kurunegala,26-35,50GB,76.9,17.4,10.5,656,500,8892,6,5,Basic_Phone,0,4G,1,0.96,3,Rejected,386,Offer_New_Phone,Smartphone_Trade_In_Deal,0
C1901,Kandy,26-35,50GB,38.4,20.5,14.4,1597,62,11968,6,9,5G_Mobile,1,5G,0,0.29,8,Ignored,40,No_Action,No_Offer,1
C1902,Jaffna,26-35,100GB,96.8,32.3,20.2,1451,430,3412,9,2,5G_Mobile,1,5G,1,0.34,0,Rejected,98,No_Action,No_Offer,0
C1903,Matara,36-45,50GB,90.3,48.8,18.1,883,295,8904,16,4,4G_Mobile,0,4G,1,0.27,6,Ignored,289,Upgrade_to_100GB,10GB_Bonus,1
C1904,Kurunegala,46-60,50GB,40.6,8.4,4.3,1692,446,11468,10,1,4G_Mobile,0,4G,0,0.93,4,Rejected,395,Retention_Offer,20Percent_Loyalty_Discount,0
C1905,Negombo,18-25,50GB,48.5,28.3,8.4,1613,285,11011,12,1,5G_Mobile,1,5G,1,0.99,6,Accepted,500,Upgrade_to_100GB,10GB_Bonus,0
C1906,Kurunegala,36-45,20GB,74.4,29.7,24.2,156,234,4004,17,2,5G_Mobile,1,4G,1,0.28,2,Accepted,312,Buy_Social_Media_Package,Social_Boost_Pack,1
C1907,Kurunegala,46-60,10GB,29.2,10.8,9.8,386,399,3447,22,6,4G_Mobile,0,5G,0,0.13,1,Accepted,407,Upgrade_to_20GB,Data_Saver_Pack,1
C1908,Galle,36-45,50GB,23.0,12.8,5.3,82,171,2650,23,4,5G_Mobile,1,4G,0,0.57,2,Rejected,171,Upgrade_to_5G_SIM,Free_SIM_Replacement,0
C1909,Negombo,26-35,50GB,74.9,16.0,16.9,173,192,6985,17,9,4G_Mobile,0,5G,0,0.48,6,Accepted,381,Offer_New_Phone,5G_Phone_Upgrade_Offer,0
C1910,Jaffna,26-35,10GB,52.3,18.4,5.5,702,157,10369,15,2,4G_Mobile,0,4G,1,0.38,3,Ignored,192,Upgrade_to_20GB,Data_Saver_Pack,1
C1911,Negombo,26-35,50GB,105.8,62.9,17.0,258,311,8036,10,7,Basic_Phone,0,5G,1,0.93,1,Accepted,319,Offer_New_Phone,Smartphone_Trade_In_Deal,1
C1912,Negombo,46-60,20GB,45.0,15.4,14.3,1750,221,3469,13,2,5G_Mobile,1,5G,1,0.11,5,Ignored,196,Buy_Social_Media_Package,Social_Boost_Pack,1
C1913,Kurunegala,26-35,50GB,113.1,53.0,28.8,235,414,9824,8,9,4G_Mobile,0,4G,0,0.68,3,Ignored,413,Buy_Social_Media_Package,Social_Unlimited_Add_On,0
C1914,Galle,46-60,20GB,105.7,63.4,29.4,374,394,2336,12,6,Basic_Phone,0,4G,0,0.17,3,Accepted,351,Buy_Social_Media_Package,Social_Boost_Pack,1
C1915,Galle,18-25,20GB,52.5,27.4,16.1,57,107,9324,10,8,4G_Mobile,0,5G,0,0.42,0,Accepted,354,Buy_Social_Media_Package,Social_Boost_Pack,1
C1916,Negombo,46-60,20GB,36.1,16.7,8.0,1245,104,4618,8,4,4G_Mobile,0,5G,1,0.91,3,Accepted,169,Upgrade_to_50GB,5GB_Bonus,0
C1917,Colombo,46-60,100GB,72.8,19.8,25.0,342,313,5851,19,9,Basic_Phone,0,4G,1,0.94,7,Ignored,69,Retention_Offer,20Percent_Loyalty_Discount,1
C1918,Kurunegala,36-45,20GB,7.8,3.4,2.0,733,448,6292,20,9,Basic_Phone,0,5G,1,0.8,2,Ignored,178,Offer_New_Phone,Smartphone_Trade_In_Deal,1
C1919,Negombo,18-25,10GB,107.1,56.3,33.3,1449,20,11775,17,7,Basic_Phone,0,5G,1,0.09,0,Accepted,51,Buy_Social_Media_Package,Social_Boost_Pack,1
C1920,Matara,26-35,100GB,103.4,35.8,24.9,1819,172,5932,19,7,4G_Mobile,0,5G,0,0.32,4,Ignored,291,Offer_New_Phone,5G_Phone_Upgrade_Offer,0
C1921,Galle,46-60,50GB,102.4,48.3,23.5,332,14,4051,23,2,5G_Mobile,1,5G,0,0.07,8,Rejected,374,Buy_Social_Media_Package,Social_Unlimited_Add_On,1
C1922,Galle,46-60,100GB,95.8,43.6,25.5,1491,141,11746,25,9,5G_Mobile,1,4G,0,0.07,1,Ignored,24,Offer_Home_Router,Router_Bundle_Deal,1
C1923,Matara,46-60,50GB,12.2,6.0,1.5,1136,151,2343,16,2,5G_Mobile,1,4G,0,0.53,2,Rejected,283,Upgrade_to_5G_SIM,Free_SIM_Replacement,0
C1924,Negombo,46-60,10GB,36.3,11.2,8.0,1431,257,1723,25,3,Basic_Phone,0,5G,1,0.07,0,Rejected,404,Upgrade_to_20GB,Data_Saver_Pack,0
C1925,Colombo,36-45,100GB,19.2,11.5,7.5,1836,369,4062,20,1,Basic_Phone,0,4G,0,0.86,5,Rejected,356,Offer_Voice_Pack,Unlimited_Local_Voice,1
C1926,Kurunegala,26-35,10GB,103.9,59.2,32.3,1905,231,10037,16,4,4G_Mobile,0,5G,1,0.73,8,Accepted,188,Buy_Social_Media_Package,Social_Boost_Pack,1
C1927,Matara,26-35,100GB,95.8,31.8,28.3,1584,56,5111,25,5,Basic_Phone,0,4G,1,0.78,7,Rejected,301,Retention_Offer,20Percent_Loyalty_Discount,0
C1928,Negombo,46-60,50GB,71.1,37.2,24.3,1858,411,9259,4,2,4G_Mobile,0,4G,1,0.59,3,Ignored,157,Buy_Social_Media_Package,Social_Unlimited_Add_On,1
C1929,Kurunegala,46-60,100GB,28.5,13.8,8.3,1284,166,9980,21,6,Basic_Phone,0,4G,1,0.82,5,Ignored,290,Offer_New_Phone,Smartphone_Trade_In_Deal,1
C1930,Galle,26-35,50GB,30.9,16.5,11.9,1943,354,10157,22,5,5G_Mobile,1,5G,1,0.07,5,Accepted,71,Offer_Voice_Pack,Unlimited_Local_Voice,0
C1931,Negombo,36-45,10GB,28.8,14.5,7.9,605,113,11222,6,0,5G_Mobile,1,4G,1,0.67,4,Ignored,149,Upgrade_to_20GB,Data_Saver_Pack,1
C1932,Negombo,18-25,100GB,43.9,25.7,5.8,1159,69,9064,25,8,5G_Mobile,1,5G,0,0.53,1,Accepted,310,No_Action,No_Offer,0
C1933,Kandy,26-35,100GB,70.8,41.3,22.4,1748,14,1139,21,3,Basic_Phone,0,5G,1,0.39,0,Ignored,361,No_Action,No_Offer,1
C1934,Galle,36-45,10GB,117.1,36.8,26.0,30,60,781,10,1,4G_Mobile,0,4G,1,0.16,4,Accepted,157,Buy_Social_Media_Package,Social_Boost_Pack,1
C1935,Kurunegala,46-60,20GB,28.6,14.5,4.3,976,422,751,10,1,Basic_Phone,0,5G,0,0.88,2,Accepted,53,Upgrade_to_50GB,5GB_Bonus,0
C1936,Galle,18-25,100GB,17.1,4.5,6.5,1269,126,2750,17,0,Basic_Phone,0,5G,1,0.38,7,Ignored,112,No_Action,No_Offer,1
C1937,Kandy,46-60,10GB,19.9,6.7,2.4,330,206,10954,8,2,4G_Mobile,0,4G,0,0.82,0,Ignored,405,Upgrade_to_20GB,Data_Saver_Pack,0
C1938,Kandy,18-25,10GB,24.3,10.9,5.4,1634,449,11692,8,3,5G_Mobile,1,4G,1,0.44,8,Ignored,495,Upgrade_to_20GB,Data_Saver_Pack,1
C1939,Jaffna,26-35,100GB,49.9,10.7,7.6,55,308,2500,7,2,5G_Mobile,1,4G,1,0.61,5,Accepted,371,Retention_Offer,Service_Recovery_Pack,1
C1940,Galle,18-25,100GB,24.6,5.5,6.2,1501,210,9063,17,6,Basic_Phone,0,4G,1,0.13,4,Rejected,214,Offer_New_Phone,Smartphone_Trade_In_Deal,1
C1941,Colombo,46-60,100GB,25.8,5.4,5.9,859,291,7315,15,0,4G_Mobile,0,4G,1,0.69,4,Rejected,24,Retention_Offer,Service_Recovery_Pack,0
C1942,Kurunegala,18-25,50GB,22.9,6.0,4.3,1236,144,8971,16,7,5G_Mobile,1,4G,0,0.38,4,Rejected,475,Upgrade_to_5G_SIM,Free_SIM_Replacement,0
C1943,Matara,46-60,20GB,36.2,13.4,4.3,1108,82,2708,3,5,5G_Mobile,1,5G,1,0.91,3,Ignored,18,Upgrade_to_50GB,5GB_Bonus,0
C1944,Kurunegala,26-35,20GB,83.8,25.3,27.4,1006,380,3656,15,4,4G_Mobile,0,4G,0,0.49,7,Rejected,168,Buy_Social_Media_Package,Social_Boost_Pack,1
C1945,Kurunegala,18-25,100GB,96.0,53.8,22.8,1590,368,3520,5,5,5G_Mobile,1,4G,1,0.65,0,Accepted,236,Upgrade_to_5G_SIM,Free_SIM_Replacement,1
C1946,Kandy,26-35,50GB,16.4,5.3,2.7,95,7,6879,12,6,4G_Mobile,0,5G,1,0.81,6,Rejected,24,Retention_Offer,20Percent_Loyalty_Discount,0
C1947,Negombo,36-45,50GB,103.7,56.3,28.2,1107,408,686,20,3,4G_Mobile,0,5G,0,0.99,2,Rejected,93,Buy_Social_Media_Package,Social_Unlimited_Add_On,0
C1948,Colombo,36-45,100GB,113.7,29.4,23.9,415,129,4268,8,4,Basic_Phone,0,5G,0,0.09,4,Accepted,277,Offer_Home_Router,Router_Bundle_Deal,1
C1949,Jaffna,36-45,50GB,117.8,62.7,35.9,1930,51,7985,1,3,5G_Mobile,1,4G,0,0.56,5,Ignored,209,Buy_Social_Media_Package,Social_Unlimited_Add_On,1
C1950,Galle,18-25,100GB,16.7,9.9,2.1,1061,58,10496,16,2,Basic_Phone,0,5G,0,0.89,5,Accepted,102,Offer_New_Phone,Smartphone_Trade_In_Deal,0
C1951,Galle,26-35,100GB,24.6,7.1,3.0,776,328,11534,16,1,4G_Mobile,0,4G,1,0.52,6,Rejected,366,Retention_Offer,Service_Recovery_Pack,1
C1952,Jaffna,18-25,50GB,54.1,23.8,12.6,1461,165,9211,12,7,4G_Mobile,0,5G,1,0.79,7,Ignored,441,Upgrade_to_100GB,10GB_Bonus,0
C1953,Matara,36-45,100GB,18.5,8.4,5.1,1441,489,10541,10,0,Basic_Phone,0,4G,0,0.69,0,Rejected,442,Offer_New_Phone,Smartphone_Trade_In_Deal,0
C1954,Galle,26-35,100GB,99.2,23.0,20.4,1010,304,2763,18,10,5G_Mobile,1,4G,1,0.27,0,Accepted,234,Upgrade_to_5G_SIM,Free_SIM_Replacement,1
C1955,Negombo,46-60,50GB,113.7,57.0,11.5,468,93,6938,3,4,Basic_Phone,0,4G,0,0.81,1,Ignored,354,Offer_New_Phone,Smartphone_Trade_In_Deal,1
C1956,Colombo,36-45,50GB,14.6,7.8,3.9,588,379,8333,22,4,Basic_Phone,0,5G,0,0.45,1,Accepted,358,Offer_New_Phone,Smartphone_Trade_In_Deal,1
C1957,Colombo,18-25,50GB,78.2,41.4,25.8,1837,262,777,5,8,4G_Mobile,0,5G,0,0.16,5,Rejected,189,Buy_Social_Media_Package,Social_Unlimited_Add_On,0
C1958,Kandy,18-25,50GB,5.6,2.6,1.5,1716,307,6901,16,10,4G_Mobile,0,5G,1,0.19,8,Ignored,171,No_Action,No_Offer,0
C1959,Matara,36-45,50GB,40.8,23.6,5.8,125,500,2387,11,10,4G_Mobile,0,5G,0,0.56,8,Rejected,306,Retention_Offer,Service_Recovery_Pack,1
C1960,Kandy,46-60,100GB,53.7,25.9,8.0,820,464,7543,10,3,Basic_Phone,0,4G,0,0.36,7,Accepted,273,Offer_New_Phone,Smartphone_Trade_In_Deal,0
C1961,Negombo,36-45,10GB,42.3,12.1,16.9,1347,162,8618,2,5,4G_Mobile,0,4G,0,0.08,3,Accepted,64,Buy_Social_Media_Package,Social_Boost_Pack,1
C1962,Colombo,26-35,10GB,28.6,16.5,11.1,415,479,3064,12,10,4G_Mobile,0,4G,1,0.23,5,Ignored,206,Upgrade_to_20GB,Data_Saver_Pack,0
C1963,Galle,26-35,100GB,91.3,41.0,22.2,871,477,11152,1,7,Basic_Phone,0,5G,1,0.83,1,Ignored,490,Offer_New_Phone,Smartphone_Trade_In_Deal,1
C1964,Kurunegala,36-45,10GB,38.7,15.9,6.0,409,282,1194,8,6,4G_Mobile,0,5G,0,0.31,3,Ignored,163,Upgrade_to_20GB,Data_Saver_Pack,1
C1965,Kandy,26-35,10GB,45.2,21.1,6.1,1480,170,9671,17,6,4G_Mobile,0,4G,1,0.85,7,Ignored,184,Upgrade_to_20GB,Data_Saver_Pack,0
C1966,Kurunegala,26-35,10GB,82.1,23.9,20.0,1064,95,5053,6,5,5G_Mobile,1,4G,1,0.13,3,Accepted,486,Buy_Social_Media_Package,Social_Boost_Pack,1
C1967,Negombo,46-60,20GB,5.0,2.5,1.3,1673,481,2431,7,7,Basic_Phone,0,4G,1,0.76,2,Ignored,392,Retention_Offer,20Percent_Loyalty_Discount,1
C1968,Negombo,26-35,50GB,41.3,12.6,10.5,1533,134,6458,8,8,Basic_Phone,0,5G,0,0.96,4,Ignored,220,Offer_New_Phone,Smartphone_Trade_In_Deal,0
C1969,Colombo,26-35,20GB,11.9,6.9,1.8,1517,43,4006,18,4,5G_Mobile,1,5G,0,0.66,8,Rejected,414,Retention_Offer,Service_Recovery_Pack,0
C1970,Matara,26-35,50GB,6.6,3.6,1.1,794,467,11780,12,2,Basic_Phone,0,4G,0,0.74,1,Rejected,64,Offer_New_Phone,Smartphone_Trade_In_Deal,1
C1971,Negombo,46-60,100GB,69.9,14.6,27.0,1944,492,7416,6,6,4G_Mobile,0,4G,0,0.42,6,Rejected,226,Offer_Voice_Pack,Unlimited_Local_Voice,0
C1972,Negombo,46-60,50GB,89.7,35.5,25.3,1138,284,4350,17,10,5G_Mobile,1,5G,1,0.35,0,Rejected,62,Buy_Social_Media_Package,Social_Unlimited_Add_On,0
C1973,Colombo,36-45,50GB,51.9,31.0,19.7,563,207,2665,20,7,5G_Mobile,1,5G,1,0.5,6,Ignored,48,Upgrade_to_100GB,10GB_Bonus,0
C1974,Kurunegala,18-25,50GB,59.1,30.4,10.7,1568,200,8262,4,5,4G_Mobile,0,5G,1,0.94,2,Rejected,307,Upgrade_to_100GB,10GB_Bonus,0
C1975,Negombo,46-60,10GB,59.4,21.8,11.2,231,302,10318,7,4,5G_Mobile,1,5G,0,0.92,4,Ignored,400,Upgrade_to_20GB,Data_Saver_Pack,0
C1976,Matara,26-35,50GB,78.3,33.2,11.9,1730,117,1876,4,1,4G_Mobile,0,4G,0,0.15,7,Ignored,156,Upgrade_to_100GB,10GB_Bonus,0
C1977,Matara,46-60,50GB,18.7,5.1,6.4,1746,487,2329,1,8,4G_Mobile,0,4G,0,0.42,3,Rejected,414,No_Action,No_Offer,0
C1978,Kandy,26-35,100GB,113.0,41.5,38.8,1589,207,1947,5,3,5G_Mobile,1,4G,1,0.85,3,Rejected,45,Retention_Offer,20Percent_Loyalty_Discount,1
C1979,Matara,36-45,100GB,40.4,18.7,4.8,700,473,9179,19,3,5G_Mobile,1,5G,1,0.95,1,Ignored,55,Retention_Offer,20Percent_Loyalty_Discount,1
C1980,Negombo,26-35,20GB,7.3,2.5,1.9,159,498,6122,13,2,Basic_Phone,0,5G,1,0.06,0,Accepted,402,Offer_New_Phone,Smartphone_Trade_In_Deal,0
C1981,Kurunegala,26-35,20GB,40.8,17.9,9.4,1366,200,8760,11,3,4G_Mobile,0,5G,1,0.81,6,Ignored,143,Upgrade_to_50GB,5GB_Bonus,1
C1982,Galle,26-35,10GB,33.0,7.5,3.4,1010,286,10442,18,5,4G_Mobile,0,5G,0,0.43,8,Accepted,307,Upgrade_to_20GB,Data_Saver_Pack,1
C1983,Galle,26-35,50GB,92.6,47.5,22.3,1086,160,5646,24,2,4G_Mobile,0,4G,0,0.38,3,Rejected,462,Buy_Social_Media_Package,Social_Unlimited_Add_On,0
C1984,Negombo,36-45,50GB,60.5,24.0,11.5,469,281,6467,5,2,4G_Mobile,0,5G,1,0.99,2,Accepted,461,Upgrade_to_100GB,10GB_Bonus,0
C1985,Kandy,46-60,20GB,2.9,0.6,0.6,799,7,9509,20,4,5G_Mobile,1,4G,1,0.21,7,Accepted,500,Upgrade_to_5G_SIM,Free_SIM_Replacement,0
C1986,Kandy,18-25,100GB,8.5,4.8,2.8,95,246,10698,24,10,5G_Mobile,1,4G,0,0.29,3,Ignored,44,Upgrade_to_5G_SIM,Free_SIM_Replacement,1
C1987,Galle,18-25,10GB,90.6,51.8,27.7,1698,234,10776,3,8,4G_Mobile,0,4G,0,0.93,8,Ignored,57,Buy_Social_Media_Package,Social_Boost_Pack,1
C1988,Jaffna,18-25,10GB,82.9,46.3,14.7,610,378,9146,14,8,5G_Mobile,1,5G,1,0.75,6,Rejected,499,Buy_Social_Media_Package,Social_Boost_Pack,0
C1989,Kurunegala,36-45,20GB,14.4,6.2,4.3,173,477,3663,3,10,5G_Mobile,1,5G,0,0.25,5,Ignored,276,No_Action,No_Offer,0
C1990,Kandy,26-35,10GB,94.5,41.1,31.4,291,117,11131,5,0,Basic_Phone,0,5G,0,0.26,2,Rejected,408,Buy_Social_Media_Package,Social_Boost_Pack,1
C1991,Colombo,36-45,50GB,119.9,26.8,38.1,1345,127,8450,10,3,5G_Mobile,1,4G,0,0.95,4,Rejected,361,Buy_Social_Media_Package,Social_Unlimited_Add_On,1
C1992,Jaffna,26-35,100GB,76.8,45.2,15.7,902,330,2484,25,7,4G_Mobile,0,4G,1,0.45,0,Ignored,167,No_Action,No_Offer,0
C1993,Kandy,46-60,20GB,47.8,9.9,16.9,1973,437,11861,3,2,4G_Mobile,0,5G,1,0.08,8,Rejected,425,Buy_Social_Media_Package,Social_Boost_Pack,1
C1994,Galle,26-35,20GB,10.7,4.5,3.5,1846,22,5914,8,10,4G_Mobile,0,4G,1,0.05,5,Rejected,330,Offer_Voice_Pack,Unlimited_Local_Voice,1
C1995,Kurunegala,36-45,10GB,86.4,48.0,19.2,1537,329,2784,21,7,5G_Mobile,1,4G,1,0.89,1,Accepted,194,Buy_Social_Media_Package,Social_Boost_Pack,0
C1996,Colombo,46-60,10GB,18.5,9.0,6.0,45,434,2460,15,1,Basic_Phone,0,5G,0,0.11,5,Ignored,73,Upgrade_to_20GB,Data_Saver_Pack,0
C1997,Matara,46-60,10GB,85.3,39.9,31.9,683,401,6862,6,7,5G_Mobile,1,5G,0,0.47,4,Ignored,138,Buy_Social_Media_Package,Social_Boost_Pack,0
C1998,Galle,36-45,100GB,21.5,4.7,4.5,723,389,10703,11,2,4G_Mobile,0,5G,1,0.24,6,Rejected,124,No_Action,No_Offer,1
C1999,Galle,46-60,50GB,42.3,17.4,14.3,869,375,10914,1,0,5G_Mobile,1,5G,0,0.92,6,Rejected,185,Retention_Offer,20Percent_Loyalty_Discount,0
C2000,Colombo,60+,20GB,19.1,2.8,8.5,2372,73,4067,13,9,5G_Mobile,1,5G,1,0.09,6,Rejected,281,Upgrade_to_50GB,5GB_Bonus,1
C2001,Badulla,26-35,20GB,19.7,3.1,8.8,1164,557,12765,17,8,4G_Mobile,0,4G,0,0.14,4,Ignored,349,Upgrade_to_50GB,5GB_Bonus,0
C2002,Badulla,36-45,20GB,19.3,3.4,7.7,256,334,5228,20,1,Basic_Phone,0,4G,1,0.51,6,Ignored,171,Upgrade_to_50GB,5GB_Bonus,0
C2003,Batticaloa,26-35,100GB,120.2,14.7,49.8,1873,97,16755,24,3,5G_Mobile,1,4G,1,0.41,3,Accepted,332,Offer_Voice_Pack,Unlimited_Local_Voice,1
C2004,Kandy,46-60,50GB,44.4,6.8,11.9,1026,205,8681,23,6,5G_Mobile,1,5G,0,0.27,0,Accepted,24,Upgrade_to_100GB,10GB_Bonus,1
C2005,Trincomalee,36-45,20GB,8.3,3.1,0.8,2025,395,16808,17,0,5G_Mobile,1,5G,0,0.08,8,Ignored,445,Offer_Voice_Pack,Unlimited_Local_Voice,0
C2006,Ratnapura,46-60,10GB,4.3,1.5,0.9,2443,495,2717,18,8,Basic_Phone,0,5G,0,0.15,9,Ignored,69,Offer_Voice_Pack,Unlimited_Local_Voice,0
C2007,Kurunegala,36-45,20GB,14.0,5.3,2.0,2329,96,19921,13,7,4G_Mobile,0,4G,1,0.34,7,Accepted,344,Offer_Voice_Pack,Unlimited_Local_Voice,1
C2008,Gampaha,60+,20GB,8.3,3.3,1.8,719,578,6915,19,1,5G_Mobile,1,4G,1,0.55,5,Rejected,563,Retention_Offer,Service_Recovery_Pack,1
C2009,Trincomalee,26-35,50GB,22.1,6.7,9.2,933,242,8177,20,0,4G_Mobile,0,4G,1,0.65,9,Ignored,502,Retention_Offer,Service_Recovery_Pack,1
C2010,Colombo,26-35,100GB,57.8,13.9,11.8,2040,407,3088,18,3,4G_Mobile,0,4G,0,0.26,2,Ignored,169,Offer_Voice_Pack,Unlimited_Local_Voice,0
C2011,Badulla,46-60,10GB,4.3,1.0,0.5,2150,103,1856,5,8,Basic_Phone,0,5G,0,0.42,5,Ignored,387,Offer_Voice_Pack,Unlimited_Local_Voice,0
C2012,Negombo,46-60,20GB,17.5,3.9,1.0,384,84,11437,22,3,Basic_Phone,0,4G,0,0.25,7,Rejected,657,Offer_New_Phone,Smartphone_Trade_In_Deal,1
C2013,Matara,36-45,20GB,22.8,8.6,3.4,1884,458,15089,4,5,5G_Mobile,1,5G,1,0.26,5,Ignored,604,Upgrade_to_50GB,5GB_Bonus,1
C2014,Badulla,18-25,10GB,12.8,3.5,5.2,1503,334,6536,1,2,5G_Mobile,1,5G,0,0.13,1,Rejected,49,Upgrade_to_20GB,Data_Saver_Pack,0
C2015,Batticaloa,36-45,20GB,21.3,3.1,1.5,326,129,17112,27,3,5G_Mobile,1,5G,1,0.08,8,Ignored,690,Upgrade_to_50GB,5GB_Bonus,1
C2016,Batticaloa,26-35,100GB,90.4,20.7,33.8,2449,573,13866,11,8,Basic_Phone,0,4G,0,0.25,8,Accepted,484,Offer_New_Phone,Smartphone_Trade_In_Deal,0
C2017,Trincomalee,26-35,20GB,19.5,6.8,5.8,2065,310,6695,9,0,4G_Mobile,0,4G,1,0.33,5,Rejected,687,Upgrade_to_50GB,5GB_Bonus,0
C2018,Gampaha,18-25,50GB,43.0,13.0,17.9,291,405,5452,21,9,Basic_Phone,0,4G,0,0.25,2,Rejected,152,Upgrade_to_100GB,10GB_Bonus,1
C2019,Gampaha,18-25,10GB,9.3,3.9,2.6,1233,155,7582,11,9,5G_Mobile,1,4G,0,0.13,8,Ignored,333,Upgrade_to_20GB,Data_Saver_Pack,0
C2020,Kurunegala,46-60,10GB,7.4,3.3,1.6,1765,475,16466,13,0,4G_Mobile,0,4G,0,0.44,9,Rejected,488,Upgrade_to_100GB,Premium_Business_Plan,0
C2021,Negombo,60+,50GB,22.7,11.6,1.4,824,66,12795,9,8,4G_Mobile,0,4G,1,0.35,8,Rejected,582,No_Action,No_Offer,0
C2022,Colombo,26-35,20GB,13.1,3.0,5.7,2208,533,6691,12,8,4G_Mobile,0,5G,0,0.34,9,Rejected,466,Offer_Voice_Pack,Unlimited_Local_Voice,1
C2023,Trincomalee,36-45,100GB,53.2,19.6,12.9,513,598,6967,1,5,Basic_Phone,0,4G,0,0.2,4,Ignored,378,Offer_New_Phone,Smartphone_Trade_In_Deal,0
C2024,Anuradhapura,46-60,20GB,13.4,5.7,1.3,2351,321,14825,7,5,4G_Mobile,0,4G,0,0.3,3,Accepted,466,Offer_Voice_Pack,Unlimited_Local_Voice,0
C2025,Colombo,36-45,50GB,46.9,5.7,18.6,2126,15,15232,11,5,4G_Mobile,0,5G,0,0.15,2,Rejected,310,Upgrade_to_100GB,10GB_Bonus,1
C2026,Kurunegala,46-60,20GB,16.4,5.1,2.3,1307,273,7072,6,3,4G_Mobile,0,4G,1,0.48,2,Accepted,352,No_Action,No_Offer,0
C2027,Gampaha,36-45,20GB,21.8,2.5,9.1,891,90,2408,7,2,4G_Mobile,0,4G,1,0.16,9,Rejected,728,Upgrade_to_50GB,5GB_Bonus,0
C2028,Anuradhapura,36-45,50GB,63.2,12.6,20.2,234,322,5742,10,4,5G_Mobile,1,5G,1,0.33,4,Accepted,13,Buy_Social_Media_Package,Social_Unlimited_Add_On,1
C2029,Jaffna,18-25,20GB,13.4,6.3,4.5,1249,429,2506,19,4,5G_Mobile,1,5G,0,0.35,1,Ignored,206,No_Action,No_Offer,1
C2030,Galle,36-45,10GB,11.3,4.9,2.4,2480,59,2514,28,3,5G_Mobile,1,5G,0,0.13,9,Accepted,194,Upgrade_to_20GB,Data_Saver_Pack,0
C2031,Jaffna,36-45,10GB,10.5,6.1,2.7,2466,32,18178,12,8,Basic_Phone,0,4G,0,0.3,8,Rejected,452,Offer_New_Phone,Smartphone_Trade_In_Deal,1
C2032,Badulla,60+,10GB,11.2,5.6,3.5,757,107,8053,18,5,4G_Mobile,0,5G,1,0.2,7,Rejected,293,Upgrade_to_20GB,Data_Saver_Pack,1
C2033,Galle,26-35,10GB,11.9,6.9,1.8,993,56,13637,23,5,4G_Mobile,0,4G,0,0.36,5,Accepted,683,Upgrade_to_20GB,Data_Saver_Pack,1
C2034,Kandy,18-25,10GB,10.4,6.0,2.5,435,179,16596,6,7,5G_Mobile,1,5G,0,0.3,6,Rejected,44,Upgrade_to_20GB,Data_Saver_Pack,1
C2035,Anuradhapura,36-45,10GB,10.7,4.0,4.8,2448,264,18819,14,5,4G_Mobile,0,4G,0,0.23,9,Rejected,239,Upgrade_to_20GB,Data_Saver_Pack,1
C2036,Negombo,36-45,20GB,10.1,1.3,3.3,2392,313,7656,8,3,5G_Mobile,1,5G,0,0.21,5,Accepted,664,Offer_Voice_Pack,Unlimited_Local_Voice,0
C2037,Anuradhapura,46-60,20GB,17.9,3.6,5.8,931,130,3275,16,4,5G_Mobile,1,5G,1,0.16,3,Accepted,661,Upgrade_to_50GB,5GB_Bonus,1
C2038,Kandy,26-35,50GB,40.0,5.9,10.9,617,533,9915,18,3,5G_Mobile,1,5G,1,0.31,6,Rejected,446,No_Action,No_Offer,0
C2039,Kandy,36-45,100GB,44.1,10.4,11.6,2150,157,10251,26,2,4G_Mobile,0,4G,0,0.27,2,Rejected,384,Offer_Voice_Pack,Unlimited_Local_Voice,1
C2040,Kurunegala,46-60,20GB,16.5,9.5,3.5,2360,557,15614,10,4,5G_Mobile,1,5G,0,0.35,2,Rejected,435,Offer_Voice_Pack,Unlimited_Local_Voice,0
C2041,Galle,46-60,10GB,12.0,3.6,3.5,965,598,2514,20,1,5G_Mobile,1,5G,1,0.12,1,Rejected,688,Upgrade_to_20GB,Data_Saver_Pack,1
C2042,Jaffna,46-60,50GB,49.7,18.7,7.1,2468,168,8631,4,3,4G_Mobile,0,5G,1,0.34,4,Accepted,196,Upgrade_to_100GB,10GB_Bonus,1
C2043,Batticaloa,36-45,20GB,10.8,2.0,4.2,363,0,6624,21,5,4G_Mobile,0,4G,1,0.27,3,Accepted,692,No_Action,No_Offer,1
C2044,Trincomalee,60+,50GB,51.3,27.8,20.9,64,330,17166,18,3,5G_Mobile,1,5G,0,0.36,1,Ignored,151,Buy_Social_Media_Package,Social_Unlimited_Add_On,1
C2045,Kurunegala,60+,50GB,43.2,16.5,6.0,620,328,4839,29,7,Basic_Phone,0,5G,0,0.04,7,Ignored,231,Upgrade_to_100GB,10GB_Bonus,0
C2046,Kandy,46-60,10GB,4.5,1.7,0.7,1442,228,6070,24,7,5G_Mobile,1,5G,0,0.47,4,Accepted,467,No_Action,No_Offer,1
C2047,Galle,60+,100GB,40.1,16.9,16.8,239,53,13104,11,1,5G_Mobile,1,4G,0,0.25,1,Accepted,298,Upgrade_to_5G_SIM,Free_SIM_Replacement,0
C2048,Anuradhapura,46-60,20GB,15.6,6.0,5.4,975,101,5171,22,4,4G_Mobile,0,5G,0,0.11,0,Rejected,699,No_Action,No_Offer,0
C2049,Kandy,26-35,50GB,47.9,27.4,8.2,152,487,14606,4,8,5G_Mobile,1,4G,0,0.23,6,Accepted,597,Upgrade_to_100GB,10GB_Bonus,0
C2050,Kandy,18-25,50GB,59.1,29.0,12.8,1368,295,7655,4,5,5G_Mobile,1,5G,0,0.06,9,Accepted,692,Upgrade_to_100GB,10GB_Bonus,0
C2051,Gampaha,46-60,50GB,25.8,7.8,3.2,463,239,10607,1,7,Basic_Phone,0,4G,1,0.45,3,Rejected,696,Offer_New_Phone,Smartphone_Trade_In_Deal,0
C2052,Jaffna,46-60,50GB,57.2,9.5,19.3,2471,253,7185,2,3,Basic_Phone,0,4G,0,0.16,3,Rejected,584,Offer_New_Phone,Smartphone_Trade_In_Deal,0
C2053,Negombo,26-35,20GB,11.6,1.9,3.3,1981,62,6618,1,0,4G_Mobile,0,4G,1,0.08,3,Ignored,711,Offer_Voice_Pack,Unlimited_Local_Voice,1
C2054,Gampaha,26-35,10GB,7.1,2.1,0.6,158,242,17010,24,2,5G_Mobile,1,4G,1,0.44,0,Ignored,287,Upgrade_to_5G_SIM,Free_SIM_Replacement,0
C2055,Galle,18-25,20GB,9.9,3.7,4.1,573,510,4051,22,4,5G_Mobile,1,4G,1,0.18,9,Rejected,419,Upgrade_to_5G_SIM,Free_SIM_Replacement,0
C2056,Kandy,36-45,100GB,77.3,23.5,8.8,453,72,10134,19,2,4G_Mobile,0,5G,1,0.08,6,Rejected,614,Offer_New_Phone,5G_Phone_Upgrade_Offer,0
C2057,Badulla,36-45,10GB,5.8,0.8,1.7,1065,222,14872,21,8,Basic_Phone,0,4G,1,0.11,4,Ignored,35,Offer_New_Phone,Smartphone_Trade_In_Deal,1
C2058,Colombo,60+,50GB,52.8,8.5,18.6,1299,226,19718,4,0,4G_Mobile,0,4G,0,0.17,1,Ignored,593,Upgrade_to_100GB,10GB_Bonus,1
C2059,Galle,36-45,50GB,55.1,27.9,5.3,2477,284,7076,17,4,5G_Mobile,1,4G,0,0.16,3,Rejected,103,Upgrade_to_100GB,10GB_Bonus,1
C2060,Jaffna,60+,50GB,46.8,15.0,7.9,2344,372,13604,6,3,4G_Mobile,0,4G,1,0.3,9,Ignored,533,Upgrade_to_100GB,10GB_Bonus,1
C2061,Negombo,26-35,10GB,9.0,1.2,1.6,1415,144,18642,5,9,5G_Mobile,1,5G,1,0.41,6,Ignored,670,Upgrade_to_20GB,Data_Saver_Pack,1
C2062,Badulla,26-35,10GB,5.4,2.4,2.0,2093,163,9816,12,3,4G_Mobile,0,4G,1,0.39,3,Ignored,496,Offer_Voice_Pack,Unlimited_Local_Voice,0
C2063,Negombo,60+,10GB,12.3,2.9,1.3,1864,333,4649,1,8,5G_Mobile,1,4G,0,0.18,4,Accepted,474,Upgrade_to_20GB,Data_Saver_Pack,1
C2064,Batticaloa,60+,50GB,64.8,37.8,4.4,1775,594,13401,21,3,Basic_Phone,0,4G,1,0.09,9,Ignored,438,Offer_New_Phone,Smartphone_Trade_In_Deal,1
C2065,Kandy,46-60,20GB,16.7,6.5,6.7,1578,499,16540,24,0,5G_Mobile,1,4G,0,0.31,6,Accepted,519,Upgrade_to_5G_SIM,Free_SIM_Replacement,0
C2066,Badulla,36-45,10GB,12.7,5.9,2.8,71,370,15850,13,5,4G_Mobile,0,5G,0,0.29,2,Accepted,363,Upgrade_to_20GB,Data_Saver_Pack,1
C2067,Batticaloa,60+,20GB,12.1,3.2,4.5,1914,17,7517,5,3,4G_Mobile,0,4G,1,0.15,9,Ignored,419,Offer_Voice_Pack,Unlimited_Local_Voice,0
C2068,Gampaha,60+,50GB,21.4,6.8,1.9,2160,468,19927,6,0,4G_Mobile,0,4G,1,0.22,9,Rejected,655,Offer_Voice_Pack,Unlimited_Local_Voice,1
C2069,Batticaloa,36-45,10GB,12.4,6.5,1.4,750,516,10981,28,7,4G_Mobile,0,4G,1,0.6,5,Accepted,329,Upgrade_to_20GB,Data_Saver_Pack,0
C2070,Negombo,36-45,20GB,9.0,3.1,2.5,1461,198,11856,28,4,4G_Mobile,0,4G,1,0.17,9,Rejected,266,No_Action,No_Offer,0
C2071,Jaffna,18-25,20GB,11.0,6.3,1.2,2216,308,13304,21,7,4G_Mobile,0,4G,0,0.48,2,Rejected,45,Offer_Voice_Pack,Unlimited_Local_Voice,0
C2072,Anuradhapura,18-25,100GB,41.4,19.4,15.5,1789,80,15673,22,8,4G_Mobile,0,5G,0,0.19,4,Ignored,181,Upgrade_to_100GB,Premium_Business_Plan,0
C2073,Batticaloa,18-25,100GB,108.1,30.3,30.8,1398,346,13062,18,8,5G_Mobile,1,5G,1,0.3,7,Accepted,152,No_Action,No_Offer,1
C2074,Jaffna,36-45,50GB,30.6,3.5,5.0,603,66,14712,11,7,4G_Mobile,0,4G,1,0.38,0,Ignored,536,Upgrade_to_100GB,Premium_Business_Plan,1
C2075,Matara,36-45,20GB,12.5,1.4,1.8,831,318,10863,4,8,5G_Mobile,1,4G,1,0.32,1,Rejected,417,Upgrade_to_5G_SIM,Free_SIM_Replacement,0
C2076,Matara,46-60,20GB,11.3,1.7,0.9,2002,197,14029,28,4,4G_Mobile,0,4G,1,0.37,9,Ignored,634,Offer_Voice_Pack,Unlimited_Local_Voice,1
C2077,Anuradhapura,18-25,50GB,22.0,3.2,8.2,334,566,1167,21,9,Basic_Phone,0,5G,1,0.11,1,Rejected,602,No_Action,No_Offer,1
C2078,Jaffna,60+,50GB,59.9,7.6,25.7,345,458,5612,5,7,Basic_Phone,0,4G,1,0.19,3,Accepted,21,Buy_Social_Media_Package,Social_Unlimited_Add_On,1
C2079,Kandy,26-35,10GB,9.3,5.0,1.7,984,119,19751,25,8,5G_Mobile,1,4G,1,0.37,8,Rejected,86,Upgrade_to_20GB,Data_Saver_Pack,1
C2080,Negombo,18-25,10GB,8.7,3.7,0.9,175,448,16616,7,4,Basic_Phone,0,4G,0,0.45,1,Rejected,72,Offer_New_Phone,Smartphone_Trade_In_Deal,0
C2081,Negombo,18-25,20GB,16.2,6.4,4.3,418,444,17877,4,2,4G_Mobile,0,4G,1,0.29,3,Ignored,109,Upgrade_to_100GB,Premium_Business_Plan,1
C2082,Badulla,26-35,10GB,12.8,5.9,1.5,2443,494,15799,3,5,4G_Mobile,0,4G,0,0.57,3,Rejected,9,Upgrade_to_20GB,Data_Saver_Pack,1
C2083,Matara,60+,100GB,57.2,19.8,13.6,416,548,8043,19,5,5G_Mobile,1,5G,1,0.29,4,Rejected,436,No_Action,No_Offer,0
C2084,Galle,36-45,10GB,5.2,1.1,1.0,1043,403,11852,6,1,4G_Mobile,0,4G,1,0.41,3,Rejected,322,No_Action,No_Offer,0
C2085,Trincomalee,36-45,100GB,99.3,36.5,23.5,63,237,2514,15,3,4G_Mobile,0,5G,0,0.57,0,Rejected,561,Offer_New_Phone,5G_Phone_Upgrade_Offer,0
C2086,Badulla,26-35,20GB,10.4,4.2,4.0,1053,345,10704,21,5,5G_Mobile,1,5G,1,0.31,1,Ignored,635,No_Action,No_Offer,0
C2087,Galle,18-25,50GB,31.1,15.8,9.4,600,227,5249,23,1,5G_Mobile,1,5G,1,0.15,6,Ignored,675,No_Action,No_Offer,1
C2088,Colombo,36-45,20GB,17.6,7.1,6.4,2482,272,12211,8,1,4G_Mobile,0,5G,1,0.4,6,Accepted,111,Upgrade_to_50GB,5GB_Bonus,1
C2089,Anuradhapura,26-35,50GB,37.8,10.6,13.9,1914,461,16707,4,1,4G_Mobile,0,5G,0,0.24,8,Accepted,46,Offer_Voice_Pack,Unlimited_Local_Voice,0
C2090,Matara,60+,100GB,90.4,10.6,29.1,1205,346,16291,16,3,5G_Mobile,1,5G,0,0.25,7,Rejected,298,Offer_Home_Router,Router_Bundle_Deal,0
C2091,Anuradhapura,26-35,10GB,7.3,2.3,1.6,1006,290,9807,13,4,5G_Mobile,1,5G,1,0.49,3,Rejected,377,No_Action,No_Offer,1
C2092,Matara,26-35,10GB,7.9,1.2,1.0,333,469,18195,7,2,4G_Mobile,0,4G,1,0.68,8,Accepted,258,Retention_Offer,Service_Recovery_Pack,1
C2093,Gampaha,36-45,20GB,17.5,2.7,6.5,2416,586,8244,12,2,4G_Mobile,0,4G,1,0.33,3,Accepted,434,Upgrade_to_50GB,5GB_Bonus,1
C2094,Ratnapura,18-25,20GB,16.0,2.5,3.6,804,19,5857,19,4,Basic_Phone,0,4G,1,0.29,7,Ignored,660,No_Action,No_Offer,0
C2095,Gampaha,60+,50GB,42.4,17.8,11.4,411,409,9363,17,8,5G_Mobile,1,5G,1,0.57,7,Ignored,215,Retention_Offer,Service_Recovery_Pack,0
C2096,Batticaloa,46-60,100GB,69.8,24.7,4.1,372,322,12957,22,2,5G_Mobile,1,4G,1,0.09,2,Ignored,612,Upgrade_to_5G_SIM,Free_SIM_Replacement,1
C2097,Gampaha,36-45,20GB,12.5,3.3,5.0,2303,251,9853,24,2,4G_Mobile,0,4G,0,0.32,7,Rejected,589,Offer_Voice_Pack,Unlimited_Local_Voice,1
C2098,Matara,26-35,10GB,8.9,4.6,0.8,679,330,1758,20,1,5G_Mobile,1,5G,1,0.21,9,Accepted,315,Upgrade_to_20GB,Data_Saver_Pack,1
C2099,Batticaloa,46-60,20GB,8.3,3.3,1.6,774,393,13408,16,1,4G_Mobile,0,4G,1,0.14,7,Rejected,717,No_Action,No_Offer,1
C2100,Kurunegala,18-25,20GB,10.6,1.4,1.6,58,176,19791,17,8,4G_Mobile,0,4G,1,0.08,3,Accepted,256,Upgrade_to_100GB,Premium_Business_Plan,0
C2101,Kandy,36-45,50GB,51.1,14.0,5.5,1523,163,17252,13,3,4G_Mobile,0,4G,1,0.27,9,Ignored,431,Upgrade_to_100GB,10GB_Bonus,0
C2102,Galle,18-25,10GB,4.5,1.7,1.2,1836,386,13139,26,1,5G_Mobile,1,4G,1,0.44,9,Rejected,117,Offer_Voice_Pack,Unlimited_Local_Voice,1
C2103,Galle,36-45,10GB,10.0,4.7,3.8,828,92,8627,13,6,Basic_Phone,0,4G,1,0.12,2,Rejected,202,Offer_New_Phone,Smartphone_Trade_In_Deal,1
C2104,Badulla,26-35,20GB,25.2,12.6,4.7,1880,412,5182,3,7,5G_Mobile,1,5G,1,0.2,9,Ignored,101,Upgrade_to_50GB,5GB_Bonus,1
C2105,Ratnapura,60+,10GB,5.9,3.0,1.8,539,325,13586,26,7,5G_Mobile,1,5G,1,0.54,0,Accepted,617,No_Action,No_Offer,0
C2106,Negombo,26-35,20GB,14.4,4.7,4.2,1385,450,2481,20,6,4G_Mobile,0,4G,1,0.25,0,Rejected,701,No_Action,No_Offer,1
C2107,Matara,60+,20GB,19.6,11.6,2.1,1227,321,13794,15,6,4G_Mobile,0,5G,0,0.23,3,Ignored,513,Upgrade_to_50GB,5GB_Bonus,1
C2108,Galle,26-35,50GB,46.7,15.2,16.0,1618,129,4573,11,7,Basic_Phone,0,4G,0,0.15,3,Ignored,194,Upgrade_to_100GB,10GB_Bonus,0
C2109,Trincomalee,36-45,10GB,5.8,1.8,0.5,1888,332,991,15,4,4G_Mobile,0,4G,0,0.26,0,Accepted,548,Offer_Voice_Pack,Unlimited_Local_Voice,1
C2110,Galle,26-35,50GB,45.7,18.3,13.9,2106,7,3517,3,9,5G_Mobile,1,5G,0,0.05,6,Ignored,617,Upgrade_to_100GB,10GB_Bonus,1
C2111,Batticaloa,18-25,10GB,6.9,1.6,3.1,1157,185,5413,9,0,4G_Mobile,0,4G,1,0.32,2,Rejected,539,Cross_Sell_Add_On,First_Add_On_Free,1
C2112,Negombo,46-60,50GB,38.2,20.7,15.6,832,4,1221,22,4,5G_Mobile,1,5G,0,0.46,5,Accepted,425,No_Action,No_Offer,0
C2113,Colombo,36-45,100GB,97.6,55.9,33.7,412,214,10112,7,9,4G_Mobile,0,4G,0,0.28,0,Accepted,570,Offer_Home_Router,Router_Bundle_Deal,1
C2114,Ratnapura,18-25,10GB,4.4,1.0,0.5,1562,243,9728,15,0,4G_Mobile,0,4G,0,0.12,9,Rejected,332,Cross_Sell_Add_On,First_Add_On_Free,1
C2115,Ratnapura,60+,100GB,97.2,32.5,18.4,967,494,12699,22,0,5G_Mobile,1,5G,1,0.05,8,Rejected,634,Cross_Sell_Add_On,First_Add_On_Free,0
C2116,Colombo,18-25,50GB,63.6,10.2,23.5,1290,195,8467,28,4,5G_Mobile,1,4G,0,0.35,7,Ignored,612,Buy_Social_Media_Package,Social_Unlimited_Add_On,0
C2117,Negombo,18-25,20GB,8.3,1.2,2.7,2322,581,3655,6,6,4G_Mobile,0,5G,1,0.14,4,Accepted,95,Offer_Voice_Pack,Unlimited_Local_Voice,0
C2118,Anuradhapura,46-60,10GB,5.5,3.1,0.6,824,70,14286,24,2,4G_Mobile,0,4G,1,0.03,9,Ignored,621,Upgrade_to_100GB,Premium_Business_Plan,0
C2119,Negombo,60+,50GB,51.1,17.0,14.5,56,272,12694,17,8,5G_Mobile,1,5G,0,0.21,9,Rejected,396,Upgrade_to_100GB,10GB_Bonus,0
C2120,Gampaha,36-45,20GB,9.8,5.0,2.4,1289,287,11715,17,7,5G_Mobile,1,4G,0,0.01,8,Ignored,644,Upgrade_to_5G_SIM,Free_SIM_Replacement,1
C2121,Negombo,26-35,20GB,17.6,8.9,7.2,1630,321,13068,7,2,5G_Mobile,1,5G,1,0.63,0,Accepted,256,Upgrade_to_50GB,5GB_Bonus,1
C2122,Kurunegala,60+,20GB,16.7,2.1,3.6,1241,317,4821,11,8,Basic_Phone,0,4G,1,0.28,8,Accepted,60,No_Action,No_Offer,1
C2123,Kurunegala,60+,50GB,44.0,13.7,19.1,1479,436,14688,28,6,4G_Mobile,0,4G,0,0.14,2,Ignored,692,Upgrade_to_100GB,10GB_Bonus,0
C2124,Batticaloa,46-60,20GB,25.2,8.3,7.4,1275,272,4334,17,6,4G_Mobile,0,4G,0,0.18,6,Accepted,60,Upgrade_to_50GB,5GB_Bonus,0
C2125,Gampaha,26-35,20GB,18.7,6.9,7.2,674,188,11578,22,5,5G_Mobile,1,4G,1,0.19,3,Ignored,314,Upgrade_to_50GB,5GB_Bonus,1
C2126,Kurunegala,60+,20GB,12.4,7.1,1.7,2134,279,14896,7,0,Basic_Phone,0,4G,1,0.52,7,Rejected,305,Offer_New_Phone,Smartphone_Trade_In_Deal,1
C2127,Badulla,18-25,20GB,8.7,3.1,2.1,1868,437,19147,26,5,4G_Mobile,0,5G,0,0.13,6,Ignored,485,Offer_Voice_Pack,Unlimited_Local_Voice,0
C2128,Gampaha,18-25,100GB,53.0,7.5,5.4,111,267,2519,7,8,4G_Mobile,0,5G,1,0.14,5,Accepted,614,No_Action,No_Offer,0
C2129,Galle,36-45,10GB,10.0,5.4,2.5,109,182,16923,16,5,4G_Mobile,0,4G,0,0.16,9,Ignored,488,Upgrade_to_20GB,Data_Saver_Pack,0
C2130,Ratnapura,36-45,10GB,7.8,1.2,1.0,644,241,8312,8,4,Basic_Phone,0,4G,1,0.14,6,Rejected,228,Offer_New_Phone,Smartphone_Trade_In_Deal,1
C2131,Negombo,36-45,20GB,19.8,10.0,1.8,2364,267,12026,28,9,4G_Mobile,0,5G,0,0.39,5,Ignored,21,Upgrade_to_50GB,5GB_Bonus,0
C2132,Negombo,26-35,10GB,10.5,5.3,0.8,428,502,2251,15,7,5G_Mobile,1,5G,1,0.63,5,Ignored,654,Upgrade_to_20GB,Data_Saver_Pack,0
C2133,Kandy,60+,100GB,121.0,47.3,20.7,920,22,12798,23,3,5G_Mobile,1,5G,0,0.24,9,Accepted,334,Offer_Home_Router,Router_Bundle_Deal,0
C2134,Gampaha,26-35,20GB,20.0,3.4,1.3,2479,82,8340,9,6,5G_Mobile,1,4G,1,0.11,3,Rejected,424,Upgrade_to_50GB,5GB_Bonus,0
C2135,Colombo,46-60,50GB,36.1,15.1,7.3,1920,343,1282,18,9,4G_Mobile,0,5G,0,0.08,9,Ignored,383,Offer_Voice_Pack,Unlimited_Local_Voice,1
C2136,Badulla,46-60,50GB,40.0,6.9,5.6,1692,2,6443,21,5,Basic_Phone,0,4G,0,0.1,3,Ignored,373,Offer_New_Phone,Smartphone_Trade_In_Deal,0
C2137,Ratnapura,36-45,10GB,10.6,4.0,1.3,2459,597,16853,29,4,4G_Mobile,0,4G,0,0.36,1,Accepted,614,Upgrade_to_20GB,Data_Saver_Pack,1
C2138,Batticaloa,46-60,100GB,46.2,5.0,8.1,502,593,8412,29,3,4G_Mobile,0,4G,0,0.16,6,Accepted,376,No_Action,No_Offer,0
C2139,Ratnapura,36-45,20GB,23.3,11.3,2.5,1244,326,3923,29,8,4G_Mobile,0,5G,1,0.02,8,Accepted,519,Upgrade_to_50GB,5GB_Bonus,1
C2140,Badulla,36-45,10GB,7.7,4.1,2.4,1169,596,19210,10,6,5G_Mobile,1,5G,0,0.12,3,Rejected,587,Upgrade_to_100GB,Premium_Business_Plan,1
C2141,Colombo,18-25,100GB,97.1,20.7,23.5,188,451,5949,7,7,5G_Mobile,1,4G,0,0.2,1,Accepted,35,Offer_Home_Router,Router_Bundle_Deal,1
C2142,Batticaloa,18-25,50GB,41.6,18.8,8.8,1601,134,14960,1,6,5G_Mobile,1,5G,1,0.16,8,Ignored,195,Upgrade_to_100GB,Premium_Business_Plan,1
C2143,Galle,18-25,100GB,98.3,30.8,6.2,653,463,19571,22,2,5G_Mobile,1,5G,1,0.22,6,Ignored,645,Upgrade_to_100GB,Premium_Business_Plan,0
C2144,Batticaloa,18-25,100GB,42.4,4.7,8.3,1733,263,19509,4,4,4G_Mobile,0,4G,1,0.42,0,Ignored,335,Upgrade_to_100GB,Premium_Business_Plan,1
C2145,Gampaha,26-35,100GB,83.6,40.5,11.6,1016,548,1260,21,0,Basic_Phone,0,4G,1,0.36,6,Ignored,655,Cross_Sell_Add_On,First_Add_On_Free,0
C2146,Ratnapura,60+,10GB,12.7,1.5,4.3,1917,265,9472,10,2,4G_Mobile,0,4G,0,0.15,3,Rejected,291,Upgrade_to_20GB,Data_Saver_Pack,1
C2147,Anuradhapura,46-60,10GB,4.8,2.3,2.1,734,364,15448,17,9,4G_Mobile,0,4G,0,0.43,2,Accepted,576,Upgrade_to_100GB,Premium_Business_Plan,0
C2148,Galle,26-35,10GB,12.1,5.5,4.3,1604,30,6858,17,1,Basic_Phone,0,5G,0,0.09,9,Accepted,55,Offer_New_Phone,Smartphone_Trade_In_Deal,0
C2149,Kandy,18-25,50GB,56.1,16.9,4.8,1477,27,4783,25,1,5G_Mobile,1,5G,0,0.18,3,Accepted,205,Upgrade_to_100GB,10GB_Bonus,0
C2150,Trincomalee,60+,20GB,8.5,2.1,1.1,1088,210,15867,7,7,Basic_Phone,0,4G,1,0.24,0,Rejected,318,Offer_New_Phone,Smartphone_Trade_In_Deal,0
C2151,Batticaloa,36-45,50GB,49.6,21.0,14.8,1392,294,18464,2,6,5G_Mobile,1,5G,0,0.19,1,Accepted,491,Upgrade_to_100GB,10GB_Bonus,1
C2152,Matara,18-25,50GB,45.1,22.5,17.9,1837,151,1947,18,2,4G_Mobile,0,4G,0,0.17,5,Ignored,585,Upgrade_to_100GB,10GB_Bonus,0
C2153,Colombo,46-60,10GB,11.1,6.5,0.9,1376,153,1475,19,4,4G_Mobile,0,5G,0,0.3,8,Rejected,418,Upgrade_to_20GB,Data_Saver_Pack,1
C2154,Galle,46-60,100GB,84.8,50.0,7.0,812,258,19862,16,1,4G_Mobile,0,5G,0,0.18,9,Rejected,265,Offer_New_Phone,5G_Phone_Upgrade_Offer,1
C2155,Gampaha,46-60,20GB,9.5,2.8,1.6,2499,253,1564,25,4,4G_Mobile,0,4G,1,0.26,9,Accepted,721,Offer_Voice_Pack,Unlimited_Local_Voice,0
C2156,Anuradhapura,26-35,100GB,49.7,14.2,4.7,2029,297,18560,4,7,5G_Mobile,1,5G,0,0.18,9,Rejected,47,Offer_Voice_Pack,Unlimited_Local_Voice,0
C2157,Matara,36-45,20GB,15.9,5.6,6.5,2370,500,2924,25,5,4G_Mobile,0,4G,1,0.36,9,Rejected,363,Offer_Voice_Pack,Unlimited_Local_Voice,1
C2158,Ratnapura,60+,100GB,70.0,12.6,5.7,562,507,817,15,5,4G_Mobile,0,4G,1,0.21,7,Ignored,273,No_Action,No_Offer,1
C2159,Badulla,60+,20GB,23.2,12.8,7.1,135,556,13785,16,3,4G_Mobile,0,4G,1,0.53,0,Ignored,362,Upgrade_to_50GB,5GB_Bonus,1
C2160,Galle,46-60,50GB,44.3,25.9,4.6,1829,443,12388,10,7,5G_Mobile,1,4G,1,0.24,2,Accepted,52,Upgrade_to_100GB,10GB_Bonus,1
C2161,Batticaloa,36-45,20GB,20.6,10.1,9.2,496,172,2745,3,6,4G_Mobile,0,5G,1,0.14,8,Ignored,539,Upgrade_to_50GB,5GB_Bonus,0
C2162,Gampaha,26-35,10GB,4.9,2.0,0.5,487,280,10391,24,9,Basic_Phone,0,4G,1,0.4,7,Accepted,359,Offer_New_Phone,Smartphone_Trade_In_Deal,1
C2163,Badulla,46-60,50GB,43.1,24.4,14.5,2116,482,16085,1,2,5G_Mobile,1,4G,0,0.35,5,Rejected,692,Upgrade_to_100GB,10GB_Bonus,1
C2164,Trincomalee,46-60,10GB,9.2,3.9,3.0,1312,413,17687,1,6,5G_Mobile,1,5G,0,0.41,1,Accepted,429,Upgrade_to_20GB,Data_Saver_Pack,0
C2165,Gampaha,26-35,100GB,98.4,43.9,18.0,694,234,19539,1,3,Basic_Phone,0,5G,1,0.14,3,Ignored,462,Offer_New_Phone,Smartphone_Trade_In_Deal,0
C2166,Badulla,60+,20GB,8.3,1.0,1.1,507,473,16410,26,0,4G_Mobile,0,4G,1,0.35,7,Ignored,721,Upgrade_to_100GB,Premium_Business_Plan,1
C2167,Batticaloa,60+,20GB,9.0,4.0,2.3,591,168,2066,4,2,Basic_Phone,0,5G,0,0.52,0,Ignored,168,No_Action,No_Offer,1
C2168,Jaffna,18-25,50GB,54.4,8.7,3.6,708,1,14139,5,9,5G_Mobile,1,4G,0,0.16,0,Ignored,700,Upgrade_to_100GB,10GB_Bonus,0
C2169,Galle,36-45,100GB,49.0,28.9,13.7,2252,513,8493,25,3,4G_Mobile,0,4G,0,0.31,9,Rejected,299,Offer_Voice_Pack,Unlimited_Local_Voice,1
C2170,Jaffna,26-35,20GB,19.0,8.1,2.9,413,277,19162,12,4,Basic_Phone,0,4G,1,0.05,8,Ignored,608,Offer_New_Phone,Smartphone_Trade_In_Deal,1
C2171,Galle,26-35,50GB,59.0,7.8,4.1,180,423,2362,15,0,4G_Mobile,0,5G,0,0.32,8,Accepted,236,Upgrade_to_100GB,10GB_Bonus,0
C2172,Kurunegala,60+,20GB,25.9,6.8,2.3,1187,77,5020,29,5,5G_Mobile,1,5G,0,0.27,1,Rejected,93,Upgrade_to_50GB,5GB_Bonus,1
C2173,Kurunegala,36-45,10GB,10.6,1.6,3.3,1568,588,10476,26,6,4G_Mobile,0,4G,0,0.32,2,Rejected,669,Upgrade_to_20GB,Data_Saver_Pack,1
C2174,Matara,18-25,10GB,7.9,3.6,2.4,1937,100,9300,10,0,Basic_Phone,0,5G,1,0.3,6,Accepted,67,Offer_New_Phone,Smartphone_Trade_In_Deal,1
C2175,Kandy,46-60,100GB,70.2,12.8,26.1,1649,564,2544,13,4,Basic_Phone,0,4G,0,0.15,5,Accepted,333,Offer_Home_Router,Router_Bundle_Deal,0
C2176,Anuradhapura,18-25,20GB,17.0,3.1,1.6,833,264,18477,19,1,4G_Mobile,0,4G,0,0.2,6,Accepted,666,Upgrade_to_100GB,Premium_Business_Plan,0
C2177,Batticaloa,36-45,20GB,9.8,2.1,1.1,2136,583,6171,7,0,4G_Mobile,0,4G,0,0.38,2,Accepted,619,Offer_Voice_Pack,Unlimited_Local_Voice,0
C2178,Colombo,60+,20GB,23.4,12.7,9.0,1245,320,9126,13,3,5G_Mobile,1,5G,1,0.16,5,Ignored,70,Upgrade_to_50GB,5GB_Bonus,0
C2179,Jaffna,18-25,20GB,25.1,4.3,10.1,533,518,7775,16,5,4G_Mobile,0,4G,1,0.62,3,Accepted,272,Upgrade_to_50GB,5GB_Bonus,0
C2180,Anuradhapura,46-60,10GB,8.2,4.3,2.0,1549,583,8424,16,3,Basic_Phone,0,5G,0,0.52,3,Ignored,473,Offer_New_Phone,Smartphone_Trade_In_Deal,0
C2181,Gampaha,60+,50GB,49.3,26.2,5.1,1925,365,2996,10,7,4G_Mobile,0,4G,0,0.03,3,Accepted,225,Upgrade_to_100GB,10GB_Bonus,1
C2182,Ratnapura,60+,50GB,39.1,5.5,2.1,1216,493,6159,6,8,4G_Mobile,0,5G,0,0.04,1,Ignored,561,No_Action,No_Offer,0
C2183,Negombo,46-60,20GB,10.4,4.6,3.5,637,285,3473,29,4,4G_Mobile,0,4G,0,0.14,9,Accepted,515,No_Action,No_Offer,0
C2184,Negombo,46-60,50GB,50.6,8.3,6.9,883,27,10102,21,3,4G_Mobile,0,5G,0,0.11,0,Ignored,443,Upgrade_to_100GB,10GB_Bonus,0
C2185,Colombo,60+,10GB,12.9,5.5,4.2,1867,428,11936,28,2,5G_Mobile,1,5G,0,0.27,1,Rejected,664,Upgrade_to_20GB,Data_Saver_Pack,1
C2186,Trincomalee,60+,50GB,27.3,12.1,10.3,979,60,13794,8,0,4G_Mobile,0,4G,1,0.16,9,Ignored,415,Cross_Sell_Add_On,First_Add_On_Free,1
C2187,Batticaloa,46-60,10GB,10.8,3.0,1.8,2451,84,12276,1,4,5G_Mobile,1,5G,1,0.21,8,Accepted,49,Upgrade_to_20GB,Data_Saver_Pack,1
C2188,Batticaloa,46-60,10GB,7.5,1.5,1.5,1676,283,2462,16,6,Basic_Phone,0,4G,1,0.47,2,Accepted,34,No_Action,No_Offer,1
C2189,Ratnapura,18-25,20GB,12.5,2.9,3.3,941,517,17689,3,0,5G_Mobile,1,5G,0,0.38,4,Accepted,348,Upgrade_to_100GB,Premium_Business_Plan,0
C2190,Gampaha,46-60,20GB,12.0,6.6,4.7,168,369,4980,20,4,5G_Mobile,1,4G,0,0.52,7,Ignored,696,Retention_Offer,Service_Recovery_Pack,1
C2191,Gampaha,18-25,50GB,40.6,7.3,5.9,234,387,1505,29,8,Basic_Phone,0,4G,1,0.2,1,Accepted,188,No_Action,No_Offer,0
C2192,Badulla,46-60,50GB,48.8,29.1,12.5,2415,21,7863,25,1,Basic_Phone,0,4G,0,0.53,5,Accepted,420,Offer_New_Phone,Smartphone_Trade_In_Deal,1
C2193,Kurunegala,60+,50GB,61.7,25.5,3.7,665,357,10941,15,0,5G_Mobile,1,4G,1,0.08,7,Rejected,404,Upgrade_to_100GB,10GB_Bonus,0
C2194,Kandy,36-45,10GB,12.1,1.8,5.2,51,311,17396,26,1,4G_Mobile,0,5G,1,0.21,2,Accepted,393,Upgrade_to_20GB,Data_Saver_Pack,0
C2195,Ratnapura,46-60,50GB,51.8,22.8,16.2,136,34,17445,20,3,5G_Mobile,1,4G,1,0.39,7,Rejected,488,Upgrade_to_100GB,10GB_Bonus,0
C2196,Negombo,36-45,20GB,13.4,5.8,5.7,131,585,3768,19,8,Basic_Phone,0,4G,1,0.23,6,Rejected,174,No_Action,No_Offer,0
C2197,Ratnapura,36-45,50GB,23.9,3.1,7.5,2443,303,19482,27,3,Basic_Phone,0,4G,1,0.09,2,Rejected,353,Offer_New_Phone,Smartphone_Trade_In_Deal,0
C2198,Ratnapura,46-60,50GB,58.9,24.3,19.5,1794,2,5201,28,6,4G_Mobile,0,4G,1,0.08,2,Accepted,127,Upgrade_to_100GB,10GB_Bonus,1
C2199,Matara,36-45,50GB,21.7,6.4,9.1,741,97,9624,11,8,4G_Mobile,0,4G,0,0.37,0,Ignored,100,No_Action,No_Offer,1
C2200,Negombo,18-25,20GB,12.1,1.6,4.8,156,185,17600,8,4,4G_Mobile,0,5G,0,0.31,9,Ignored,413,Upgrade_to_100GB,Premium_Business_Plan,1
C2201,Negombo,18-25,20GB,19.8,3.6,2.9,1856,52,17927,26,0,Basic_Phone,0,4G,0,0.24,8,Accepted,535,Offer_New_Phone,Smartphone_Trade_In_Deal,0
C2202,Jaffna,46-60,20GB,11.9,4.6,2.9,397,425,4245,28,3,4G_Mobile,0,4G,1,0.3,8,Ignored,291,No_Action,No_Offer,0
C2203,Kandy,60+,20GB,25.1,14.8,9.1,1411,414,10038,15,7,Basic_Phone,0,5G,0,0.3,1,Accepted,55,Offer_New_Phone,Smartphone_Trade_In_Deal,1
C2204,Kurunegala,18-25,50GB,38.9,11.6,13.3,1517,136,1777,16,9,Basic_Phone,0,5G,0,0.32,2,Accepted,317,No_Action,No_Offer,0
C2205,Badulla,46-60,20GB,18.8,5.0,8.4,1882,492,16056,6,2,4G_Mobile,0,4G,1,0.1,7,Ignored,405,Upgrade_to_50GB,5GB_Bonus,0
C2206,Ratnapura,26-35,50GB,27.7,13.0,8.0,2274,248,6465,7,4,5G_Mobile,1,5G,0,0.33,9,Rejected,700,Offer_Voice_Pack,Unlimited_Local_Voice,0
C2207,Gampaha,46-60,10GB,11.4,1.5,1.3,2094,133,15921,21,1,5G_Mobile,1,5G,1,0.35,0,Accepted,416,Upgrade_to_20GB,Data_Saver_Pack,0
C2208,Kandy,26-35,50GB,56.0,31.0,8.3,2078,239,16047,8,4,5G_Mobile,1,5G,0,0.37,1,Ignored,476,Upgrade_to_100GB,10GB_Bonus,1
C2209,Matara,18-25,50GB,50.3,7.0,21.9,2132,349,10847,5,5,4G_Mobile,0,4G,1,0.55,4,Ignored,99,Buy_Social_Media_Package,Social_Unlimited_Add_On,0
C2210,Colombo,46-60,20GB,18.3,7.5,4.0,677,340,14618,14,5,4G_Mobile,0,4G,1,0.3,8,Accepted,722,Upgrade_to_50GB,5GB_Bonus,1
C2211,Kandy,36-45,10GB,5.4,2.2,0.5,863,2,2738,5,6,Basic_Phone,0,4G,0,0.46,1,Rejected,661,No_Action,No_Offer,0
C2212,Anuradhapura,18-25,50GB,52.5,15.6,18.5,193,493,5408,6,0,4G_Mobile,0,4G,1,0.27,5,Ignored,458,Upgrade_to_100GB,10GB_Bonus,0
C2213,Ratnapura,26-35,10GB,11.4,1.5,1.9,619,452,10158,27,6,Basic_Phone,0,4G,1,0.16,7,Ignored,475,Offer_New_Phone,Smartphone_Trade_In_Deal,1
C2214,Trincomalee,60+,10GB,6.5,0.8,2.4,1450,90,4382,15,4,5G_Mobile,1,5G,0,0.2,4,Rejected,411,No_Action,No_Offer,0
C2215,Badulla,36-45,50GB,48.2,19.7,7.5,805,44,15492,28,2,4G_Mobile,0,5G,1,0.45,6,Accepted,509,Upgrade_to_100GB,10GB_Bonus,1
C2216,Trincomalee,18-25,20GB,11.2,2.7,3.9,227,287,11966,5,8,5G_Mobile,1,4G,0,0.42,1,Accepted,69,Upgrade_to_5G_SIM,Free_SIM_Replacement,1
C2217,Jaffna,26-35,10GB,4.2,1.9,0.5,2144,501,6351,10,6,5G_Mobile,1,5G,0,0.2,7,Ignored,471,Offer_Voice_Pack,Unlimited_Local_Voice,1
C2218,Gampaha,18-25,50GB,41.0,24.5,4.7,1878,70,1803,14,7,5G_Mobile,1,4G,1,0.27,1,Ignored,691,Offer_Voice_Pack,Unlimited_Local_Voice,0
C2219,Badulla,26-35,20GB,23.4,10.6,6.5,1511,271,11285,21,4,Basic_Phone,0,4G,0,0.38,9,Ignored,367,Offer_New_Phone,Smartphone_Trade_In_Deal,1
C2220,Kurunegala,26-35,20GB,9.0,1.6,3.6,1316,190,16487,29,7,4G_Mobile,0,4G,1,0.1,7,Ignored,485,Upgrade_to_100GB,Premium_Business_Plan,0
C2221,Trincomalee,60+,20GB,24.1,7.4,2.4,1141,441,11551,25,1,4G_Mobile,0,4G,1,0.22,3,Ignored,433,Upgrade_to_50GB,5GB_Bonus,1
C2222,Badulla,46-60,10GB,5.6,2.9,0.6,2370,588,4878,4,9,5G_Mobile,1,4G,0,0.25,9,Accepted,109,Offer_Voice_Pack,Unlimited_Local_Voice,0
C2223,Trincomalee,60+,10GB,12.7,6.8,5.2,2225,382,9602,14,6,5G_Mobile,1,5G,0,0.71,8,Ignored,92,Upgrade_to_20GB,Data_Saver_Pack,1
C2224,Galle,18-25,10GB,6.0,3.3,0.8,1682,396,19850,25,9,5G_Mobile,1,4G,1,0.3,8,Accepted,331,Upgrade_to_5G_SIM,Free_SIM_Replacement,1
C2225,Matara,18-25,20GB,14.6,7.9,5.4,1097,449,6418,24,6,4G_Mobile,0,5G,0,0.26,2,Ignored,579,No_Action,No_Offer,1
C2226,Matara,46-60,50GB,30.6,9.5,5.6,734,221,4408,4,4,5G_Mobile,1,5G,1,0.45,3,Ignored,605,No_Action,No_Offer,0
C2227,Gampaha,26-35,100GB,106.2,61.0,24.3,132,453,6249,3,0,5G_Mobile,1,5G,1,0.18,8,Accepted,178,No_Action,No_Offer,1
C2228,Ratnapura,60+,20GB,10.9,3.4,4.3,311,496,14675,15,7,Basic_Phone,0,4G,0,0.31,1,Rejected,427,Offer_New_Phone,Smartphone_Trade_In_Deal,1
C2229,Colombo,46-60,100GB,123.6,47.2,38.1,1130,481,5002,18,7,4G_Mobile,0,5G,1,0.28,6,Accepted,106,Offer_New_Phone,5G_Phone_Upgrade_Offer,1
C2230,Batticaloa,26-35,10GB,5.5,0.8,0.9,2334,278,3601,27,8,4G_Mobile,0,5G,0,0.33,5,Rejected,314,Offer_Voice_Pack,Unlimited_Local_Voice,1
C2231,Kurunegala,26-35,10GB,4.1,2.4,0.6,1535,505,3585,3,5,Basic_Phone,0,4G,0,0.28,6,Rejected,680,No_Action,No_Offer,1
C2232,Gampaha,46-60,10GB,12.4,3.7,3.9,1284,95,6794,15,2,4G_Mobile,0,4G,1,0.31,1,Ignored,583,Upgrade_to_20GB,Data_Saver_Pack,1
C2233,Trincomalee,18-25,20GB,21.2,4.2,1.2,2270,507,7497,28,8,4G_Mobile,0,4G,0,0.34,7,Rejected,662,Upgrade_to_50GB,5GB_Bonus,0
C2234,Kandy,36-45,20GB,13.6,4.6,3.9,197,3,8955,22,9,Basic_Phone,0,4G,1,0.56,8,Ignored,165,Offer_New_Phone,Smartphone_Trade_In_Deal,0
C2235,Matara,18-25,50GB,40.6,14.5,5.6,1552,171,6634,2,9,Basic_Phone,0,4G,0,0.34,5,Accepted,519,Offer_New_Phone,Smartphone_Trade_In_Deal,1
C2236,Trincomalee,46-60,10GB,8.2,1.4,2.6,477,171,10690,4,2,4G_Mobile,0,4G,1,0.23,9,Rejected,28,No_Action,No_Offer,0
C2237,Anuradhapura,46-60,20GB,24.2,11.2,9.2,272,595,6776,4,9,5G_Mobile,1,4G,1,0.35,1,Ignored,35,Upgrade_to_50GB,5GB_Bonus,0
C2238,Colombo,36-45,100GB,90.4,20.9,9.0,2487,330,18393,5,1,5G_Mobile,1,5G,1,0.35,6,Ignored,710,Offer_Voice_Pack,Unlimited_Local_Voice,0
C2239,Negombo,18-25,20GB,10.4,3.5,3.6,831,301,19916,16,8,Basic_Phone,0,4G,0,0.47,9,Ignored,49,Offer_New_Phone,Smartphone_Trade_In_Deal,1
C2240,Jaffna,46-60,20GB,20.2,11.3,3.0,1620,508,1578,9,7,Basic_Phone,0,4G,1,0.15,1,Accepted,76,Upgrade_to_50GB,5GB_Bonus,0
C2241,Galle,36-45,50GB,35.2,13.8,4.8,1411,212,9433,6,0,4G_Mobile,0,4G,1,0.48,6,Ignored,323,Cross_Sell_Add_On,First_Add_On_Free,0
C2242,Batticaloa,18-25,50GB,51.1,24.4,9.8,1956,105,12945,14,4,5G_Mobile,1,5G,1,0.06,0,Ignored,567,Upgrade_to_100GB,10GB_Bonus,1
C2243,Galle,26-35,20GB,14.1,5.3,4.5,1126,176,11281,7,6,4G_Mobile,0,4G,1,0.07,2,Accepted,417,No_Action,No_Offer,1
C2244,Kandy,26-35,20GB,16.5,7.4,4.4,1381,160,8459,16,4,4G_Mobile,0,4G,1,0.58,8,Ignored,511,Retention_Offer,Service_Recovery_Pack,1
C2245,Kurunegala,46-60,20GB,11.5,6.3,3.5,522,167,11970,25,9,Basic_Phone,0,4G,0,0.3,0,Ignored,310,Offer_New_Phone,Smartphone_Trade_In_Deal,0
C2246,Matara,36-45,10GB,5.0,2.9,1.3,747,25,9083,1,8,5G_Mobile,1,4G,0,0.06,8,Rejected,136,Upgrade_to_5G_SIM,Free_SIM_Replacement,0
C2247,Kurunegala,60+,50GB,35.7,4.3,6.5,2042,440,19926,10,7,Basic_Phone,0,4G,1,0.48,9,Ignored,316,Offer_New_Phone,Smartphone_Trade_In_Deal,0
C2248,Matara,46-60,100GB,96.0,16.2,12.1,691,438,1747,22,8,5G_Mobile,1,5G,0,0.3,5,Rejected,707,Offer_Home_Router,Router_Bundle_Deal,1
C2249,Colombo,46-60,10GB,6.9,0.7,0.7,2002,564,3682,5,2,5G_Mobile,1,5G,0,0.15,5,Accepted,111,Offer_Voice_Pack,Unlimited_Local_Voice,0
C2250,Batticaloa,36-45,10GB,6.2,1.9,2.0,1162,339,9680,12,2,5G_Mobile,1,5G,0,0.36,8,Accepted,648,No_Action,No_Offer,0
C2251,Kandy,46-60,100GB,111.8,48.1,27.9,722,131,14270,8,9,4G_Mobile,0,5G,1,0.21,9,Ignored,183,Offer_New_Phone,5G_Phone_Upgrade_Offer,1
C2252,Anuradhapura,46-60,10GB,6.3,2.6,1.7,1717,213,16249,8,1,4G_Mobile,0,4G,1,0.32,7,Rejected,80,Upgrade_to_100GB,Premium_Business_Plan,1
C2253,Kandy,36-45,50GB,63.6,30.5,24.8,1744,101,6477,28,9,5G_Mobile,1,5G,0,0.16,7,Rejected,166,Buy_Social_Media_Package,Social_Unlimited_Add_On,1
C2254,Badulla,18-25,100GB,91.4,53.1,7.6,1556,458,17406,22,9,4G_Mobile,0,4G,1,0.47,1,Accepted,453,Upgrade_to_100GB,Premium_Business_Plan,0
C2255,Batticaloa,36-45,50GB,52.0,7.3,5.2,1154,387,3093,20,8,4G_Mobile,0,4G,0,0.25,4,Rejected,60,Upgrade_to_100GB,10GB_Bonus,1
C2256,Galle,46-60,10GB,11.5,5.6,4.0,2168,536,3761,15,0,4G_Mobile,0,5G,0,0.28,5,Rejected,56,Upgrade_to_20GB,Data_Saver_Pack,0
C2257,Negombo,18-25,50GB,39.9,11.0,8.1,1560,265,7093,22,2,Basic_Phone,0,4G,0,0.42,2,Ignored,494,Offer_New_Phone,Smartphone_Trade_In_Deal,0
C2258,Matara,36-45,50GB,54.1,11.6,11.9,1803,247,16316,2,9,5G_Mobile,1,5G,0,0.12,0,Rejected,225,Upgrade_to_100GB,10GB_Bonus,0
C2259,Ratnapura,36-45,50GB,37.4,9.5,14.0,1811,331,5352,10,2,4G_Mobile,0,5G,0,0.43,0,Rejected,455,Offer_Voice_Pack,Unlimited_Local_Voice,1
C2260,Ratnapura,60+,20GB,24.1,7.8,10.6,2115,369,15856,27,2,Basic_Phone,0,4G,0,0.52,0,Accepted,139,Offer_New_Phone,Smartphone_Trade_In_Deal,1
C2261,Kandy,26-35,20GB,25.9,10.3,3.8,1274,330,6525,19,9,4G_Mobile,0,4G,1,0.18,0,Ignored,162,Upgrade_to_50GB,5GB_Bonus,0
C2262,Colombo,18-25,100GB,92.6,34.5,11.5,396,155,10241,16,7,4G_Mobile,0,4G,1,0.24,3,Ignored,51,No_Action,No_Offer,1
C2263,Jaffna,18-25,20GB,10.1,2.1,1.4,520,593,7395,23,2,4G_Mobile,0,5G,0,0.27,1,Ignored,236,No_Action,No_Offer,1
C2264,Colombo,26-35,20GB,21.8,3.3,8.9,2277,376,16534,15,2,5G_Mobile,1,4G,0,0.35,0,Accepted,560,Upgrade_to_50GB,5GB_Bonus,0
C2265,Jaffna,26-35,10GB,10.5,1.8,2.6,402,60,14943,4,7,4G_Mobile,0,5G,1,0.61,1,Accepted,525,Upgrade_to_20GB,Data_Saver_Pack,1
C2266,Jaffna,26-35,50GB,34.2,13.0,4.4,479,311,12546,21,5,5G_Mobile,1,5G,0,0.06,8,Rejected,684,No_Action,No_Offer,1
C2267,Kandy,18-25,10GB,6.6,0.8,2.0,403,548,17014,8,1,5G_Mobile,1,4G,1,0.33,7,Accepted,352,Upgrade_to_5G_SIM,Free_SIM_Replacement,1
C2268,Anuradhapura,36-45,20GB,23.8,5.1,9.4,1929,1,1998,25,3,5G_Mobile,1,4G,1,0.6,2,Ignored,598,Upgrade_to_50GB,5GB_Bonus,1
C2269,Trincomalee,60+,20GB,10.4,3.1,3.4,2434,149,13475,21,3,4G_Mobile,0,4G,1,0.19,5,Accepted,473,Offer_Voice_Pack,Unlimited_Local_Voice,1
C2270,Trincomalee,46-60,100GB,127.0,37.6,33.3,1644,362,19696,4,0,Basic_Phone,0,5G,0,0.37,0,Ignored,164,Offer_New_Phone,Smartphone_Trade_In_Deal,0
C2271,Badulla,60+,50GB,61.5,29.0,9.8,653,126,6284,20,6,4G_Mobile,0,4G,1,0.49,0,Accepted,83,Upgrade_to_100GB,10GB_Bonus,0
C2272,Anuradhapura,26-35,20GB,17.9,3.3,5.0,2081,547,19996,10,3,Basic_Phone,0,4G,0,0.05,7,Ignored,680,Offer_New_Phone,Smartphone_Trade_In_Deal,0
C2273,Anuradhapura,36-45,20GB,8.8,3.7,3.2,2469,96,14054,13,9,Basic_Phone,0,5G,0,0.06,0,Ignored,411,Offer_New_Phone,Smartphone_Trade_In_Deal,1
C2274,Kurunegala,36-45,100GB,43.2,17.7,14.1,777,144,11078,25,8,5G_Mobile,1,5G,0,0.33,6,Accepted,690,No_Action,No_Offer,0
C2275,Batticaloa,36-45,50GB,32.3,6.6,12.5,834,469,12995,16,4,Basic_Phone,0,5G,0,0.23,4,Ignored,374,Offer_New_Phone,Smartphone_Trade_In_Deal,1
C2276,Galle,36-45,10GB,6.9,0.7,1.5,1490,21,8558,1,8,5G_Mobile,1,4G,1,0.27,0,Accepted,383,Upgrade_to_5G_SIM,Free_SIM_Replacement,1
C2277,Trincomalee,26-35,50GB,54.6,30.0,2.8,1472,450,19438,12,6,5G_Mobile,1,4G,1,0.3,4,Accepted,615,Upgrade_to_100GB,10GB_Bonus,1
C2278,Negombo,26-35,50GB,63.7,16.5,7.7,80,471,1047,7,7,5G_Mobile,1,5G,0,0.28,6,Accepted,330,Upgrade_to_100GB,10GB_Bonus,1
C2279,Gampaha,46-60,100GB,96.7,32.3,12.1,1656,237,12680,4,5,4G_Mobile,0,4G,0,0.26,8,Accepted,29,Offer_Home_Router,Router_Bundle_Deal,1
C2280,Gampaha,36-45,50GB,52.4,23.5,13.8,300,329,4438,8,2,Basic_Phone,0,5G,1,0.25,6,Rejected,96,Upgrade_to_100GB,10GB_Bonus,1
C2281,Badulla,36-45,100GB,124.0,73.6,29.3,1979,427,833,25,0,4G_Mobile,0,4G,1,0.07,3,Rejected,228,Offer_Voice_Pack,Unlimited_Local_Voice,1
C2282,Batticaloa,36-45,100GB,82.8,25.4,11.2,2022,289,1505,26,1,4G_Mobile,0,4G,1,0.2,5,Accepted,459,Offer_Voice_Pack,Unlimited_Local_Voice,1
C2283,Colombo,46-60,10GB,10.8,4.5,1.8,1874,146,7450,18,7,5G_Mobile,1,4G,0,0.62,7,Rejected,597,Upgrade_to_20GB,Data_Saver_Pack,0
C2284,Negombo,26-35,100GB,62.7,10.3,16.4,1080,527,18515,7,7,Basic_Phone,0,4G,0,0.43,5,Rejected,564,Offer_New_Phone,Smartphone_Trade_In_Deal,1
C2285,Badulla,46-60,10GB,5.8,2.3,2.4,2278,441,15621,24,7,5G_Mobile,1,5G,0,0.44,5,Ignored,499,Offer_Voice_Pack,Unlimited_Local_Voice,0
C2286,Colombo,18-25,50GB,44.5,14.0,9.6,2154,107,10741,20,3,4G_Mobile,0,4G,1,0.11,2,Ignored,236,Upgrade_to_100GB,10GB_Bonus,0
C2287,Batticaloa,46-60,100GB,103.3,22.6,28.7,2340,182,3497,3,2,5G_Mobile,1,5G,0,0.42,8,Ignored,200,Offer_Home_Router,Router_Bundle_Deal,1
C2288,Trincomalee,26-35,20GB,23.8,8.7,9.6,1663,352,1080,24,3,5G_Mobile,1,4G,0,0.15,8,Accepted,317,Upgrade_to_50GB,5GB_Bonus,0
C2289,Batticaloa,60+,100GB,106.9,16.5,16.6,2290,167,8091,11,9,5G_Mobile,1,5G,0,0.35,9,Rejected,249,Offer_Home_Router,Router_Bundle_Deal,1
C2290,Kurunegala,36-45,50GB,50.4,10.4,6.1,1421,464,17706,29,4,5G_Mobile,1,4G,1,0.17,0,Rejected,35,Upgrade_to_100GB,10GB_Bonus,1
C2291,Jaffna,26-35,50GB,27.5,13.3,6.2,1028,202,7920,9,8,5G_Mobile,1,5G,0,0.08,7,Accepted,83,No_Action,No_Offer,1
C2292,Batticaloa,36-45,20GB,9.8,1.9,3.8,2055,114,13808,28,6,Basic_Phone,0,4G,1,0.67,7,Accepted,196,Offer_New_Phone,Smartphone_Trade_In_Deal,0
C2293,Kandy,26-35,10GB,4.9,0.9,0.9,234,494,13015,11,5,5G_Mobile,1,5G,1,0.21,9,Ignored,59,No_Action,No_Offer,0
C2294,Gampaha,46-60,100GB,106.6,55.6,32.0,2369,460,14616,9,6,Basic_Phone,0,4G,0,0.66,1,Accepted,474,Offer_New_Phone,Smartphone_Trade_In_Deal,1
C2295,Galle,60+,50GB,43.4,7.3,12.0,1687,325,19615,28,4,4G_Mobile,0,4G,0,0.35,1,Ignored,363,Upgrade_to_100GB,10GB_Bonus,0
C2296,Galle,18-25,100GB,91.1,34.3,13.0,2184,77,17217,10,9,Basic_Phone,0,4G,0,0.27,4,Ignored,123,Offer_New_Phone,Smartphone_Trade_In_Deal,1
C2297,Badulla,36-45,20GB,25.3,8.3,7.7,1993,359,6919,11,1,4G_Mobile,0,4G,1,0.5,0,Rejected,317,Upgrade_to_50GB,5GB_Bonus,0
C2298,Negombo,36-45,10GB,5.1,2.7,1.4,944,429,5384,26,2,4G_Mobile,0,4G,0,0.3,2,Ignored,722,No_Action,No_Offer,1
C2299,Anuradhapura,18-25,50GB,21.6,4.7,3.1,1729,475,13269,26,4,5G_Mobile,1,5G,1,0.25,4,Accepted,296,No_Action,No_Offer,1
C2300,Gampaha,18-25,10GB,10.1,5.6,2.8,2067,15,3341,10,0,Basic_Phone,0,5G,1,0.56,9,Ignored,630,Upgrade_to_20GB,Data_Saver_Pack,1
C2301,Gampaha,36-45,50GB,62.9,29.9,26.3,1019,138,6798,24,9,5G_Mobile,1,4G,1,0.2,0,Rejected,635,Buy_Social_Media_Package,Social_Unlimited_Add_On,1
C2302,Kurunegala,26-35,50GB,37.2,18.7,11.1,1166,346,5558,7,8,4G_Mobile,0,5G,1,0.38,3,Ignored,430,No_Action,No_Offer,1
C2303,Matara,36-45,100GB,108.3,38.6,5.9,1237,477,18188,26,7,Basic_Phone,0,4G,1,0.28,3,Accepted,647,Offer_New_Phone,Smartphone_Trade_In_Deal,1
C2304,Ratnapura,36-45,100GB,121.0,29.8,53.9,1083,146,6458,21,9,5G_Mobile,1,5G,1,0.09,1,Ignored,107,No_Action,No_Offer,1
C2305,Galle,60+,20GB,14.7,5.0,2.7,2066,462,9402,10,6,4G_Mobile,0,5G,1,0.13,5,Accepted,202,Offer_Voice_Pack,Unlimited_Local_Voice,0
C2306,Negombo,26-35,10GB,4.2,2.0,1.0,2067,107,8272,18,8,4G_Mobile,0,4G,0,0.12,1,Accepted,80,Offer_Voice_Pack,Unlimited_Local_Voice,1
C2307,Kurunegala,18-25,10GB,8.1,3.1,0.5,1158,10,11935,18,5,5G_Mobile,1,5G,0,0.11,8,Ignored,536,No_Action,No_Offer,0
C2308,Colombo,60+,20GB,11.4,2.2,3.5,1191,343,4538,17,6,Basic_Phone,0,5G,1,0.29,4,Rejected,443,No_Action,No_Offer,0
C2309,Matara,36-45,10GB,6.7,1.1,0.9,430,275,11367,25,4,4G_Mobile,0,5G,0,0.38,6,Rejected,497,No_Action,No_Offer,0
C2310,Anuradhapura,36-45,20GB,23.9,11.7,4.5,2015,179,16225,9,1,Basic_Phone,0,4G,1,0.47,0,Ignored,294,Offer_New_Phone,Smartphone_Trade_In_Deal,1
C2311,Colombo,36-45,20GB,20.6,6.8,7.1,55,519,7576,3,1,4G_Mobile,0,4G,1,0.65,6,Rejected,81,Upgrade_to_50GB,5GB_Bonus,0
C2312,Colombo,18-25,20GB,9.1,5.0,1.5,783,208,1107,3,5,4G_Mobile,0,4G,0,0.27,7,Rejected,358,Offer_Home_Router,Fibre_Broadband_Trial,0
C2313,Galle,46-60,100GB,66.3,36.9,17.4,2082,22,5131,2,1,4G_Mobile,0,5G,0,0.15,4,Rejected,38,Recommend_5G_Router,10Percent_Discount,0
C2314,Matara,60+,50GB,27.6,11.6,9.8,172,67,3400,14,1,5G_Mobile,1,5G,1,0.03,8,Accepted,327,No_Action,No_Offer,0
C2315,Ratnapura,26-35,50GB,50.3,27.1,20.7,233,440,19681,6,2,5G_Mobile,1,5G,0,0.15,5,Ignored,672,Buy_Social_Media_Package,Social_Unlimited_Add_On,1
C2316,Anuradhapura,36-45,20GB,16.9,2.1,3.9,887,181,4407,4,1,5G_Mobile,1,5G,1,0.1,8,Accepted,34,No_Action,No_Offer,1
C2317,Colombo,46-60,20GB,17.8,10.2,1.8,1994,178,12585,4,1,5G_Mobile,1,5G,0,0.14,4,Rejected,87,Upgrade_to_50GB,5GB_Bonus,1
C2318,Kandy,46-60,50GB,30.9,6.5,7.9,606,250,16323,25,8,5G_Mobile,1,5G,0,0.2,5,Ignored,548,Upgrade_to_100GB,Premium_Business_Plan,0
C2319,Trincomalee,46-60,20GB,14.5,7.8,6.0,2234,390,17078,11,6,4G_Mobile,0,4G,0,0.27,0,Accepted,91,Offer_Voice_Pack,Unlimited_Local_Voice,0
C2320,Ratnapura,26-35,50GB,25.5,10.2,2.2,136,459,12890,12,0,4G_Mobile,0,5G,1,0.13,6,Rejected,209,No_Action,No_Offer,0
C2321,Badulla,46-60,10GB,6.4,2.3,0.5,2446,394,14321,16,6,4G_Mobile,0,4G,1,0.47,9,Rejected,677,Offer_Voice_Pack,Unlimited_Local_Voice,1
C2322,Kandy,36-45,10GB,7.3,2.1,1.0,2423,67,13487,27,2,4G_Mobile,0,4G,0,0.18,4,Rejected,705,Offer_Voice_Pack,Unlimited_Local_Voice,1
C2323,Badulla,26-35,10GB,4.8,0.6,1.1,680,360,3469,24,0,5G_Mobile,1,5G,1,0.46,8,Accepted,683,Cross_Sell_Add_On,First_Add_On_Free,0
C2324,Colombo,46-60,100GB,108.9,34.8,36.6,1038,426,7635,9,9,Basic_Phone,0,5G,1,0.47,9,Ignored,716,Offer_New_Phone,Smartphone_Trade_In_Deal,1
C2325,Batticaloa,46-60,10GB,10.8,3.8,1.6,2202,491,11603,16,5,5G_Mobile,1,5G,0,0.22,9,Accepted,107,Upgrade_to_20GB,Data_Saver_Pack,0
C2326,Anuradhapura,36-45,10GB,8.1,2.8,2.6,200,3,3644,17,9,5G_Mobile,1,5G,0,0.02,0,Ignored,429,No_Action,No_Offer,1
C2327,Matara,60+,50GB,60.4,17.0,18.2,868,401,7349,14,8,4G_Mobile,0,4G,0,0.25,9,Accepted,216,Upgrade_to_100GB,10GB_Bonus,1
C2328,Negombo,36-45,50GB,61.4,6.7,8.8,1390,469,6743,10,0,4G_Mobile,0,4G,0,0.18,0,Accepted,14,Upgrade_to_100GB,10GB_Bonus,1
C2329,Gampaha,60+,10GB,8.6,4.1,1.7,1297,569,7091,21,6,Basic_Phone,0,5G,0,0.07,9,Rejected,183,Offer_New_Phone,Smartphone_Trade_In_Deal,1
C2330,Jaffna,26-35,100GB,42.0,19.9,15.9,1958,189,10914,16,3,Basic_Phone,0,4G,0,0.17,7,Ignored,432,Offer_New_Phone,Smartphone_Trade_In_Deal,0
C2331,Gampaha,46-60,10GB,11.6,2.7,3.4,1910,497,19103,14,2,5G_Mobile,1,5G,0,0.07,2,Accepted,51,Upgrade_to_20GB,Data_Saver_Pack,1
C2332,Colombo,26-35,20GB,17.6,7.1,2.7,1983,180,19591,24,7,5G_Mobile,1,5G,0,0.64,9,Ignored,617,Upgrade_to_50GB,5GB_Bonus,1
C2333,Kandy,18-25,20GB,14.7,6.3,5.9,1971,54,4155,19,1,5G_Mobile,1,4G,0,0.25,5,Ignored,707,Offer_Voice_Pack,Unlimited_Local_Voice,0
C2334,Kurunegala,36-45,50GB,25.1,2.5,2.9,2393,322,2548,19,8,4G_Mobile,0,4G,0,0.13,1,Rejected,509,Offer_Voice_Pack,Unlimited_Local_Voice,0
C2335,Jaffna,26-35,20GB,22.4,7.1,4.5,1348,78,15270,13,4,5G_Mobile,1,5G,0,0.43,1,Rejected,291,Upgrade_to_50GB,5GB_Bonus,0
C2336,Colombo,60+,10GB,8.8,2.7,1.3,2245,40,9951,9,7,5G_Mobile,1,5G,1,0.15,6,Rejected,187,Upgrade_to_20GB,Data_Saver_Pack,0
C2337,Kurunegala,26-35,20GB,24.8,4.0,10.8,1048,129,17811,21,1,5G_Mobile,1,5G,1,0.3,6,Accepted,46,Upgrade_to_50GB,5GB_Bonus,0
C2338,Matara,26-35,20GB,13.5,3.9,4.8,2065,481,7191,27,1,5G_Mobile,1,5G,0,0.16,5,Accepted,603,Offer_Voice_Pack,Unlimited_Local_Voice,0
C2339,Kandy,18-25,50GB,36.8,14.0,15.3,568,336,10528,10,2,5G_Mobile,1,5G,0,0.17,6,Ignored,417,No_Action,No_Offer,0
C2340,Gampaha,26-35,100GB,93.4,24.1,37.0,1645,174,9319,18,2,4G_Mobile,0,4G,1,0.11,0,Ignored,571,No_Action,No_Offer,0
C2341,Anuradhapura,26-35,100GB,63.3,29.4,5.3,2033,430,16500,1,6,5G_Mobile,1,5G,0,0.14,3,Accepted,211,Recommend_5G_Router,10Percent_Discount,0
C2342,Jaffna,46-60,100GB,52.1,7.1,17.6,66,26,16538,23,1,4G_Mobile,0,4G,0,0.07,1,Ignored,376,Upgrade_to_100GB,Premium_Business_Plan,0
C2343,Anuradhapura,18-25,20GB,22.3,9.4,1.8,2271,251,4934,21,4,4G_Mobile,0,4G,0,0.22,9,Ignored,310,Upgrade_to_50GB,5GB_Bonus,1
C2344,Badulla,60+,10GB,9.5,3.5,3.0,1227,364,18835,22,1,5G_Mobile,1,5G,0,0.18,6,Ignored,420,Upgrade_to_20GB,Data_Saver_Pack,0
C2345,Jaffna,26-35,20GB,16.9,8.4,3.1,1368,599,7813,7,6,Basic_Phone,0,4G,1,0.32,8,Rejected,570,Offer_New_Phone,Smartphone_Trade_In_Deal,0
C2346,Trincomalee,46-60,20GB,8.8,3.0,1.5,1245,413,14452,15,0,5G_Mobile,1,4G,1,0.07,9,Ignored,78,Upgrade_to_5G_SIM,Free_SIM_Replacement,1
C2347,Colombo,18-25,20GB,14.8,2.3,1.6,985,562,3022,12,4,5G_Mobile,1,4G,0,0.21,8,Rejected,89,Upgrade_to_5G_SIM,Free_SIM_Replacement,0
C2348,Jaffna,46-60,20GB,24.7,5.7,3.4,1764,144,16333,8,5,4G_Mobile,0,5G,1,0.29,8,Ignored,38,Upgrade_to_50GB,5GB_Bonus,1
C2349,Negombo,18-25,50GB,62.9,28.8,12.6,54,88,12470,15,4,5G_Mobile,1,4G,0,0.33,0,Ignored,255,Upgrade_to_100GB,10GB_Bonus,1
C2350,Ratnapura,60+,20GB,11.1,5.1,2.3,1219,266,10795,25,2,Basic_Phone,0,5G,1,0.33,9,Rejected,607,Offer_New_Phone,Smartphone_Trade_In_Deal,0
C2351,Kurunegala,18-25,20GB,9.6,1.4,2.0,2314,581,3524,1,2,Basic_Phone,0,4G,0,0.34,6,Rejected,645,Offer_Voice_Pack,Unlimited_Local_Voice,0
C2352,Gampaha,18-25,100GB,108.8,16.1,18.1,2024,435,6164,17,0,4G_Mobile,0,4G,0,0.1,5,Rejected,554,Offer_Home_Router,Router_Bundle_Deal,0
C2353,Galle,26-35,20GB,23.8,8.9,5.0,2277,147,17637,26,9,5G_Mobile,1,5G,1,0.39,6,Rejected,132,Upgrade_to_50GB,5GB_Bonus,1
C2354,Colombo,26-35,100GB,83.6,45.0,9.5,1690,50,17543,3,7,5G_Mobile,1,5G,0,0.2,9,Ignored,91,Offer_Home_Router,Router_Bundle_Deal,0
C2355,Batticaloa,18-25,10GB,6.6,2.4,0.5,2406,431,3278,21,4,5G_Mobile,1,4G,1,0.32,9,Accepted,683,Offer_Voice_Pack,Unlimited_Local_Voice,1
C2356,Batticaloa,18-25,10GB,8.2,1.8,1.4,2079,390,6081,7,2,4G_Mobile,0,4G,0,0.45,9,Accepted,49,Offer_Voice_Pack,Unlimited_Local_Voice,0
C2357,Jaffna,36-45,50GB,24.5,14.5,5.2,1072,270,18423,12,4,4G_Mobile,0,4G,0,0.19,0,Accepted,535,Upgrade_to_100GB,Premium_Business_Plan,1
C2358,Kandy,36-45,20GB,20.3,2.9,7.2,2275,597,4246,1,2,Basic_Phone,0,4G,1,0.19,4,Accepted,497,Upgrade_to_50GB,5GB_Bonus,0
C2359,Kandy,26-35,10GB,4.0,1.2,1.2,1761,225,18136,19,8,4G_Mobile,0,4G,0,0.31,5,Ignored,409,Upgrade_to_100GB,Premium_Business_Plan,1
C2360,Kurunegala,36-45,20GB,22.3,11.7,9.5,1083,464,16679,29,5,4G_Mobile,0,4G,0,0.15,6,Rejected,251,Upgrade_to_50GB,5GB_Bonus,0
C2361,Badulla,60+,100GB,128.3,33.6,14.2,592,442,18010,3,3,5G_Mobile,1,5G,0,0.07,6,Ignored,230,Offer_Home_Router,Router_Bundle_Deal,1
C2362,Trincomalee,26-35,10GB,4.2,2.0,0.6,719,186,7853,3,5,4G_Mobile,0,5G,1,0.37,0,Ignored,133,No_Action,No_Offer,1
C2363,Badulla,46-60,20GB,12.0,5.2,2.7,1997,290,15614,25,0,Basic_Phone,0,5G,0,0.59,9,Ignored,13,Offer_New_Phone,Smartphone_Trade_In_Deal,1
C2364,Batticaloa,46-60,20GB,9.3,3.4,2.3,1134,65,4012,3,7,5G_Mobile,1,4G,1,0.64,9,Ignored,170,Retention_Offer,Service_Recovery_Pack,0
C2365,Negombo,18-25,50GB,32.7,14.6,10.5,169,232,1027,9,5,5G_Mobile,1,4G,1,0.56,8,Ignored,387,Retention_Offer,Service_Recovery_Pack,0
C2366,Galle,18-25,10GB,11.6,3.0,3.3,1914,303,17710,15,2,5G_Mobile,1,4G,0,0.31,9,Ignored,621,Upgrade_to_20GB,Data_Saver_Pack,0
C2367,Batticaloa,60+,50GB,25.5,13.0,6.4,1411,421,9251,24,6,5G_Mobile,1,5G,1,0.11,9,Rejected,198,No_Action,No_Offer,1
C2368,Kurunegala,36-45,50GB,46.9,7.4,3.0,133,27,4419,26,0,Basic_Phone,0,5G,1,0.17,2,Rejected,134,Upgrade_to_100GB,10GB_Bonus,1
C2369,Kandy,46-60,100GB,111.9,14.4,21.4,1906,232,855,11,4,5G_Mobile,1,5G,1,0.18,1,Rejected,284,Offer_Voice_Pack,Unlimited_Local_Voice,0
C2370,Matara,46-60,100GB,65.4,15.7,15.3,1570,541,3124,14,5,5G_Mobile,1,4G,0,0.21,1,Rejected,415,Upgrade_to_5G_SIM,Free_SIM_Replacement,0
C2371,Kandy,26-35,20GB,9.0,2.7,1.8,640,230,10319,1,0,4G_Mobile,0,4G,1,0.22,0,Rejected,140,No_Action,No_Offer,1
C2372,Galle,36-45,10GB,11.1,3.1,4.0,1130,451,13421,4,9,Basic_Phone,0,4G,1,0.28,8,Ignored,612,Offer_New_Phone,Smartphone_Trade_In_Deal,1
C2373,Negombo,36-45,10GB,9.6,4.2,3.5,1754,568,18746,15,0,4G_Mobile,0,4G,0,0.12,5,Rejected,151,Upgrade_to_20GB,Data_Saver_Pack,1
C2374,Ratnapura,60+,50GB,24.9,7.1,4.3,2349,356,19398,7,1,5G_Mobile,1,5G,1,0.07,7,Rejected,489,Offer_Voice_Pack,Unlimited_Local_Voice,1
C2375,Anuradhapura,46-60,20GB,14.1,3.4,4.5,1068,81,17039,3,9,4G_Mobile,0,4G,0,0.13,5,Ignored,662,Upgrade_to_100GB,Premium_Business_Plan,1
C2376,Negombo,46-60,20GB,21.3,2.6,8.7,309,543,6115,26,2,Basic_Phone,0,5G,1,0.41,4,Rejected,386,Offer_New_Phone,Smartphone_Trade_In_Deal,0
C2377,Negombo,36-45,100GB,93.6,12.5,27.9,2100,495,9218,20,7,4G_Mobile,0,4G,0,0.39,0,Ignored,107,Offer_Home_Router,Router_Bundle_Deal,1
C2378,Batticaloa,18-25,50GB,62.1,22.2,27.2,2393,323,1978,19,8,Basic_Phone,0,4G,0,0.31,3,Ignored,595,Buy_Social_Media_Package,Social_Unlimited_Add_On,0
C2379,Colombo,26-35,10GB,5.7,1.0,0.7,2457,581,17658,5,3,4G_Mobile,0,4G,1,0.3,2,Ignored,200,Offer_Voice_Pack,Unlimited_Local_Voice,1
C2380,Kurunegala,36-45,100GB,59.9,8.8,9.4,1019,494,2878,1,1,4G_Mobile,0,4G,1,0.18,8,Rejected,618,No_Action,No_Offer,1
C2381,Ratnapura,18-25,20GB,9.6,3.4,2.9,1373,292,13251,1,0,4G_Mobile,0,5G,0,0.13,6,Ignored,107,No_Action,No_Offer,1
C2382,Batticaloa,46-60,50GB,49.3,26.3,11.9,290,227,17198,27,3,4G_Mobile,0,4G,1,0.16,4,Ignored,67,Upgrade_to_100GB,10GB_Bonus,1
C2383,Negombo,46-60,20GB,20.8,8.2,6.8,1393,216,14177,19,4,4G_Mobile,0,4G,0,0.22,4,Accepted,316,Upgrade_to_50GB,5GB_Bonus,1
C2384,Ratnapura,18-25,50GB,37.0,17.9,11.7,2385,462,8121,18,6,5G_Mobile,1,4G,1,0.13,1,Ignored,670,Offer_Voice_Pack,Unlimited_Local_Voice,1
C2385,Batticaloa,46-60,20GB,23.8,12.0,6.9,1844,264,15169,10,6,Basic_Phone,0,4G,1,0.3,0,Ignored,696,Offer_New_Phone,Smartphone_Trade_In_Deal,1
C2386,Trincomalee,46-60,20GB,21.6,9.1,7.8,830,252,12529,13,1,5G_Mobile,1,5G,0,0.24,8,Rejected,628,Upgrade_to_50GB,5GB_Bonus,0
C2387,Jaffna,46-60,20GB,17.1,6.5,5.6,1486,147,15941,27,6,5G_Mobile,1,5G,1,0.67,3,Accepted,93,Upgrade_to_50GB,5GB_Bonus,0
C2388,Matara,60+,20GB,19.9,8.9,3.6,1830,144,19844,20,8,4G_Mobile,0,5G,1,0.52,6,Ignored,335,Upgrade_to_50GB,5GB_Bonus,0
C2389,Trincomalee,60+,100GB,70.6,40.2,26.8,1596,87,9048,27,3,4G_Mobile,0,4G,0,0.2,3,Ignored,379,No_Action,No_Offer,0
C2390,Batticaloa,26-35,10GB,11.1,2.4,2.0,1557,512,9683,21,1,5G_Mobile,1,5G,0,0.18,8,Ignored,681,Upgrade_to_20GB,Data_Saver_Pack,0
C2391,Matara,46-60,100GB,51.7,5.9,8.5,186,34,17382,14,4,4G_Mobile,0,4G,0,0.06,7,Ignored,55,Upgrade_to_100GB,Premium_Business_Plan,0
C2392,Negombo,26-35,10GB,5.9,3.2,1.7,396,566,11470,14,3,5G_Mobile,1,5G,1,0.47,0,Ignored,412,No_Action,No_Offer,0
C2393,Galle,60+,10GB,11.8,3.9,1.2,1981,125,10326,12,6,4G_Mobile,0,5G,0,0.29,5,Ignored,180,Upgrade_to_20GB,Data_Saver_Pack,1
C2394,Ratnapura,18-25,100GB,117.3,31.3,44.6,2058,73,7789,23,4,4G_Mobile,0,5G,1,0.66,4,Accepted,565,Offer_New_Phone,5G_Phone_Upgrade_Offer,0
C2395,Anuradhapura,18-25,100GB,45.1,9.2,12.9,555,554,13888,25,6,4G_Mobile,0,5G,0,0.24,7,Ignored,429,No_Action,No_Offer,0
C2396,Galle,60+,20GB,17.6,8.0,3.1,347,117,3250,2,6,4G_Mobile,0,4G,1,0.66,2,Accepted,192,Upgrade_to_50GB,5GB_Bonus,0
C2397,Matara,46-60,10GB,9.7,2.5,3.4,104,565,18657,24,8,Basic_Phone,0,4G,1,0.23,6,Ignored,472,Offer_New_Phone,Smartphone_Trade_In_Deal,0
C2398,Colombo,46-60,50GB,35.9,4.3,12.9,1494,207,11208,12,9,5G_Mobile,1,5G,0,0.22,1,Rejected,309,Offer_Home_Router,Fibre_Broadband_Trial,0
C2399,Kandy,18-25,50GB,46.9,6.6,12.3,2206,153,18558,18,3,Basic_Phone,0,4G,1,0.28,2,Rejected,633,Offer_New_Phone,Smartphone_Trade_In_Deal,0
C2400,Colombo,46-60,10GB,11.4,2.5,3.6,1577,358,8968,12,3,5G_Mobile,1,5G,0,0.23,3,Ignored,445,Upgrade_to_20GB,Data_Saver_Pack,0
C2401,Jaffna,46-60,20GB,22.3,10.9,2.6,1660,468,16381,12,3,5G_Mobile,1,5G,1,0.26,5,Accepted,141,Upgrade_to_50GB,5GB_Bonus,1
C2402,Badulla,36-45,10GB,10.2,1.6,3.1,1023,265,4503,6,6,5G_Mobile,1,4G,1,0.47,6,Ignored,335,Upgrade_to_20GB,Data_Saver_Pack,1
C2403,Kandy,60+,20GB,25.2,6.4,8.5,1886,173,3358,4,6,Basic_Phone,0,4G,1,0.28,5,Accepted,681,Upgrade_to_50GB,5GB_Bonus,0
C2404,Negombo,36-45,50GB,27.1,16.1,4.5,1145,520,6924,7,1,4G_Mobile,0,4G,1,0.56,7,Rejected,423,Retention_Offer,Service_Recovery_Pack,0
C2405,Negombo,36-45,10GB,10.1,5.7,3.7,2446,540,8861,17,8,4G_Mobile,0,4G,0,0.18,3,Rejected,721,Upgrade_to_20GB,Data_Saver_Pack,0
C2406,Badulla,46-60,100GB,49.3,16.7,20.0,1258,22,11343,13,9,5G_Mobile,1,4G,1,0.03,6,Rejected,26,Upgrade_to_5G_SIM,Free_SIM_Replacement,1
C2407,Kandy,18-25,10GB,5.5,0.7,2.3,503,568,5414,19,3,4G_Mobile,0,4G,1,0.06,3,Rejected,316,No_Action,No_Offer,1
C2408,Galle,60+,10GB,7.0,3.9,2.7,1171,236,4808,24,6,5G_Mobile,1,5G,0,0.25,5,Accepted,702,No_Action,No_Offer,0
C2409,Jaffna,46-60,10GB,6.4,3.1,1.5,1374,186,13816,1,1,4G_Mobile,0,4G,0,0.32,7,Accepted,515,No_Action,No_Offer,0
C2410,Matara,18-25,100GB,90.0,47.8,19.5,1289,588,8034,19,7,Basic_Phone,0,4G,1,0.23,2,Ignored,418,Offer_New_Phone,Smartphone_Trade_In_Deal,0
C2411,Colombo,26-35,20GB,17.1,7.0,3.7,2021,133,10747,19,3,4G_Mobile,0,4G,0,0.64,0,Rejected,9,Upgrade_to_50GB,5GB_Bonus,0
C2412,Gampaha,18-25,50GB,44.0,9.1,16.0,1143,586,17648,1,3,4G_Mobile,0,4G,0,0.39,7,Accepted,394,Upgrade_to_100GB,10GB_Bonus,0
C2413,Kandy,46-60,50GB,55.9,33.4,16.7,123,108,14783,4,1,5G_Mobile,1,5G,1,0.2,0,Accepted,199,Upgrade_to_100GB,10GB_Bonus,0
C2414,Jaffna,60+,50GB,31.3,4.6,3.3,1337,301,18153,4,0,Basic_Phone,0,4G,1,0.44,6,Ignored,377,Offer_New_Phone,Smartphone_Trade_In_Deal,1
C2415,Negombo,46-60,50GB,37.1,18.2,11.2,1859,183,16685,23,6,5G_Mobile,1,5G,0,0.26,1,Rejected,623,Offer_Voice_Pack,Unlimited_Local_Voice,1
C2416,Kandy,46-60,20GB,19.4,10.1,8.3,753,263,9780,23,4,5G_Mobile,1,5G,0,0.2,3,Ignored,609,Upgrade_to_50GB,5GB_Bonus,0
C2417,Batticaloa,18-25,20GB,17.5,8.6,6.9,288,564,5619,25,9,4G_Mobile,0,4G,0,0.04,1,Rejected,305,Upgrade_to_50GB,5GB_Bonus,0
C2418,Ratnapura,60+,50GB,20.1,3.9,3.6,107,523,4801,11,3,5G_Mobile,1,4G,1,0.23,8,Ignored,403,Upgrade_to_5G_SIM,Free_SIM_Replacement,1
C2419,Ratnapura,26-35,20GB,18.9,9.9,1.7,671,429,7792,3,8,5G_Mobile,1,4G,0,0.34,6,Accepted,86,Upgrade_to_50GB,5GB_Bonus,1
C2420,Trincomalee,26-35,10GB,11.7,3.4,1.6,1023,248,15501,20,6,Basic_Phone,0,4G,1,0.04,2,Accepted,607,Offer_New_Phone,Smartphone_Trade_In_Deal,1
C2421,Jaffna,36-45,50GB,58.9,9.7,14.3,2018,101,6785,8,2,5G_Mobile,1,4G,0,0.05,7,Accepted,589,Upgrade_to_100GB,10GB_Bonus,1
C2422,Negombo,36-45,10GB,12.5,3.3,2.9,1692,241,3560,10,6,5G_Mobile,1,4G,1,0.29,1,Rejected,364,Upgrade_to_20GB,Data_Saver_Pack,1
C2423,Badulla,26-35,50GB,36.7,9.8,12.0,1476,41,13299,14,5,5G_Mobile,1,5G,0,0.26,5,Rejected,242,No_Action,No_Offer,0
C2424,Batticaloa,18-25,100GB,124.6,16.3,35.5,921,249,18878,20,3,5G_Mobile,1,5G,1,0.03,7,Ignored,662,Upgrade_to_100GB,Premium_Business_Plan,1
C2425,Matara,46-60,10GB,7.7,0.9,0.5,1717,81,10014,29,2,4G_Mobile,0,4G,0,0.16,0,Accepted,253,No_Action,No_Offer,0
C2426,Kurunegala,46-60,10GB,4.9,1.6,1.9,1022,193,8248,26,1,5G_Mobile,1,5G,1,0.22,4,Ignored,166,No_Action,No_Offer,0
C2427,Anuradhapura,36-45,20GB,22.0,5.0,1.6,653,337,3156,11,8,5G_Mobile,1,5G,1,0.25,0,Ignored,670,Upgrade_to_50GB,5GB_Bonus,0
C2428,Trincomalee,36-45,10GB,12.0,3.1,2.1,776,376,7510,15,7,Basic_Phone,0,5G,1,0.22,5,Rejected,588,Offer_New_Phone,Smartphone_Trade_In_Deal,0
C2429,Galle,18-25,10GB,9.4,5.1,3.6,1525,16,13985,11,8,5G_Mobile,1,5G,1,0.22,3,Rejected,711,Upgrade_to_20GB,Data_Saver_Pack,1
C2430,Anuradhapura,18-25,20GB,8.7,2.8,1.1,2331,105,9553,1,0,5G_Mobile,1,5G,0,0.35,4,Rejected,616,Offer_Voice_Pack,Unlimited_Local_Voice,1
C2431,Trincomalee,46-60,50GB,21.9,6.8,3.8,425,434,19607,10,8,5G_Mobile,1,4G,1,0.11,7,Ignored,327,Upgrade_to_5G_SIM,Free_SIM_Replacement,0
C2432,Jaffna,36-45,50GB,35.5,18.7,3.9,2394,518,19411,17,3,Basic_Phone,0,5G,1,0.4,4,Ignored,12,Offer_New_Phone,Smartphone_Trade_In_Deal,1
C2433,Galle,36-45,50GB,42.9,6.0,18.7,2007,59,11466,7,7,5G_Mobile,1,5G,0,0.06,4,Ignored,276,Upgrade_to_100GB,10GB_Bonus,1
C2434,Jaffna,46-60,50GB,46.1,5.8,15.9,344,509,7621,6,8,4G_Mobile,0,5G,1,0.09,4,Rejected,605,Upgrade_to_100GB,10GB_Bonus,0
C2435,Gampaha,46-60,50GB,59.3,10.0,13.3,489,64,14682,21,6,4G_Mobile,0,5G,0,0.41,7,Accepted,64,Upgrade_to_100GB,10GB_Bonus,1
C2436,Matara,46-60,20GB,9.2,4.2,2.5,291,319,9206,6,9,5G_Mobile,1,5G,1,0.09,7,Rejected,347,No_Action,No_Offer,1
C2437,Anuradhapura,46-60,50GB,54.0,11.6,2.9,2189,109,6651,4,0,4G_Mobile,0,4G,0,0.58,1,Accepted,547,Upgrade_to_100GB,10GB_Bonus,1
C2438,Colombo,26-35,100GB,82.3,48.8,13.2,1834,177,19355,12,1,4G_Mobile,0,4G,0,0.25,9,Ignored,382,Offer_Home_Router,Router_Bundle_Deal,0
C2439,Ratnapura,18-25,10GB,9.0,3.5,1.8,1109,510,10923,20,3,4G_Mobile,0,5G,0,0.25,0,Rejected,617,Upgrade_to_20GB,Data_Saver_Pack,0
C2440,Gampaha,26-35,50GB,30.5,3.2,5.6,830,394,16096,11,5,5G_Mobile,1,5G,1,0.31,9,Ignored,647,Upgrade_to_100GB,Premium_Business_Plan,1
C2441,Colombo,46-60,20GB,11.6,1.4,3.8,521,10,5415,22,7,4G_Mobile,0,4G,1,0.18,6,Ignored,628,No_Action,No_Offer,1
C2442,Kandy,60+,20GB,15.4,8.5,6.1,1415,22,13515,6,7,4G_Mobile,0,4G,0,0.48,7,Accepted,326,No_Action,No_Offer,0
C2443,Badulla,18-25,20GB,25.3,3.0,8.0,591,52,6440,26,0,4G_Mobile,0,4G,1,0.25,8,Ignored,458,Upgrade_to_50GB,5GB_Bonus,0
C2444,Negombo,26-35,20GB,19.7,9.5,1.1,602,552,16458,19,9,5G_Mobile,1,5G,0,0.12,1,Rejected,222,Upgrade_to_50GB,5GB_Bonus,1
C2445,Anuradhapura,26-35,50GB,51.6,24.6,14.0,1502,523,9333,28,1,4G_Mobile,0,4G,1,0.25,9,Rejected,622,Upgrade_to_100GB,10GB_Bonus,0
C2446,Badulla,46-60,20GB,18.4,5.5,6.9,465,563,13109,1,7,4G_Mobile,0,5G,1,0.63,0,Accepted,650,Upgrade_to_50GB,5GB_Bonus,1
C2447,Badulla,26-35,10GB,4.9,2.6,1.2,1064,524,9873,28,8,4G_Mobile,0,5G,1,0.25,5,Accepted,366,No_Action,No_Offer,0
C2448,Badulla,36-45,20GB,16.6,5.1,3.8,1140,548,10604,12,0,Basic_Phone,0,4G,0,0.28,5,Rejected,728,Offer_New_Phone,Smartphone_Trade_In_Deal,1
C2449,Kandy,26-35,50GB,37.7,16.5,10.5,2182,438,17029,8,7,5G_Mobile,1,4G,0,0.0,7,Ignored,717,Offer_Voice_Pack,Unlimited_Local_Voice,1
C2450,Trincomalee,18-25,50GB,58.0,18.1,3.1,1229,285,10853,17,4,4G_Mobile,0,4G,1,0.27,3,Accepted,82,Upgrade_to_100GB,10GB_Bonus,0
C2451,Anuradhapura,18-25,10GB,10.3,1.8,1.5,1670,385,12431,4,7,5G_Mobile,1,5G,0,0.46,6,Ignored,658,Upgrade_to_20GB,Data_Saver_Pack,1
C2452,Badulla,18-25,20GB,18.4,6.6,6.6,1269,98,2591,8,0,5G_Mobile,1,5G,1,0.17,6,Accepted,162,Upgrade_to_50GB,5GB_Bonus,0
C2453,Gampaha,18-25,10GB,9.8,5.7,2.2,443,590,12395,3,9,5G_Mobile,1,5G,1,0.27,1,Accepted,231,Upgrade_to_20GB,Data_Saver_Pack,1
C2454,Trincomalee,60+,10GB,5.5,2.5,2.1,1515,198,19866,20,6,4G_Mobile,0,4G,0,0.19,3,Accepted,406,Upgrade_to_100GB,Premium_Business_Plan,1
C2455,Gampaha,46-60,20GB,15.7,8.6,6.4,2213,203,11436,14,5,5G_Mobile,1,5G,1,0.11,1,Accepted,281,Offer_Voice_Pack,Unlimited_Local_Voice,0
C2456,Jaffna,26-35,10GB,4.4,1.0,1.2,1568,91,4803,26,8,4G_Mobile,0,4G,1,0.22,2,Ignored,453,No_Action,No_Offer,0
C2457,Galle,26-35,100GB,120.7,54.1,50.8,368,299,13102,19,5,Basic_Phone,0,5G,1,0.6,4,Ignored,475,Offer_New_Phone,Smartphone_Trade_In_Deal,1
C2458,Ratnapura,18-25,10GB,5.7,1.6,0.5,371,406,15863,14,4,5G_Mobile,1,5G,1,0.14,4,Rejected,526,Upgrade_to_100GB,Premium_Business_Plan,0
C2459,Trincomalee,60+,100GB,96.5,51.5,40.2,1376,195,17014,29,9,5G_Mobile,1,5G,0,0.1,0,Ignored,346,Offer_Home_Router,Router_Bundle_Deal,0
C2460,Kandy,18-25,10GB,10.0,6.0,3.2,742,386,17352,27,4,5G_Mobile,1,5G,1,0.28,2,Ignored,417,Upgrade_to_20GB,Data_Saver_Pack,1
C2461,Colombo,36-45,10GB,5.6,0.7,0.6,203,443,12022,15,0,4G_Mobile,0,5G,0,0.11,4,Rejected,374,Offer_Home_Router,Fibre_Broadband_Trial,0
C2462,Jaffna,26-35,50GB,45.7,10.3,5.9,1441,595,5968,23,0,Basic_Phone,0,4G,0,0.42,3,Accepted,667,Upgrade_to_100GB,10GB_Bonus,1
C2463,Negombo,36-45,10GB,11.1,4.0,0.9,525,280,8518,13,0,5G_Mobile,1,5G,0,0.14,2,Accepted,566,Upgrade_to_20GB,Data_Saver_Pack,0
C2464,Gampaha,26-35,10GB,12.0,5.6,5.1,1443,489,16177,9,3,4G_Mobile,0,4G,0,0.38,8,Rejected,38,Upgrade_to_20GB,Data_Saver_Pack,0
C2465,Trincomalee,36-45,100GB,107.4,15.2,35.4,1494,563,1895,8,9,4G_Mobile,0,5G,0,0.33,9,Accepted,578,Offer_New_Phone,5G_Phone_Upgrade_Offer,0
C2466,Badulla,46-60,100GB,117.9,48.0,38.2,272,118,3009,26,8,4G_Mobile,0,5G,0,0.38,3,Ignored,540,Offer_New_Phone,5G_Phone_Upgrade_Offer,0
C2467,Negombo,46-60,20GB,23.5,10.0,5.9,453,83,15920,16,1,5G_Mobile,1,5G,0,0.22,1,Accepted,114,Upgrade_to_50GB,5GB_Bonus,1
C2468,Jaffna,36-45,20GB,17.1,7.9,6.2,1082,151,19406,5,1,Basic_Phone,0,5G,1,0.08,9,Ignored,251,Offer_New_Phone,Smartphone_Trade_In_Deal,1
C2469,Ratnapura,36-45,10GB,7.1,2.2,3.0,649,258,16240,19,4,5G_Mobile,1,5G,1,0.19,9,Ignored,612,Upgrade_to_100GB,Premium_Business_Plan,0
C2470,Ratnapura,36-45,50GB,55.0,6.6,9.5,1347,290,1388,8,6,4G_Mobile,0,4G,1,0.22,3,Rejected,296,Upgrade_to_100GB,10GB_Bonus,0
C2471,Badulla,46-60,100GB,98.2,34.8,12.5,926,37,14635,29,4,4G_Mobile,0,4G,0,0.41,9,Ignored,600,Offer_Home_Router,Router_Bundle_Deal,1
C2472,Badulla,46-60,10GB,10.5,3.3,0.9,1766,523,16359,5,8,5G_Mobile,1,5G,0,0.03,9,Accepted,343,Upgrade_to_20GB,Data_Saver_Pack,0
C2473,Negombo,36-45,10GB,10.5,1.8,1.4,2297,253,14161,5,0,4G_Mobile,0,4G,0,0.34,9,Accepted,48,Upgrade_to_20GB,Data_Saver_Pack,0
C2474,Colombo,60+,10GB,10.9,4.3,3.8,315,450,2467,6,5,5G_Mobile,1,5G,0,0.37,0,Rejected,436,Upgrade_to_20GB,Data_Saver_Pack,1
C2475,Matara,36-45,50GB,52.7,11.8,3.7,2280,54,7391,28,2,5G_Mobile,1,5G,0,0.56,1,Rejected,579,Upgrade_to_100GB,10GB_Bonus,0
C2476,Colombo,46-60,20GB,15.7,8.4,6.6,2267,195,18746,15,4,5G_Mobile,1,5G,0,0.04,9,Rejected,239,Offer_Voice_Pack,Unlimited_Local_Voice,1
C2477,Batticaloa,60+,100GB,111.8,34.1,29.7,657,72,14004,6,0,5G_Mobile,1,4G,0,0.16,6,Rejected,35,Offer_Home_Router,Router_Bundle_Deal,0
C2478,Matara,36-45,100GB,72.2,40.2,17.7,753,168,7394,23,0,5G_Mobile,1,5G,0,0.11,9,Rejected,652,Recommend_5G_Router,10Percent_Discount,1
C2479,Galle,26-35,10GB,12.5,7.0,4.6,1060,342,7917,27,5,5G_Mobile,1,5G,0,0.58,4,Rejected,546,Upgrade_to_20GB,Data_Saver_Pack,1
C2480,Trincomalee,60+,100GB,106.8,42.5,8.0,577,419,9591,21,9,5G_Mobile,1,5G,0,0.09,8,Accepted,480,Offer_Home_Router,Router_Bundle_Deal,0
C2481,Kandy,26-35,100GB,50.7,28.9,8.5,506,90,11317,17,3,Basic_Phone,0,4G,0,0.33,2,Accepted,29,Offer_New_Phone,Smartphone_Trade_In_Deal,0
C2482,Matara,36-45,20GB,17.7,7.4,7.0,1261,155,11940,18,2,Basic_Phone,0,5G,1,0.16,5,Accepted,101,Offer_New_Phone,Smartphone_Trade_In_Deal,0
C2483,Gampaha,36-45,50GB,24.4,9.2,3.9,1121,458,16734,13,7,5G_Mobile,1,5G,0,0.27,6,Accepted,544,Offer_Home_Router,Fibre_Broadband_Trial,1
C2484,Kurunegala,60+,20GB,21.2,10.4,4.5,1828,552,11903,3,7,5G_Mobile,1,4G,1,0.35,4,Rejected,131,Upgrade_to_50GB,5GB_Bonus,1
C2485,Galle,46-60,20GB,14.9,1.9,1.0,1134,236,17971,28,0,5G_Mobile,1,5G,0,0.49,0,Ignored,538,Upgrade_to_100GB,Premium_Business_Plan,0
C2486,Ratnapura,18-25,10GB,12.2,1.4,0.8,855,494,3290,19,2,4G_Mobile,0,5G,1,0.14,2,Rejected,710,Upgrade_to_20GB,Data_Saver_Pack,0
C2487,Kurunegala,60+,100GB,54.9,28.4,5.5,1363,560,19185,10,5,4G_Mobile,0,4G,0,0.34,3,Rejected,289,Upgrade_to_100GB,Premium_Business_Plan,1
C2488,Colombo,60+,10GB,4.4,1.2,0.5,58,49,3995,13,5,4G_Mobile,0,4G,1,0.17,6,Ignored,488,No_Action,No_Offer,0
C2489,Kurunegala,36-45,100GB,75.2,35.9,16.5,568,372,19991,7,6,5G_Mobile,1,5G,1,0.13,8,Rejected,381,Upgrade_to_100GB,Premium_Business_Plan,0
C2490,Negombo,46-60,10GB,6.4,2.0,2.8,1171,66,11093,6,7,4G_Mobile,0,4G,1,0.32,5,Accepted,79,No_Action,No_Offer,1
C2491,Colombo,26-35,50GB,51.5,19.4,10.1,2353,522,18911,25,7,5G_Mobile,1,5G,0,0.15,1,Rejected,85,Upgrade_to_100GB,10GB_Bonus,0
C2492,Gampaha,18-25,100GB,125.8,33.2,16.2,2126,570,3745,11,7,4G_Mobile,0,4G,1,0.15,1,Ignored,674,Offer_Voice_Pack,Unlimited_Local_Voice,1
C2493,Anuradhapura,36-45,100GB,106.0,58.0,26.1,336,143,13821,11,4,4G_Mobile,0,4G,0,0.06,1,Accepted,630,Offer_Home_Router,Router_Bundle_Deal,0
C2494,Negombo,36-45,50GB,46.0,24.5,4.4,1576,186,4605,3,3,5G_Mobile,1,5G,0,0.11,4,Accepted,539,Upgrade_to_100GB,10GB_Bonus,0
C2495,Batticaloa,26-35,10GB,5.1,0.7,0.7,1916,370,1781,13,0,5G_Mobile,1,4G,1,0.27,3,Ignored,178,Offer_Voice_Pack,Unlimited_Local_Voice,0
C2496,Jaffna,18-25,20GB,25.5,8.0,8.0,1848,202,14141,4,0,4G_Mobile,0,4G,1,0.27,9,Ignored,526,Upgrade_to_50GB,5GB_Bonus,0
C2497,Galle,46-60,20GB,15.9,6.5,3.6,1498,526,19897,22,5,4G_Mobile,0,5G,0,0.36,1,Ignored,682,Upgrade_to_100GB,Premium_Business_Plan,0
C2498,Gampaha,18-25,100GB,112.8,13.8,16.3,132,587,3786,11,8,5G_Mobile,1,4G,0,0.1,6,Accepted,496,Offer_Home_Router,Router_Bundle_Deal,0
C2499,Gampaha,46-60,10GB,5.5,2.0,0.5,1941,435,19867,7,9,Basic_Phone,0,4G,1,0.04,7,Rejected,249,Offer_New_Phone,Smartphone_Trade_In_Deal,0
C2500,Kandy,26-35,20GB,21.2,11.9,7.5,2228,586,5510,23,3,5G_Mobile,1,5G,0,0.29,2,Ignored,519,Upgrade_to_50GB,5GB_Bonus,0
C2501,Galle,46-60,10GB,12.8,4.9,4.7,1823,562,5189,23,6,4G_Mobile,0,5G,0,0.09,3,Ignored,688,Upgrade_to_20GB,Data_Saver_Pack,0
C2502,Galle,60+,10GB,10.2,5.6,0.9,1874,233,17392,8,9,4G_Mobile,0,4G,1,0.36,6,Ignored,681,Upgrade_to_20GB,Data_Saver_Pack,1
C2503,Jaffna,46-60,10GB,11.0,1.5,4.4,243,128,13122,11,6,5G_Mobile,1,4G,0,0.2,7,Ignored,323,Upgrade_to_20GB,Data_Saver_Pack,0
C2504,Trincomalee,18-25,10GB,6.5,3.1,2.1,1863,210,5337,13,7,5G_Mobile,1,5G,0,0.66,0,Accepted,724,Offer_Voice_Pack,Unlimited_Local_Voice,0
C2505,Matara,60+,50GB,28.1,4.4,3.7,1948,510,868,21,2,Basic_Phone,0,4G,1,0.13,2,Rejected,390,Offer_Voice_Pack,Unlimited_Local_Voice,0
C2506,Batticaloa,60+,20GB,20.5,9.0,6.0,669,351,16450,29,2,4G_Mobile,0,4G,1,0.25,6,Ignored,487,Upgrade_to_50GB,5GB_Bonus,0
C2507,Ratnapura,18-25,20GB,25.8,14.4,4.0,2312,97,11642,27,1,4G_Mobile,0,4G,0,0.22,8,Accepted,551,Upgrade_to_50GB,5GB_Bonus,1
C2508,Badulla,46-60,50GB,50.9,7.3,16.1,815,534,3050,26,9,5G_Mobile,1,4G,1,0.08,0,Accepted,727,Upgrade_to_100GB,10GB_Bonus,1
C2509,Batticaloa,36-45,10GB,6.1,2.4,2.2,2225,94,2813,3,8,5G_Mobile,1,5G,1,0.17,8,Rejected,399,Offer_Voice_Pack,Unlimited_Local_Voice,1
C2510,Anuradhapura,60+,20GB,12.7,7.0,4.3,1075,596,9695,26,8,4G_Mobile,0,5G,0,0.38,1,Accepted,102,No_Action,No_Offer,0
C2511,Galle,36-45,50GB,38.3,22.1,11.6,1107,307,6857,15,0,4G_Mobile,0,4G,1,0.29,2,Accepted,700,Cross_Sell_Add_On,First_Add_On_Free,0
C2512,Negombo,46-60,10GB,9.4,4.7,1.7,1408,238,13900,10,8,4G_Mobile,0,4G,1,0.52,3,Ignored,293,Upgrade_to_20GB,Data_Saver_Pack,1
C2513,Anuradhapura,60+,100GB,42.5,10.0,18.4,2283,479,5341,19,5,4G_Mobile,0,5G,0,0.11,3,Rejected,254,Offer_Voice_Pack,Unlimited_Local_Voice,1
C2514,Kandy,60+,20GB,18.2,9.1,7.2,2122,576,6694,2,4,Basic_Phone,0,5G,1,0.59,4,Ignored,669,Offer_New_Phone,Smartphone_Trade_In_Deal,1
C2515,Galle,46-60,10GB,7.8,3.9,1.8,2134,23,4026,10,8,5G_Mobile,1,5G,0,0.18,0,Ignored,325,Offer_Voice_Pack,Unlimited_Local_Voice,1
C2516,Kurunegala,26-35,10GB,5.3,3.0,1.2,1350,51,10783,23,9,4G_Mobile,0,4G,0,0.25,4,Accepted,364,No_Action,No_Offer,0
C2517,Gampaha,46-60,20GB,24.5,3.3,1.7,845,511,8416,5,5,5G_Mobile,1,5G,1,0.29,1,Rejected,567,Upgrade_to_50GB,5GB_Bonus,0
C2518,Batticaloa,46-60,50GB,32.6,16.6,10.7,1254,285,5274,24,3,5G_Mobile,1,5G,1,0.48,0,Accepted,183,No_Action,No_Offer,1
C2519,Kandy,46-60,20GB,20.7,5.2,1.8,1634,489,9261,12,9,4G_Mobile,0,4G,1,0.59,8,Ignored,452,Upgrade_to_50GB,5GB_Bonus,0
C2520,Colombo,60+,10GB,8.2,2.0,3.5,2178,478,17665,17,9,Basic_Phone,0,4G,0,0.14,7,Rejected,209,Offer_New_Phone,Smartphone_Trade_In_Deal,1
C2521,Trincomalee,36-45,50GB,42.9,10.2,19.1,519,64,11900,11,4,5G_Mobile,1,4G,1,0.22,3,Ignored,692,Upgrade_to_100GB,10GB_Bonus,1
C2522,Gampaha,18-25,50GB,63.6,38.0,5.3,1231,529,19794,13,0,4G_Mobile,0,5G,0,0.21,4,Accepted,534,Upgrade_to_100GB,10GB_Bonus,0
C2523,Trincomalee,36-45,20GB,12.7,3.2,4.2,1657,394,11384,23,3,4G_Mobile,0,5G,0,0.14,0,Ignored,50,No_Action,No_Offer,1
C2524,Trincomalee,46-60,20GB,22.1,5.5,8.8,1103,97,2146,3,6,5G_Mobile,1,4G,0,0.24,1,Rejected,381,Upgrade_to_50GB,5GB_Bonus,1
C2525,Batticaloa,46-60,50GB,24.6,9.1,7.3,860,575,17518,1,7,5G_Mobile,1,5G,1,0.13,0,Ignored,183,Upgrade_to_100GB,Premium_Business_Plan,0
C2526,Galle,60+,10GB,8.2,4.2,2.2,1448,19,18830,5,3,5G_Mobile,1,5G,1,0.08,5,Rejected,345,Upgrade_to_100GB,Premium_Business_Plan,1
C2527,Jaffna,26-35,10GB,8.0,3.9,3.3,2483,81,19324,6,0,5G_Mobile,1,5G,1,0.07,1,Ignored,544,Offer_Voice_Pack,Unlimited_Local_Voice,0
C2528,Negombo,46-60,20GB,8.9,4.6,3.1,1240,299,6699,2,7,Basic_Phone,0,4G,1,0.53,9,Accepted,446,Offer_New_Phone,Smartphone_Trade_In_Deal,0
C2529,Matara,60+,100GB,97.7,53.1,21.3,532,465,14767,4,8,4G_Mobile,0,5G,1,0.41,0,Ignored,414,Offer_New_Phone,5G_Phone_Upgrade_Offer,0
C2530,Badulla,60+,10GB,8.8,1.9,0.5,1887,259,5837,29,5,4G_Mobile,0,5G,0,0.34,0,Accepted,12,Upgrade_to_20GB,Data_Saver_Pack,1
C2531,Jaffna,46-60,10GB,7.8,4.6,1.2,2464,22,3446,29,5,4G_Mobile,0,4G,0,0.22,5,Rejected,577,Offer_Voice_Pack,Unlimited_Local_Voice,1
C2532,Badulla,36-45,10GB,8.2,1.5,1.8,2282,519,5541,8,5,4G_Mobile,0,4G,1,0.07,5,Accepted,670,Offer_Voice_Pack,Unlimited_Local_Voice,1
C2533,Kurunegala,46-60,50GB,49.1,14.2,11.5,441,62,1225,29,6,4G_Mobile,0,4G,0,0.22,8,Accepted,391,Upgrade_to_100GB,10GB_Bonus,0
C2534,Galle,36-45,20GB,22.7,7.5,8.2,661,298,5684,4,2,5G_Mobile,1,5G,1,0.45,4,Accepted,260,Upgrade_to_50GB,5GB_Bonus,0
C2535,Jaffna,46-60,100GB,64.1,15.5,10.0,828,289,9936,14,2,5G_Mobile,1,5G,0,0.12,4,Accepted,348,Recommend_5G_Router,10Percent_Discount,0
C2536,Negombo,46-60,50GB,28.2,16.1,10.7,1300,297,5453,7,7,5G_Mobile,1,5G,1,0.34,3,Accepted,410,No_Action,No_Offer,1
C2537,Galle,60+,20GB,19.9,8.9,2.5,158,517,5514,11,4,4G_Mobile,0,4G,0,0.29,3,Rejected,654,Upgrade_to_50GB,5GB_Bonus,0
C2538,Colombo,60+,50GB,51.2,24.6,21.7,535,329,14062,24,9,4G_Mobile,0,4G,0,0.26,7,Ignored,709,Buy_Social_Media_Package,Social_Unlimited_Add_On,1
C2539,Anuradhapura,60+,50GB,27.5,9.7,6.8,864,590,4293,27,8,4G_Mobile,0,4G,0,0.13,5,Rejected,555,No_Action,No_Offer,1
C2540,Badulla,26-35,100GB,89.0,10.5,19.6,1672,488,3630,29,2,5G_Mobile,1,5G,0,0.25,4,Accepted,137,Offer_Home_Router,Router_Bundle_Deal,1
C2541,Gampaha,18-25,20GB,25.0,14.3,7.6,1379,107,6673,4,8,4G_Mobile,0,5G,1,0.11,7,Rejected,150,Upgrade_to_50GB,5GB_Bonus,1
C2542,Galle,36-45,50GB,64.0,21.4,13.4,1863,134,7999,9,2,5G_Mobile,1,5G,1,0.66,9,Rejected,473,Upgrade_to_100GB,10GB_Bonus,1
C2543,Badulla,46-60,20GB,20.2,6.0,2.7,454,157,1847,6,5,4G_Mobile,0,5G,0,0.15,2,Rejected,160,Upgrade_to_50GB,5GB_Bonus,1
C2544,Matara,36-45,20GB,23.5,8.1,10.6,2380,411,18667,24,2,4G_Mobile,0,5G,0,0.15,1,Accepted,429,Upgrade_to_50GB,5GB_Bonus,1
C2545,Colombo,36-45,50GB,42.1,17.5,5.5,2148,536,19578,25,7,Basic_Phone,0,4G,0,0.06,8,Rejected,570,Offer_New_Phone,Smartphone_Trade_In_Deal,1
C2546,Anuradhapura,46-60,10GB,7.8,3.4,2.3,277,351,15657,7,6,4G_Mobile,0,4G,1,0.3,0,Accepted,54,Upgrade_to_100GB,Premium_Business_Plan,1
C2547,Gampaha,36-45,10GB,8.7,4.7,3.6,2341,154,19786,7,4,4G_Mobile,0,5G,0,0.27,2,Accepted,625,Upgrade_to_20GB,Data_Saver_Pack,0
C2548,Jaffna,18-25,20GB,9.1,1.5,0.5,689,568,2529,25,9,5G_Mobile,1,4G,0,0.04,0,Accepted,396,Upgrade_to_5G_SIM,Free_SIM_Replacement,0
C2549,Gampaha,26-35,20GB,20.2,6.3,6.7,1892,308,9741,23,4,5G_Mobile,1,5G,0,0.14,2,Ignored,439,Upgrade_to_50GB,5GB_Bonus,1
C2550,Galle,46-60,10GB,10.7,4.0,1.6,1443,220,1342,23,4,5G_Mobile,1,4G,1,0.35,8,Ignored,68,Upgrade_to_20GB,Data_Saver_Pack,1
C2551,Trincomalee,60+,100GB,68.5,30.8,11.7,801,470,16496,19,3,4G_Mobile,0,4G,1,0.06,2,Ignored,343,Upgrade_to_100GB,Premium_Business_Plan,1
C2552,Negombo,26-35,20GB,16.8,7.2,2.1,1880,184,10858,15,9,5G_Mobile,1,5G,0,0.23,5,Rejected,123,Offer_Voice_Pack,Unlimited_Local_Voice,1
C2553,Trincomalee,18-25,20GB,12.7,6.2,4.5,409,329,5937,25,2,4G_Mobile,0,4G,0,0.3,1,Rejected,711,No_Action,No_Offer,0
C2554,Jaffna,46-60,100GB,59.1,7.4,13.7,2365,118,16322,4,6,Basic_Phone,0,4G,1,0.18,4,Accepted,494,Offer_New_Phone,Smartphone_Trade_In_Deal,0
C2555,Trincomalee,60+,10GB,11.2,1.4,1.5,1452,205,5526,19,8,4G_Mobile,0,5G,1,0.59,7,Rejected,299,Upgrade_to_20GB,Data_Saver_Pack,1
C2556,Colombo,36-45,10GB,5.4,2.6,1.1,1755,563,11271,22,8,5G_Mobile,1,5G,1,0.38,0,Accepted,529,No_Action,No_Offer,0
C2557,Gampaha,36-45,20GB,25.0,10.2,7.7,1421,460,12814,17,0,Basic_Phone,0,4G,1,0.17,3,Accepted,697,Offer_New_Phone,Smartphone_Trade_In_Deal,0
C2558,Matara,60+,100GB,97.4,22.1,10.0,2295,306,11737,20,7,5G_Mobile,1,4G,1,0.14,3,Rejected,29,Offer_Voice_Pack,Unlimited_Local_Voice,1
C2559,Matara,60+,50GB,30.2,17.3,7.2,1870,86,9669,17,7,Basic_Phone,0,4G,0,0.1,2,Accepted,255,Offer_New_Phone,Smartphone_Trade_In_Deal,1
C2560,Trincomalee,18-25,100GB,129.7,71.0,47.5,473,208,9965,19,9,5G_Mobile,1,5G,1,0.18,3,Rejected,26,No_Action,No_Offer,0
C2561,Ratnapura,26-35,20GB,22.4,12.6,8.6,1723,156,14037,19,1,5G_Mobile,1,4G,1,0.25,7,Accepted,232,Upgrade_to_50GB,5GB_Bonus,0
C2562,Galle,46-60,50GB,25.9,6.1,8.6,891,259,16731,8,0,Basic_Phone,0,4G,0,0.11,9,Rejected,594,Offer_New_Phone,Smartphone_Trade_In_Deal,0
C2563,Matara,60+,20GB,13.7,7.0,3.3,505,276,6973,22,3,5G_Mobile,1,5G,0,0.46,9,Ignored,159,No_Action,No_Offer,1
C2564,Ratnapura,46-60,10GB,9.9,2.0,3.7,1353,157,5674,28,4,5G_Mobile,1,5G,0,0.53,8,Accepted,497,Upgrade_to_20GB,Data_Saver_Pack,1
C2565,Anuradhapura,26-35,10GB,9.5,1.3,3.4,2091,155,9904,1,4,5G_Mobile,1,5G,1,0.06,3,Ignored,468,Upgrade_to_20GB,Data_Saver_Pack,0
C2566,Jaffna,18-25,100GB,70.3,28.9,20.1,463,416,14124,27,6,Basic_Phone,0,4G,0,0.25,1,Ignored,708,Offer_New_Phone,Smartphone_Trade_In_Deal,1
C2567,Colombo,26-35,50GB,54.8,18.0,20.7,665,532,12512,7,1,Basic_Phone,0,4G,0,0.03,4,Rejected,707,Buy_Social_Media_Package,Social_Unlimited_Add_On,1
C2568,Badulla,60+,20GB,9.5,5.5,1.7,1073,534,15231,16,0,Basic_Phone,0,4G,0,0.4,0,Accepted,623,Offer_New_Phone,Smartphone_Trade_In_Deal,1
C2569,Kurunegala,36-45,10GB,10.2,1.5,1.6,287,541,1182,4,7,4G_Mobile,0,4G,0,0.3,2,Rejected,518,Upgrade_to_20GB,Data_Saver_Pack,1
C2570,Batticaloa,18-25,50GB,23.5,6.8,9.3,2342,304,12889,12,7,4G_Mobile,0,4G,1,0.51,9,Ignored,617,Offer_Voice_Pack,Unlimited_Local_Voice,1
C2571,Trincomalee,18-25,10GB,10.6,3.0,1.4,2434,317,14432,28,7,4G_Mobile,0,5G,0,0.16,6,Accepted,407,Upgrade_to_20GB,Data_Saver_Pack,1
C2572,Gampaha,36-45,50GB,61.2,33.2,19.4,677,250,4505,8,2,5G_Mobile,1,4G,1,0.1,4,Rejected,523,Upgrade_to_100GB,10GB_Bonus,0
C2573,Ratnapura,46-60,20GB,17.2,5.2,6.7,2481,276,8888,2,9,4G_Mobile,0,5G,0,0.43,5,Accepted,56,Upgrade_to_50GB,5GB_Bonus,1
C2574,Matara,46-60,100GB,62.3,34.0,14.6,1258,399,14891,4,4,4G_Mobile,0,4G,1,0.19,8,Accepted,469,Upgrade_to_100GB,Premium_Business_Plan,0
C2575,Jaffna,26-35,100GB,60.2,11.5,24.7,426,148,2986,10,5,5G_Mobile,1,5G,0,0.18,8,Rejected,123,Recommend_5G_Router,10Percent_Discount,0
C2576,Kandy,36-45,100GB,71.6,8.8,7.4,2341,204,15361,22,4,Basic_Phone,0,5G,0,0.37,4,Rejected,330,Offer_New_Phone,Smartphone_Trade_In_Deal,0
C2577,Jaffna,36-45,20GB,12.3,2.7,1.1,343,444,17459,15,1,5G_Mobile,1,5G,1,0.2,6,Rejected,544,Upgrade_to_100GB,Premium_Business_Plan,0
C2578,Kurunegala,26-35,50GB,59.3,6.7,5.6,145,552,3421,2,5,Basic_Phone,0,4G,0,0.14,1,Ignored,672,Upgrade_to_100GB,10GB_Bonus,0
C2579,Anuradhapura,46-60,10GB,4.6,0.7,1.1,2142,200,18318,28,7,5G_Mobile,1,5G,0,0.27,5,Accepted,301,Offer_Voice_Pack,Unlimited_Local_Voice,0
C2580,Negombo,26-35,50GB,30.0,11.2,8.1,2049,144,11776,21,0,5G_Mobile,1,5G,1,0.23,3,Ignored,727,Offer_Voice_Pack,Unlimited_Local_Voice,1
C2581,Trincomalee,26-35,100GB,111.6,12.0,10.4,723,199,8534,24,2,4G_Mobile,0,5G,0,0.59,6,Ignored,450,Offer_New_Phone,5G_Phone_Upgrade_Offer,0
C2582,Kandy,36-45,10GB,12.7,4.3,5.6,1086,170,3259,21,6,Basic_Phone,0,5G,0,0.15,0,Rejected,706,Upgrade_to_20GB,Data_Saver_Pack,0
C2583,Galle,60+,50GB,39.2,22.5,11.2,2280,560,1781,9,8,Basic_Phone,0,4G,0,0.24,2,Ignored,24,Offer_Voice_Pack,Unlimited_Local_Voice,0
C2584,Matara,36-45,50GB,28.0,14.5,5.0,2095,599,17974,23,7,Basic_Phone,0,4G,0,0.25,1,Ignored,352,Offer_New_Phone,Smartphone_Trade_In_Deal,1
C2585,Matara,36-45,100GB,76.1,13.7,4.4,1562,589,3240,19,1,4G_Mobile,0,5G,1,0.25,3,Ignored,494,Offer_New_Phone,5G_Phone_Upgrade_Offer,0
C2586,Badulla,26-35,100GB,107.1,39.3,27.1,1529,357,1621,12,4,4G_Mobile,0,4G,0,0.44,8,Accepted,140,Offer_Home_Router,Router_Bundle_Deal,0
C2587,Ratnapura,46-60,20GB,22.9,3.4,5.2,1486,304,16188,23,9,Basic_Phone,0,4G,0,0.23,0,Accepted,659,Offer_New_Phone,Smartphone_Trade_In_Deal,1
C2588,Kurunegala,26-35,20GB,17.1,10.1,1.4,322,214,15142,2,2,4G_Mobile,0,4G,0,0.22,7,Rejected,408,Upgrade_to_50GB,5GB_Bonus,0
C2589,Batticaloa,36-45,20GB,20.7,10.6,3.2,806,64,10045,4,9,Basic_Phone,0,4G,0,0.2,4,Ignored,152,Offer_New_Phone,Smartphone_Trade_In_Deal,0
C2590,Trincomalee,46-60,50GB,55.3,22.6,16.7,1313,250,2895,5,0,Basic_Phone,0,4G,0,0.14,9,Accepted,125,Upgrade_to_100GB,10GB_Bonus,1
C2591,Anuradhapura,46-60,20GB,25.3,10.3,6.1,597,381,17467,24,6,5G_Mobile,1,5G,0,0.2,6,Ignored,648,Upgrade_to_50GB,5GB_Bonus,0
C2592,Batticaloa,60+,50GB,26.0,8.7,2.2,1080,118,1353,19,3,Basic_Phone,0,4G,0,0.4,5,Rejected,50,No_Action,No_Offer,1
C2593,Trincomalee,46-60,20GB,20.9,8.1,4.8,1248,36,11954,15,3,4G_Mobile,0,5G,1,0.09,1,Ignored,243,Upgrade_to_50GB,5GB_Bonus,1
C2594,Ratnapura,60+,50GB,46.2,6.1,8.6,920,578,16510,15,4,5G_Mobile,1,5G,1,0.57,7,Ignored,330,Upgrade_to_100GB,10GB_Bonus,0
C2595,Jaffna,26-35,20GB,14.6,8.7,3.9,1579,566,6393,13,2,4G_Mobile,0,4G,1,0.22,2,Ignored,288,No_Action,No_Offer,0
C2596,Gampaha,18-25,20GB,23.4,4.6,7.4,107,102,11933,12,4,Basic_Phone,0,5G,0,0.26,4,Ignored,128,Offer_New_Phone,Smartphone_Trade_In_Deal,0
C2597,Colombo,46-60,20GB,9.9,2.5,2.9,1741,90,13586,2,5,5G_Mobile,1,5G,0,0.46,5,Rejected,33,Offer_Home_Router,Fibre_Broadband_Trial,1
C2598,Negombo,46-60,50GB,48.3,10.7,14.9,1392,481,5256,17,5,5G_Mobile,1,4G,1,0.52,3,Ignored,488,Upgrade_to_100GB,10GB_Bonus,0
C2599,Colombo,60+,50GB,28.9,16.6,8.3,1293,388,4436,1,1,5G_Mobile,1,4G,0,0.05,5,Accepted,258,Upgrade_to_5G_SIM,Free_SIM_Replacement,0
C2600,Kandy,46-60,20GB,9.1,4.3,2.5,1539,585,19266,4,5,4G_Mobile,0,4G,1,0.04,5,Ignored,33,Upgrade_to_100GB,Premium_Business_Plan,0
C2601,Anuradhapura,18-25,50GB,25.2,12.2,8.7,1411,283,6664,15,2,4G_Mobile,0,4G,0,0.27,3,Accepted,533,No_Action,No_Offer,1
C2602,Jaffna,46-60,10GB,9.1,4.1,1.8,1297,533,19793,12,6,4G_Mobile,0,4G,1,0.06,9,Accepted,670,Upgrade_to_20GB,Data_Saver_Pack,1
C2603,Negombo,26-35,50GB,29.0,14.8,2.9,630,231,17863,14,2,5G_Mobile,1,5G,0,0.49,1,Rejected,404,Upgrade_to_100GB,Premium_Business_Plan,1
C2604,Gampaha,18-25,100GB,117.0,34.3,22.6,916,170,13736,5,2,5G_Mobile,1,5G,1,0.11,7,Accepted,225,No_Action,No_Offer,0
C2605,Anuradhapura,46-60,100GB,85.2,22.8,35.5,1617,347,10953,16,8,Basic_Phone,0,5G,0,0.4,5,Accepted,524,Offer_New_Phone,Smartphone_Trade_In_Deal,0
C2606,Kurunegala,46-60,100GB,105.8,42.5,22.7,1411,595,7407,16,5,Basic_Phone,0,5G,1,0.43,6,Accepted,402,Offer_New_Phone,Smartphone_Trade_In_Deal,0
C2607,Galle,46-60,10GB,12.2,7.3,3.0,1166,17,3403,8,7,4G_Mobile,0,5G,1,0.42,4,Ignored,135,Upgrade_to_20GB,Data_Saver_Pack,0
C2608,Kurunegala,46-60,20GB,25.3,9.8,2.3,1661,41,11671,13,5,5G_Mobile,1,5G,1,0.15,5,Accepted,427,Upgrade_to_50GB,5GB_Bonus,0
C2609,Colombo,46-60,20GB,24.1,5.8,4.0,1908,40,10140,17,0,5G_Mobile,1,4G,0,0.1,6,Accepted,316,Upgrade_to_50GB,5GB_Bonus,0
C2610,Trincomalee,60+,50GB,32.5,5.9,8.6,1450,397,5748,27,7,5G_Mobile,1,4G,0,0.45,6,Ignored,41,Upgrade_to_5G_SIM,Free_SIM_Replacement,0
C2611,Ratnapura,18-25,100GB,127.3,21.4,10.1,1150,294,5638,7,8,Basic_Phone,0,4G,1,0.39,3,Accepted,342,No_Action,No_Offer,1
C2612,Negombo,18-25,20GB,8.1,2.6,0.5,905,350,7856,1,7,4G_Mobile,0,4G,1,0.42,0,Accepted,216,No_Action,No_Offer,0
C2613,Jaffna,26-35,10GB,10.8,4.4,1.1,1437,277,17654,26,7,5G_Mobile,1,4G,0,0.12,9,Accepted,121,Upgrade_to_20GB,Data_Saver_Pack,0
C2614,Batticaloa,26-35,100GB,72.0,19.9,8.0,439,61,5422,19,9,4G_Mobile,0,4G,1,0.41,4,Ignored,384,No_Action,No_Offer,0
C2615,Ratnapura,46-60,20GB,14.1,5.0,1.1,1337,74,10651,10,3,5G_Mobile,1,5G,1,0.07,9,Rejected,56,No_Action,No_Offer,1
C2616,Anuradhapura,60+,50GB,28.1,8.0,4.7,1029,129,7216,27,9,Basic_Phone,0,5G,0,0.51,8,Accepted,349,Offer_New_Phone,Smartphone_Trade_In_Deal,0
C2617,Matara,46-60,50GB,42.1,19.0,6.2,2309,308,7333,21,7,4G_Mobile,0,4G,0,0.12,9,Rejected,517,Offer_Voice_Pack,Unlimited_Local_Voice,1
C2618,Gampaha,18-25,10GB,11.7,3.0,3.2,964,541,13376,22,3,4G_Mobile,0,5G,0,0.33,6,Ignored,255,Upgrade_to_20GB,Data_Saver_Pack,0
C2619,Kurunegala,18-25,100GB,105.1,52.9,9.3,1750,537,18873,6,2,4G_Mobile,0,4G,1,0.14,8,Rejected,687,Upgrade_to_100GB,Premium_Business_Plan,0
C2620,Badulla,46-60,20GB,23.6,9.4,5.5,243,494,5132,28,7,Basic_Phone,0,4G,0,0.37,3,Ignored,72,Upgrade_to_50GB,5GB_Bonus,0
C2621,Negombo,60+,20GB,24.5,8.4,10.4,375,208,15651,29,0,4G_Mobile,0,4G,0,0.42,4,Rejected,241,Upgrade_to_50GB,5GB_Bonus,1
C2622,Galle,18-25,10GB,12.5,1.3,5.3,1409,52,10027,15,4,Basic_Phone,0,4G,0,0.27,4,Ignored,383,Offer_New_Phone,Smartphone_Trade_In_Deal,1
C2623,Negombo,46-60,10GB,8.9,3.2,2.8,457,28,3078,13,8,4G_Mobile,0,5G,1,0.5,3,Accepted,508,Upgrade_to_20GB,Data_Saver_Pack,0
C2624,Negombo,46-60,20GB,14.5,8.1,5.2,2167,214,1661,5,9,Basic_Phone,0,5G,1,0.24,7,Ignored,450,Offer_Voice_Pack,Unlimited_Local_Voice,0
C2625,Jaffna,26-35,100GB,82.7,34.9,34.9,1829,322,1620,24,5,4G_Mobile,0,4G,0,0.25,7,Ignored,60,Offer_Home_Router,Router_Bundle_Deal,1
C2626,Batticaloa,26-35,100GB,65.8,38.6,15.0,2205,489,16160,9,8,5G_Mobile,1,5G,1,0.24,9,Ignored,219,Offer_Voice_Pack,Unlimited_Local_Voice,0
C2627,Galle,18-25,20GB,17.8,4.7,6.8,1002,397,1941,9,5,5G_Mobile,1,5G,1,0.33,6,Ignored,433,Upgrade_to_50GB,5GB_Bonus,1
C2628,Batticaloa,46-60,100GB,48.4,13.3,18.1,2498,120,11058,22,9,4G_Mobile,0,4G,1,0.12,9,Rejected,538,Offer_Voice_Pack,Unlimited_Local_Voice,1
C2629,Trincomalee,60+,50GB,39.8,15.4,17.4,1289,422,19777,25,1,Basic_Phone,0,4G,1,0.33,2,Accepted,277,Offer_New_Phone,Smartphone_Trade_In_Deal,0
C2630,Anuradhapura,36-45,50GB,47.2,23.6,3.1,1070,579,2712,18,8,4G_Mobile,0,4G,1,0.17,9,Rejected,92,Upgrade_to_100GB,10GB_Bonus,1
C2631,Gampaha,60+,20GB,13.9,1.5,1.4,1023,391,15890,9,1,5G_Mobile,1,5G,0,0.2,3,Ignored,242,Offer_Home_Router,Fibre_Broadband_Trial,1
C2632,Galle,46-60,100GB,114.6,48.9,41.0,1433,403,2090,10,3,4G_Mobile,0,5G,1,0.46,6,Accepted,177,Offer_New_Phone,5G_Phone_Upgrade_Offer,1
C2633,Jaffna,26-35,10GB,12.8,5.8,4.3,1713,131,19649,8,6,4G_Mobile,0,4G,1,0.13,9,Ignored,222,Upgrade_to_20GB,Data_Saver_Pack,1
C2634,Gampaha,60+,10GB,8.1,2.4,0.8,1917,433,16925,7,1,Basic_Phone,0,4G,0,0.13,1,Ignored,42,Offer_New_Phone,Smartphone_Trade_In_Deal,1
C2635,Jaffna,36-45,20GB,19.4,7.6,5.6,1280,211,18668,29,4,4G_Mobile,0,4G,1,0.53,5,Rejected,729,Upgrade_to_50GB,5GB_Bonus,1
C2636,Kurunegala,26-35,10GB,10.9,2.4,1.0,1149,70,10814,25,8,4G_Mobile,0,4G,1,0.4,0,Ignored,130,Upgrade_to_20GB,Data_Saver_Pack,0
C2637,Galle,26-35,20GB,21.3,5.8,2.4,2329,189,9020,9,7,4G_Mobile,0,5G,0,0.06,3,Accepted,229,Upgrade_to_50GB,5GB_Bonus,1
C2638,Colombo,60+,10GB,6.9,3.0,2.2,1017,233,18340,26,0,5G_Mobile,1,5G,1,0.38,0,Accepted,63,Upgrade_to_100GB,Premium_Business_Plan,0
C2639,Batticaloa,26-35,10GB,7.8,3.1,1.6,2476,158,8031,25,4,4G_Mobile,0,5G,1,0.24,5,Ignored,562,Offer_Voice_Pack,Unlimited_Local_Voice,1
C2640,Kandy,36-45,20GB,22.9,7.0,7.6,1198,481,17596,7,8,5G_Mobile,1,5G,1,0.16,4,Accepted,285,Upgrade_to_50GB,5GB_Bonus,0
C2641,Badulla,18-25,20GB,12.1,3.5,2.4,1965,354,2517,4,9,4G_Mobile,0,5G,0,0.19,4,Ignored,711,Offer_Voice_Pack,Unlimited_Local_Voice,1
C2642,Badulla,36-45,20GB,10.6,5.2,2.1,1639,46,16890,1,5,5G_Mobile,1,4G,1,0.12,4,Ignored,709,Upgrade_to_5G_SIM,Free_SIM_Replacement,0
C2643,Anuradhapura,36-45,50GB,61.8,21.7,18.1,2066,414,6162,6,0,5G_Mobile,1,4G,1,0.27,0,Rejected,485,Upgrade_to_100GB,10GB_Bonus,1
C2644,Trincomalee,26-35,20GB,21.5,8.3,2.1,1420,407,15517,10,2,Basic_Phone,0,5G,0,0.43,9,Ignored,708,Offer_New_Phone,Smartphone_Trade_In_Deal,0
C2645,Galle,26-35,100GB,97.6,33.7,18.1,195,9,9696,22,6,4G_Mobile,0,4G,0,0.4,5,Rejected,40,Offer_Home_Router,Router_Bundle_Deal,0
C2646,Trincomalee,18-25,20GB,25.4,13.7,8.0,2459,318,8421,20,9,5G_Mobile,1,5G,1,0.11,4,Accepted,426,Upgrade_to_50GB,5GB_Bonus,1
C2647,Kandy,26-35,50GB,22.8,12.1,4.3,1687,301,5542,26,4,4G_Mobile,0,4G,1,0.39,5,Rejected,632,No_Action,No_Offer,1
C2648,Batticaloa,36-45,20GB,21.8,9.2,7.5,1068,326,6295,17,0,4G_Mobile,0,5G,1,0.29,1,Rejected,502,Upgrade_to_50GB,5GB_Bonus,1
C2649,Galle,36-45,20GB,9.1,2.3,3.9,2073,247,13927,25,7,5G_Mobile,1,4G,0,0.09,4,Accepted,235,Offer_Voice_Pack,Unlimited_Local_Voice,0
C2650,Colombo,46-60,20GB,22.3,12.1,6.5,1347,322,4651,10,8,5G_Mobile,1,5G,1,0.1,0,Ignored,706,Upgrade_to_50GB,5GB_Bonus,1
C2651,Kurunegala,60+,100GB,51.7,11.5,13.2,506,212,6154,9,0,5G_Mobile,1,5G,1,0.09,1,Rejected,625,Cross_Sell_Add_On,First_Add_On_Free,1
C2652,Jaffna,18-25,10GB,6.7,3.2,2.5,1161,471,19522,7,4,5G_Mobile,1,4G,1,0.03,8,Accepted,572,Upgrade_to_5G_SIM,Free_SIM_Replacement,1
C2653,Badulla,26-35,20GB,12.7,6.6,5.1,1732,598,13739,1,9,5G_Mobile,1,5G,0,0.17,8,Accepted,640,No_Action,No_Offer,1
C2654,Kandy,18-25,20GB,8.5,1.1,1.0,1367,275,8856,29,7,4G_Mobile,0,5G,1,0.23,4,Accepted,54,No_Action,No_Offer,0
C2655,Negombo,46-60,50GB,61.0,25.3,11.8,91,360,12028,7,9,5G_Mobile,1,4G,1,0.49,4,Accepted,90,Upgrade_to_100GB,10GB_Bonus,1
C2656,Negombo,60+,100GB,114.0,55.8,33.9,466,494,5994,9,6,4G_Mobile,0,5G,0,0.38,9,Accepted,273,Offer_New_Phone,5G_Phone_Upgrade_Offer,1
C2657,Negombo,36-45,100GB,126.4,56.0,56.1,1019,204,3959,14,1,4G_Mobile,0,4G,0,0.02,7,Rejected,684,Offer_Home_Router,Router_Bundle_Deal,1
C2658,Jaffna,18-25,20GB,17.4,9.1,7.0,244,20,7860,23,9,4G_Mobile,0,4G,1,0.08,0,Ignored,513,Upgrade_to_50GB,5GB_Bonus,1
C2659,Negombo,36-45,20GB,20.7,11.0,8.4,1834,163,8932,27,6,4G_Mobile,0,4G,0,0.31,6,Rejected,140,Upgrade_to_50GB,5GB_Bonus,0
C2660,Anuradhapura,26-35,100GB,77.4,44.7,9.1,1347,472,7030,15,4,5G_Mobile,1,5G,1,0.14,3,Rejected,398,No_Action,No_Offer,1
C2661,Negombo,36-45,50GB,35.5,21.1,11.9,131,521,12007,12,8,Basic_Phone,0,5G,0,0.59,3,Rejected,674,Offer_New_Phone,Smartphone_Trade_In_Deal,0
C2662,Gampaha,26-35,10GB,11.6,4.1,1.3,1769,464,11317,26,8,4G_Mobile,0,4G,0,0.24,6,Accepted,259,Upgrade_to_20GB,Data_Saver_Pack,0
C2663,Kandy,18-25,100GB,41.4,15.5,2.5,335,260,5684,27,7,4G_Mobile,0,4G,0,0.53,0,Ignored,288,No_Action,No_Offer,0
C2664,Galle,26-35,20GB,17.2,8.3,2.9,398,12,6225,12,2,4G_Mobile,0,4G,1,0.04,5,Ignored,420,Upgrade_to_50GB,5GB_Bonus,1
C2665,Kurunegala,36-45,20GB,16.4,2.9,3.5,96,83,11695,3,2,5G_Mobile,1,5G,0,0.18,7,Accepted,558,No_Action,No_Offer,1
C2666,Kandy,26-35,50GB,25.9,3.2,9.9,1324,337,9690,13,4,4G_Mobile,0,5G,1,0.39,3,Rejected,691,No_Action,No_Offer,0
C2667,Gampaha,46-60,10GB,4.9,1.1,0.5,1533,423,13123,27,0,4G_Mobile,0,4G,0,0.4,7,Accepted,504,Offer_Home_Router,Fibre_Broadband_Trial,0
C2668,Negombo,60+,100GB,77.6,38.4,26.1,677,484,16721,9,3,Basic_Phone,0,5G,0,0.42,1,Accepted,163,Offer_New_Phone,Smartphone_Trade_In_Deal,0
C2669,Kandy,46-60,50GB,64.0,28.4,12.5,606,170,14147,21,9,4G_Mobile,0,4G,0,0.54,3,Rejected,652,Upgrade_to_100GB,10GB_Bonus,0
C2670,Badulla,36-45,50GB,34.5,11.8,8.7,1659,172,17372,3,3,4G_Mobile,0,4G,0,0.39,1,Ignored,510,Upgrade_to_100GB,Premium_Business_Plan,0
C2671,Ratnapura,18-25,50GB,35.7,8.4,12.0,297,71,5015,7,7,Basic_Phone,0,5G,1,0.5,3,Accepted,95,No_Action,No_Offer,0
C2672,Anuradhapura,60+,20GB,21.6,5.9,9.6,1960,151,4496,27,3,4G_Mobile,0,4G,0,0.38,4,Ignored,507,Upgrade_to_50GB,5GB_Bonus,1
C2673,Batticaloa,18-25,50GB,24.6,4.3,6.1,2211,446,4481,24,3,Basic_Phone,0,4G,1,0.24,8,Rejected,583,Offer_Voice_Pack,Unlimited_Local_Voice,0
C2674,Jaffna,26-35,100GB,114.6,53.6,46.5,1389,148,4048,11,9,4G_Mobile,0,4G,1,0.08,6,Rejected,328,No_Action,No_Offer,1
C2675,Trincomalee,60+,100GB,79.0,21.5,7.6,2134,594,7452,29,2,Basic_Phone,0,4G,1,0.13,0,Accepted,265,Offer_New_Phone,Smartphone_Trade_In_Deal,1
C2676,Kurunegala,60+,50GB,59.8,23.1,15.4,1024,362,9639,13,1,Basic_Phone,0,5G,1,0.44,3,Accepted,22,Offer_New_Phone,Smartphone_Trade_In_Deal,0
C2677,Colombo,18-25,10GB,7.3,2.1,2.7,61,127,4742,25,8,5G_Mobile,1,5G,1,0.12,4,Accepted,136,No_Action,No_Offer,1
C2678,Badulla,26-35,20GB,20.3,7.2,4.0,1517,21,18482,1,2,5G_Mobile,1,4G,1,0.18,2,Ignored,482,Upgrade_to_50GB,5GB_Bonus,1
C2679,Colombo,36-45,20GB,8.9,4.3,2.9,383,591,14276,12,4,5G_Mobile,1,5G,0,0.28,7,Ignored,8,Offer_Home_Router,Fibre_Broadband_Trial,0
C2680,Kandy,18-25,20GB,24.2,6.9,3.2,466,232,10674,19,6,Basic_Phone,0,5G,0,0.44,9,Ignored,420,Offer_New_Phone,Smartphone_Trade_In_Deal,0
C2681,Kurunegala,26-35,50GB,25.9,10.5,1.7,1433,400,5482,5,8,4G_Mobile,0,4G,1,0.18,5,Rejected,304,No_Action,No_Offer,0
C2682,Kurunegala,26-35,10GB,6.2,2.9,2.1,1389,471,12745,7,8,4G_Mobile,0,5G,1,0.49,4,Rejected,725,No_Action,No_Offer,1
C2683,Trincomalee,60+,20GB,16.2,4.1,3.7,678,96,17605,18,2,4G_Mobile,0,4G,1,0.37,3,Rejected,227,Upgrade_to_100GB,Premium_Business_Plan,1
C2684,Badulla,36-45,100GB,103.5,16.4,30.0,2329,581,14016,24,6,Basic_Phone,0,4G,0,0.32,1,Rejected,218,Offer_New_Phone,Smartphone_Trade_In_Deal,1
C2685,Anuradhapura,60+,50GB,52.8,30.9,18.9,242,17,6083,28,6,Basic_Phone,0,4G,0,0.36,0,Ignored,452,Offer_New_Phone,Smartphone_Trade_In_Deal,0
C2686,Colombo,26-35,50GB,35.2,6.9,13.6,1337,290,7451,18,4,5G_Mobile,1,5G,0,0.36,4,Ignored,81,Offer_Home_Router,Fibre_Broadband_Trial,0
C2687,Trincomalee,18-25,20GB,23.8,12.8,4.9,1615,169,12248,3,4,5G_Mobile,1,4G,1,0.71,1,Ignored,257,Upgrade_to_50GB,5GB_Bonus,1
C2688,Ratnapura,36-45,10GB,4.0,1.6,1.1,666,47,10826,16,5,4G_Mobile,0,4G,1,0.39,6,Ignored,514,No_Action,No_Offer,0
C2689,Matara,46-60,50GB,55.0,17.8,6.8,1205,66,16126,6,9,Basic_Phone,0,4G,1,0.26,9,Ignored,92,Offer_New_Phone,Smartphone_Trade_In_Deal,0
C2690,Gampaha,26-35,50GB,46.3,5.5,19.5,853,494,5535,2,2,4G_Mobile,0,4G,0,0.14,2,Rejected,190,Upgrade_to_100GB,10GB_Bonus,1
C2691,Badulla,36-45,100GB,123.9,20.7,44.1,1403,486,11611,16,0,4G_Mobile,0,4G,0,0.45,9,Rejected,148,Offer_Home_Router,Router_Bundle_Deal,1
C2692,Batticaloa,60+,20GB,9.6,3.7,0.7,1758,114,6409,17,4,5G_Mobile,1,5G,1,0.38,8,Ignored,112,No_Action,No_Offer,1
C2693,Colombo,36-45,20GB,24.4,6.9,10.9,1909,140,11315,1,4,4G_Mobile,0,4G,0,0.43,0,Ignored,163,Upgrade_to_50GB,5GB_Bonus,0
C2694,Kandy,36-45,100GB,104.9,42.4,23.1,1288,44,4397,18,9,Basic_Phone,0,4G,0,0.27,8,Rejected,453,Offer_Home_Router,Router_Bundle_Deal,0
C2695,Matara,36-45,100GB,105.6,12.8,16.1,1537,570,19867,27,0,5G_Mobile,1,4G,0,0.17,2,Rejected,198,Offer_Home_Router,Router_Bundle_Deal,0
C2696,Kurunegala,60+,20GB,10.1,3.1,1.1,1985,176,12218,3,1,5G_Mobile,1,5G,0,0.08,1,Accepted,266,Offer_Voice_Pack,Unlimited_Local_Voice,0
C2697,Negombo,60+,50GB,39.6,4.6,15.2,1113,35,6313,6,5,4G_Mobile,0,4G,0,0.04,2,Accepted,621,No_Action,No_Offer,0
C2698,Matara,26-35,10GB,7.7,1.9,3.1,1836,120,3347,29,4,5G_Mobile,1,5G,1,0.24,6,Accepted,20,Offer_Voice_Pack,Unlimited_Local_Voice,1
C2699,Kandy,18-25,20GB,14.6,6.2,4.7,1134,566,15258,22,9,5G_Mobile,1,5G,1,0.12,0,Ignored,10,Upgrade_to_100GB,Premium_Business_Plan,0
C2700,Gampaha,46-60,10GB,7.6,1.5,3.2,2293,63,8438,22,4,5G_Mobile,1,5G,1,0.36,2,Rejected,703,Offer_Voice_Pack,Unlimited_Local_Voice,0
C2701,Negombo,60+,10GB,10.4,2.9,4.7,75,517,16313,27,8,5G_Mobile,1,5G,0,0.26,2,Ignored,8,Upgrade_to_20GB,Data_Saver_Pack,0
C2702,Ratnapura,26-35,10GB,10.7,5.8,2.9,75,92,5291,7,9,4G_Mobile,0,5G,1,0.45,3,Rejected,435,Upgrade_to_20GB,Data_Saver_Pack,1
C2703,Trincomalee,46-60,20GB,24.4,9.3,9.4,2443,316,12463,15,2,4G_Mobile,0,5G,1,0.12,5,Ignored,122,Upgrade_to_50GB,5GB_Bonus,0
C2704,Colombo,60+,20GB,13.3,2.9,5.8,1517,242,3278,23,8,5G_Mobile,1,5G,1,0.21,0,Accepted,516,No_Action,No_Offer,0
C2705,Negombo,18-25,100GB,43.6,6.4,3.7,1497,44,13625,7,0,Basic_Phone,0,5G,0,0.61,5,Ignored,590,Offer_New_Phone,Smartphone_Trade_In_Deal,1
C2706,Matara,26-35,10GB,9.9,2.6,2.1,2296,269,7452,3,9,5G_Mobile,1,5G,0,0.38,1,Rejected,445,Upgrade_to_20GB,Data_Saver_Pack,0
C2707,Gampaha,18-25,50GB,49.6,6.7,20.3,1713,129,12544,27,6,4G_Mobile,0,4G,1,0.04,4,Accepted,440,Buy_Social_Media_Package,Social_Unlimited_Add_On,0
C2708,Negombo,36-45,50GB,64.7,21.2,12.9,2208,60,6683,16,3,5G_Mobile,1,5G,0,0.04,2,Accepted,132,Upgrade_to_100GB,10GB_Bonus,0
C2709,Jaffna,36-45,100GB,119.2,19.2,7.7,1227,528,17270,26,3,4G_Mobile,0,4G,1,0.46,8,Ignored,639,Upgrade_to_100GB,Premium_Business_Plan,1
C2710,Kandy,46-60,10GB,5.5,3.2,0.6,1652,529,17009,9,6,4G_Mobile,0,4G,0,0.21,6,Ignored,106,Upgrade_to_100GB,Premium_Business_Plan,0
C2711,Gampaha,36-45,10GB,7.9,3.0,1.7,1789,305,13938,7,1,Basic_Phone,0,5G,0,0.2,7,Ignored,660,Offer_New_Phone,Smartphone_Trade_In_Deal,0
C2712,Matara,26-35,20GB,12.0,5.1,3.8,1424,426,6015,2,5,Basic_Phone,0,4G,0,0.17,3,Rejected,304,Offer_New_Phone,Smartphone_Trade_In_Deal,0
C2713,Anuradhapura,46-60,20GB,23.0,9.5,10.1,239,188,19554,26,2,4G_Mobile,0,5G,1,0.32,9,Accepted,312,Upgrade_to_50GB,5GB_Bonus,0
C2714,Kurunegala,46-60,20GB,19.5,2.0,1.1,2126,66,3604,24,5,5G_Mobile,1,5G,0,0.15,2,Ignored,361,Upgrade_to_50GB,5GB_Bonus,0
C2715,Jaffna,60+,100GB,67.8,33.5,17.6,379,578,19508,25,0,5G_Mobile,1,5G,0,0.33,1,Rejected,21,Recommend_5G_Router,10Percent_Discount,1
C2716,Trincomalee,18-25,50GB,40.5,14.2,10.0,1847,14,3827,8,0,5G_Mobile,1,5G,1,0.09,5,Ignored,493,Offer_Voice_Pack,Unlimited_Local_Voice,1
C2717,Badulla,60+,10GB,12.7,4.9,0.7,1669,398,8205,21,9,4G_Mobile,0,4G,0,0.28,9,Ignored,704,Upgrade_to_20GB,Data_Saver_Pack,1
C2718,Negombo,60+,100GB,118.0,54.4,6.6,1933,197,13106,19,9,5G_Mobile,1,5G,0,0.41,5,Accepted,628,Offer_Home_Router,Router_Bundle_Deal,1
C2719,Badulla,46-60,50GB,40.1,4.1,7.0,926,265,11233,20,2,4G_Mobile,0,4G,1,0.4,7,Rejected,77,No_Action,No_Offer,1
C2720,Gampaha,46-60,50GB,53.9,18.4,20.9,636,53,8668,6,4,4G_Mobile,0,5G,1,0.3,7,Ignored,293,Buy_Social_Media_Package,Social_Unlimited_Add_On,0
C2721,Negombo,60+,20GB,14.9,5.7,1.0,2004,559,19478,3,9,4G_Mobile,0,5G,0,0.41,1,Accepted,317,Offer_Voice_Pack,Unlimited_Local_Voice,1
C2722,Ratnapura,26-35,100GB,60.6,10.8,13.9,1748,404,19152,13,5,Basic_Phone,0,4G,0,0.36,7,Rejected,23,Offer_New_Phone,Smartphone_Trade_In_Deal,0
C2723,Matara,18-25,50GB,58.1,33.1,22.0,568,535,19886,24,7,5G_Mobile,1,5G,1,0.26,8,Rejected,633,Buy_Social_Media_Package,Social_Unlimited_Add_On,1
C2724,Matara,60+,10GB,8.6,2.5,3.6,2408,410,14210,16,6,4G_Mobile,0,4G,0,0.22,0,Ignored,41,Upgrade_to_20GB,Data_Saver_Pack,1
C2725,Kandy,18-25,50GB,43.2,14.4,4.4,1228,292,8467,12,5,4G_Mobile,0,4G,1,0.04,6,Accepted,480,Upgrade_to_100GB,10GB_Bonus,1
C2726,Kandy,18-25,100GB,97.8,33.6,8.4,706,178,13457,12,2,5G_Mobile,1,5G,1,0.04,1,Accepted,536,No_Action,No_Offer,0
C2727,Batticaloa,46-60,50GB,37.2,11.9,6.9,617,274,3172,4,4,4G_Mobile,0,4G,0,0.27,7,Accepted,492,No_Action,No_Offer,1
C2728,Matara,36-45,20GB,22.6,3.6,5.2,1251,539,8627,22,5,Basic_Phone,0,5G,1,0.32,7,Rejected,345,Offer_New_Phone,Smartphone_Trade_In_Deal,0
C2729,Anuradhapura,60+,100GB,117.4,43.6,25.4,1688,61,17154,23,7,4G_Mobile,0,5G,1,0.04,6,Accepted,45,Offer_New_Phone,5G_Phone_Upgrade_Offer,0
C2730,Colombo,26-35,20GB,18.9,9.5,2.0,1317,500,8484,12,4,5G_Mobile,1,5G,0,0.14,1,Ignored,362,Upgrade_to_50GB,5GB_Bonus,1
C2731,Kurunegala,18-25,50GB,55.7,21.0,5.9,606,589,6006,28,5,4G_Mobile,0,4G,1,0.17,7,Accepted,460,Upgrade_to_100GB,10GB_Bonus,1
C2732,Colombo,26-35,100GB,104.4,28.0,32.0,1802,364,14751,20,5,Basic_Phone,0,4G,1,0.43,8,Rejected,148,Offer_New_Phone,Smartphone_Trade_In_Deal,1
C2733,Ratnapura,36-45,20GB,21.9,7.3,7.1,2070,334,12935,8,6,5G_Mobile,1,5G,1,0.23,7,Rejected,39,Upgrade_to_50GB,5GB_Bonus,0
C2734,Colombo,18-25,100GB,120.2,20.2,8.3,1644,75,13639,19,3,4G_Mobile,0,4G,0,0.29,4,Rejected,296,Offer_Home_Router,Router_Bundle_Deal,1
C2735,Kurunegala,36-45,20GB,18.9,6.0,3.6,784,5,2120,19,7,4G_Mobile,0,4G,0,0.29,1,Ignored,553,Upgrade_to_50GB,5GB_Bonus,1
C2736,Galle,36-45,50GB,24.9,7.3,9.4,828,87,6481,5,1,5G_Mobile,1,5G,0,0.14,4,Accepted,474,No_Action,No_Offer,1
C2737,Kandy,60+,50GB,53.7,9.3,18.9,171,288,17216,29,4,5G_Mobile,1,5G,0,0.25,5,Accepted,187,Upgrade_to_100GB,10GB_Bonus,1
C2738,Anuradhapura,46-60,50GB,40.4,16.2,7.1,961,191,5074,28,4,4G_Mobile,0,5G,0,0.38,6,Rejected,64,No_Action,No_Offer,1
C2739,Badulla,26-35,50GB,35.6,13.2,2.3,1636,358,14237,16,6,Basic_Phone,0,4G,0,0.46,3,Accepted,577,Offer_New_Phone,Smartphone_Trade_In_Deal,0
C2740,Galle,36-45,20GB,21.1,4.1,8.1,2467,513,18405,16,9,4G_Mobile,0,5G,1,0.17,0,Accepted,201,Upgrade_to_50GB,5GB_Bonus,0
C2741,Trincomalee,36-45,20GB,22.0,3.7,3.5,1508,26,11931,6,1,5G_Mobile,1,5G,1,0.51,3,Rejected,424,Upgrade_to_50GB,5GB_Bonus,1
C2742,Jaffna,60+,50GB,37.6,21.7,8.8,397,587,11891,17,9,4G_Mobile,0,4G,0,0.42,8,Ignored,119,No_Action,No_Offer,1
C2743,Galle,60+,100GB,45.2,13.9,12.9,833,462,17919,16,8,5G_Mobile,1,4G,1,0.05,1,Accepted,669,Upgrade_to_5G_SIM,Free_SIM_Replacement,1
C2744,Galle,60+,10GB,6.3,3.2,1.0,1148,227,13875,22,3,5G_Mobile,1,5G,0,0.49,2,Ignored,474,No_Action,No_Offer,1
C2745,Anuradhapura,60+,20GB,20.5,4.9,2.6,2402,455,1247,15,5,5G_Mobile,1,5G,0,0.34,2,Accepted,206,Upgrade_to_50GB,5GB_Bonus,0
C2746,Matara,36-45,10GB,12.3,6.0,5.2,2148,206,14278,9,9,5G_Mobile,1,5G,0,0.25,1,Ignored,706,Upgrade_to_20GB,Data_Saver_Pack,0
C2747,Badulla,36-45,50GB,32.9,11.7,4.2,946,361,15782,27,5,4G_Mobile,0,5G,0,0.55,0,Accepted,152,Upgrade_to_100GB,Premium_Business_Plan,1
C2748,Negombo,36-45,10GB,4.4,1.6,1.3,1588,389,10371,15,0,4G_Mobile,0,4G,0,0.25,4,Ignored,329,Cross_Sell_Add_On,First_Add_On_Free,0
C2749,Badulla,26-35,10GB,11.7,2.1,4.6,221,330,17404,25,8,4G_Mobile,0,4G,0,0.11,3,Ignored,51,Upgrade_to_20GB,Data_Saver_Pack,0
C2750,Matara,60+,10GB,5.3,2.3,1.1,1971,574,15292,23,1,5G_Mobile,1,5G,0,0.28,5,Ignored,540,Offer_Voice_Pack,Unlimited_Local_Voice,1
C2751,Colombo,18-25,100GB,78.1,35.9,21.3,1657,263,19478,6,4,Basic_Phone,0,5G,1,0.19,7,Ignored,515,Offer_New_Phone,Smartphone_Trade_In_Deal,0
C2752,Galle,26-35,20GB,20.0,10.3,5.7,99,4,3251,20,0,5G_Mobile,1,5G,1,0.28,3,Accepted,166,Upgrade_to_50GB,5GB_Bonus,0
C2753,Kurunegala,36-45,20GB,16.5,4.6,1.9,1690,580,8751,5,3,Basic_Phone,0,5G,0,0.34,5,Accepted,326,Offer_New_Phone,Smartphone_Trade_In_Deal,0
C2754,Ratnapura,26-35,10GB,8.2,2.8,1.0,1320,554,1351,24,4,5G_Mobile,1,5G,1,0.45,0,Accepted,248,No_Action,No_Offer,0
C2755,Kurunegala,60+,50GB,61.9,14.7,15.2,1117,480,10496,13,8,Basic_Phone,0,4G,0,0.7,8,Ignored,695,Offer_New_Phone,Smartphone_Trade_In_Deal,0
C2756,Batticaloa,36-45,20GB,11.6,6.5,4.3,256,311,4095,2,5,4G_Mobile,0,5G,1,0.67,1,Accepted,27,No_Action,No_Offer,1
C2757,Colombo,36-45,100GB,87.4,47.8,35.2,1295,299,19059,7,0,4G_Mobile,0,5G,0,0.14,0,Rejected,33,Offer_New_Phone,5G_Phone_Upgrade_Offer,0
C2758,Negombo,60+,10GB,8.3,4.9,1.4,151,590,3581,17,6,4G_Mobile,0,5G,0,0.41,4,Accepted,511,No_Action,No_Offer,1
C2759,Galle,36-45,10GB,5.8,0.7,1.9,1999,106,3514,1,6,4G_Mobile,0,5G,0,0.12,5,Ignored,15,Offer_Voice_Pack,Unlimited_Local_Voice,0
C2760,Negombo,36-45,50GB,28.1,12.9,6.7,2385,424,9911,2,5,5G_Mobile,1,5G,1,0.2,4,Rejected,703,Offer_Voice_Pack,Unlimited_Local_Voice,1
C2761,Badulla,36-45,20GB,17.1,8.9,5.1,576,39,5624,4,0,4G_Mobile,0,4G,0,0.57,2,Rejected,21,Upgrade_to_50GB,5GB_Bonus,0
C2762,Anuradhapura,46-60,10GB,12.8,6.6,5.5,261,133,9763,11,0,5G_Mobile,1,5G,0,0.09,7,Ignored,260,Upgrade_to_20GB,Data_Saver_Pack,1
C2763,Trincomalee,18-25,10GB,11.1,6.0,4.5,1206,225,1178,18,8,5G_Mobile,1,5G,1,0.38,1,Accepted,516,Upgrade_to_20GB,Data_Saver_Pack,1
C2764,Anuradhapura,18-25,100GB,59.3,8.9,17.3,1611,429,17470,4,0,Basic_Phone,0,4G,0,0.07,9,Accepted,152,Offer_New_Phone,Smartphone_Trade_In_Deal,0
C2765,Badulla,46-60,20GB,11.4,1.4,2.5,872,444,2209,17,5,4G_Mobile,0,5G,1,0.28,0,Rejected,10,No_Action,No_Offer,1
C2766,Matara,46-60,10GB,12.6,2.1,3.3,319,83,18324,14,3,4G_Mobile,0,4G,0,0.08,7,Accepted,101,Upgrade_to_20GB,Data_Saver_Pack,0
C2767,Jaffna,46-60,10GB,8.5,2.5,3.5,1653,437,7549,29,5,Basic_Phone,0,4G,1,0.45,8,Accepted,201,Offer_New_Phone,Smartphone_Trade_In_Deal,0
C2768,Ratnapura,18-25,100GB,68.6,10.2,25.2,649,400,16933,26,5,5G_Mobile,1,5G,0,0.11,7,Rejected,196,Recommend_5G_Router,10Percent_Discount,1
C2769,Kandy,26-35,50GB,25.0,9.3,5.3,2254,157,1690,12,5,5G_Mobile,1,4G,1,0.51,2,Ignored,149,Offer_Voice_Pack,Unlimited_Local_Voice,0
C2770,Batticaloa,26-35,10GB,5.5,2.4,1.8,2329,194,15612,8,0,Basic_Phone,0,4G,1,0.3,1,Ignored,518,Offer_New_Phone,Smartphone_Trade_In_Deal,1
C2771,Negombo,18-25,50GB,55.7,20.3,12.5,175,492,15292,7,9,Basic_Phone,0,4G,0,0.04,2,Rejected,372,Offer_New_Phone,Smartphone_Trade_In_Deal,0
C2772,Kurunegala,36-45,100GB,65.7,24.2,27.5,474,599,3698,1,0,5G_Mobile,1,4G,1,0.36,4,Accepted,115,Upgrade_to_5G_SIM,Free_SIM_Replacement,0
C2773,Jaffna,60+,50GB,33.7,5.7,9.3,1394,589,16210,28,3,Basic_Phone,0,4G,0,0.23,6,Accepted,169,Offer_New_Phone,Smartphone_Trade_In_Deal,0
C2774,Colombo,26-35,10GB,6.3,0.7,1.5,429,428,12047,25,2,4G_Mobile,0,4G,1,0.4,9,Ignored,626,No_Action,No_Offer,1
C2775,Negombo,60+,50GB,37.5,15.1,4.1,1086,358,8760,16,5,4G_Mobile,0,5G,1,0.28,4,Accepted,169,No_Action,No_Offer,1
C2776,Jaffna,60+,100GB,48.4,27.0,18.9,1174,460,17945,9,8,5G_Mobile,1,5G,0,0.19,1,Accepted,665,Upgrade_to_100GB,Premium_Business_Plan,0
C2777,Anuradhapura,60+,20GB,13.4,6.5,5.6,2170,567,2340,28,5,Basic_Phone,0,4G,0,0.27,1,Rejected,448,Offer_Voice_Pack,Unlimited_Local_Voice,1
C2778,Kandy,60+,50GB,64.9,30.6,12.3,884,128,3064,15,1,5G_Mobile,1,4G,1,0.12,9,Accepted,159,Upgrade_to_100GB,10GB_Bonus,0
C2779,Batticaloa,46-60,20GB,9.6,1.5,2.7,63,562,8954,13,9,4G_Mobile,0,4G,0,0.36,5,Ignored,256,No_Action,No_Offer,1
C2780,Colombo,60+,50GB,63.1,30.2,24.0,892,294,11331,27,0,4G_Mobile,0,4G,1,0.29,3,Rejected,273,Buy_Social_Media_Package,Social_Unlimited_Add_On,1
C2781,Kurunegala,26-35,50GB,50.6,20.6,14.8,1992,587,10850,6,2,5G_Mobile,1,5G,0,0.23,5,Accepted,280,Upgrade_to_100GB,10GB_Bonus,0
C2782,Ratnapura,18-25,50GB,45.9,15.0,15.3,2160,577,8977,5,9,4G_Mobile,0,5G,0,0.18,3,Rejected,252,Upgrade_to_100GB,10GB_Bonus,1
C2783,Kurunegala,36-45,10GB,9.1,5.3,1.2,391,452,16782,12,2,5G_Mobile,1,5G,1,0.14,4,Accepted,679,Upgrade_to_20GB,Data_Saver_Pack,1
C2784,Kurunegala,60+,50GB,26.5,15.3,1.8,1123,524,15513,19,3,5G_Mobile,1,5G,1,0.42,5,Accepted,143,Upgrade_to_100GB,Premium_Business_Plan,1
C2785,Trincomalee,60+,20GB,25.6,11.7,11.4,2314,475,13422,5,2,5G_Mobile,1,5G,0,0.43,4,Ignored,570,Upgrade_to_50GB,5GB_Bonus,0
C2786,Matara,18-25,10GB,4.3,2.4,1.4,2415,100,15451,27,4,Basic_Phone,0,4G,0,0.12,1,Rejected,629,Offer_New_Phone,Smartphone_Trade_In_Deal,0
C2787,Badulla,36-45,100GB,45.0,14.0,8.1,1954,224,10164,17,6,Basic_Phone,0,4G,1,0.33,7,Accepted,418,Offer_New_Phone,Smartphone_Trade_In_Deal,0
C2788,Ratnapura,60+,100GB,64.5,30.2,8.0,2079,152,11105,19,2,5G_Mobile,1,4G,0,0.38,2,Accepted,519,Offer_Voice_Pack,Unlimited_Local_Voice,1
C2789,Trincomalee,36-45,10GB,8.6,1.8,1.4,2199,143,9079,8,2,4G_Mobile,0,5G,0,0.5,7,Ignored,360,Upgrade_to_20GB,Data_Saver_Pack,0
C2790,Trincomalee,46-60,10GB,5.7,2.0,1.0,1635,181,4036,1,7,5G_Mobile,1,5G,0,0.46,1,Rejected,57,No_Action,No_Offer,1
C2791,Anuradhapura,18-25,100GB,87.1,48.5,34.2,1212,451,8085,22,5,4G_Mobile,0,5G,0,0.49,9,Accepted,527,Offer_New_Phone,5G_Phone_Upgrade_Offer,1
C2792,Jaffna,60+,10GB,12.8,5.5,3.6,2123,441,10455,26,4,Basic_Phone,0,4G,1,0.11,0,Rejected,20,Offer_New_Phone,Smartphone_Trade_In_Deal,1
C2793,Anuradhapura,36-45,50GB,50.2,18.0,8.8,1182,134,19875,16,0,4G_Mobile,0,5G,1,0.28,6,Ignored,564,Upgrade_to_100GB,10GB_Bonus,0
C2794,Batticaloa,46-60,10GB,11.7,4.0,4.2,1623,408,4852,28,1,5G_Mobile,1,4G,1,0.72,1,Rejected,81,Upgrade_to_20GB,Data_Saver_Pack,0
C2795,Kurunegala,36-45,50GB,30.7,11.2,12.0,2322,348,13238,12,8,4G_Mobile,0,5G,0,0.51,0,Accepted,249,Offer_Voice_Pack,Unlimited_Local_Voice,1
C2796,Matara,46-60,50GB,39.4,12.2,7.9,657,430,16385,19,3,4G_Mobile,0,4G,0,0.27,5,Ignored,341,Upgrade_to_100GB,Premium_Business_Plan,0
C2797,Badulla,18-25,20GB,23.5,13.1,9.2,1299,77,18847,9,6,Basic_Phone,0,4G,1,0.58,5,Accepted,516,Offer_New_Phone,Smartphone_Trade_In_Deal,0
C2798,Negombo,26-35,100GB,48.9,22.4,14.2,1873,107,11957,5,0,4G_Mobile,0,5G,0,0.51,9,Rejected,701,Offer_Voice_Pack,Unlimited_Local_Voice,1
C2799,Colombo,60+,10GB,11.4,4.5,1.0,1364,170,16111,28,8,5G_Mobile,1,5G,0,0.21,3,Rejected,495,Upgrade_to_20GB,Data_Saver_Pack,1
C2800,Anuradhapura,60+,10GB,9.3,4.5,2.3,1797,363,12211,20,5,5G_Mobile,1,5G,1,0.69,6,Accepted,440,Upgrade_to_20GB,Data_Saver_Pack,1
C2801,Jaffna,18-25,10GB,5.3,1.8,1.9,1609,598,5930,10,8,5G_Mobile,1,4G,0,0.32,7,Accepted,227,Upgrade_to_5G_SIM,Free_SIM_Replacement,1
C2802,Colombo,36-45,10GB,11.7,2.8,3.0,783,17,3088,15,7,5G_Mobile,1,5G,1,0.13,7,Ignored,284,Upgrade_to_20GB,Data_Saver_Pack,0
C2803,Anuradhapura,46-60,50GB,31.2,11.9,13.1,1115,566,1711,8,4,5G_Mobile,1,5G,1,0.21,0,Accepted,518,No_Action,No_Offer,1
C2804,Ratnapura,60+,10GB,10.6,3.0,0.8,1655,242,15774,25,2,4G_Mobile,0,4G,1,0.2,1,Ignored,212,Upgrade_to_20GB,Data_Saver_Pack,0
C2805,Ratnapura,36-45,50GB,57.4,14.5,22.9,458,256,9444,4,7,5G_Mobile,1,5G,1,0.32,6,Ignored,563,Buy_Social_Media_Package,Social_Unlimited_Add_On,0
C2806,Ratnapura,60+,10GB,6.7,1.5,0.6,2091,138,4415,5,2,4G_Mobile,0,5G,0,0.25,5,Rejected,197,Offer_Voice_Pack,Unlimited_Local_Voice,1
C2807,Anuradhapura,26-35,10GB,12.1,2.6,1.4,473,451,6459,23,1,5G_Mobile,1,5G,0,0.16,7,Ignored,503,Upgrade_to_20GB,Data_Saver_Pack,1
C2808,Ratnapura,18-25,10GB,12.5,6.5,2.2,1258,349,1905,26,6,4G_Mobile,0,4G,0,0.13,9,Ignored,434,Upgrade_to_20GB,Data_Saver_Pack,0
C2809,Batticaloa,18-25,10GB,6.9,0.8,0.7,1837,588,2274,21,2,4G_Mobile,0,4G,0,0.43,8,Ignored,679,Offer_Voice_Pack,Unlimited_Local_Voice,1
C2810,Batticaloa,18-25,20GB,14.7,5.6,5.3,2486,445,2058,10,5,4G_Mobile,0,4G,0,0.15,7,Accepted,353,Offer_Voice_Pack,Unlimited_Local_Voice,0
C2811,Kurunegala,18-25,50GB,46.4,9.3,18.8,587,307,4335,27,9,Basic_Phone,0,4G,0,0.18,4,Ignored,199,Upgrade_to_100GB,10GB_Bonus,0
C2812,Badulla,26-35,100GB,111.6,58.3,9.6,700,305,3938,20,6,Basic_Phone,0,5G,0,0.15,4,Ignored,164,Offer_Home_Router,Router_Bundle_Deal,0
C2813,Trincomalee,36-45,10GB,6.5,0.9,0.9,1801,49,12769,2,7,4G_Mobile,0,4G,0,0.09,9,Ignored,255,Offer_Voice_Pack,Unlimited_Local_Voice,0
C2814,Ratnapura,36-45,100GB,68.6,10.4,24.3,472,179,17660,14,2,5G_Mobile,1,5G,0,0.19,6,Ignored,139,Recommend_5G_Router,10Percent_Discount,1
C2815,Negombo,18-25,20GB,9.8,5.8,3.6,1103,311,12412,22,9,4G_Mobile,0,5G,1,0.19,0,Accepted,470,No_Action,No_Offer,0
C2816,Batticaloa,46-60,10GB,4.8,2.4,0.5,1469,557,15330,5,8,Basic_Phone,0,4G,1,0.18,9,Accepted,482,Offer_New_Phone,Smartphone_Trade_In_Deal,1
C2817,Batticaloa,18-25,20GB,9.9,4.9,1.0,1561,400,4113,19,4,4G_Mobile,0,4G,1,0.19,7,Accepted,465,No_Action,No_Offer,1
C2818,Anuradhapura,36-45,50GB,22.8,8.5,2.2,2498,404,7184,10,1,4G_Mobile,0,4G,0,0.17,0,Rejected,279,Offer_Voice_Pack,Unlimited_Local_Voice,1
C2819,Colombo,26-35,20GB,25.7,2.7,7.0,2282,556,11301,17,4,4G_Mobile,0,4G,0,0.11,2,Accepted,90,Upgrade_to_50GB,5GB_Bonus,1
C2820,Colombo,46-60,10GB,11.4,2.1,4.1,923,278,13404,7,5,Basic_Phone,0,4G,0,0.06,2,Rejected,69,Offer_New_Phone,Smartphone_Trade_In_Deal,1
C2821,Kandy,26-35,10GB,12.8,5.7,1.6,77,2,3187,24,7,4G_Mobile,0,4G,0,0.55,8,Ignored,584,Upgrade_to_20GB,Data_Saver_Pack,1
C2822,Jaffna,60+,20GB,21.1,11.4,5.5,654,218,6974,29,8,Basic_Phone,0,4G,0,0.46,2,Ignored,188,Offer_New_Phone,Smartphone_Trade_In_Deal,0
C2823,Matara,60+,50GB,43.6,4.6,6.6,2303,161,13815,5,9,4G_Mobile,0,5G,1,0.66,1,Ignored,302,Upgrade_to_100GB,10GB_Bonus,0
C2824,Ratnapura,46-60,50GB,56.2,19.0,5.5,1088,260,18246,9,0,4G_Mobile,0,5G,1,0.13,1,Ignored,16,Upgrade_to_100GB,10GB_Bonus,1
C2825,Trincomalee,46-60,20GB,12.2,2.4,2.1,2315,381,7993,10,3,Basic_Phone,0,4G,1,0.54,7,Ignored,164,Offer_New_Phone,Smartphone_Trade_In_Deal,1
C2826,Colombo,18-25,100GB,52.7,5.8,16.1,262,375,19416,11,5,Basic_Phone,0,4G,0,0.35,7,Rejected,657,Offer_New_Phone,Smartphone_Trade_In_Deal,0
C2827,Colombo,26-35,10GB,10.5,4.1,3.4,506,8,9405,22,9,4G_Mobile,0,4G,0,0.54,2,Accepted,379,Upgrade_to_20GB,Data_Saver_Pack,0
C2828,Colombo,60+,20GB,22.4,10.2,8.4,316,433,926,25,7,5G_Mobile,1,4G,0,0.56,6,Accepted,88,Upgrade_to_50GB,5GB_Bonus,1
C2829,Batticaloa,36-45,20GB,13.9,5.8,2.9,1564,587,2851,2,2,5G_Mobile,1,5G,0,0.67,0,Ignored,312,No_Action,No_Offer,1
C2830,Kandy,60+,20GB,19.1,7.5,1.7,965,394,5401,23,6,5G_Mobile,1,4G,0,0.49,3,Accepted,651,Upgrade_to_50GB,5GB_Bonus,0
C2831,Ratnapura,46-60,20GB,10.6,3.6,3.0,1661,310,17335,5,1,5G_Mobile,1,5G,0,0.28,1,Rejected,553,Upgrade_to_100GB,Premium_Business_Plan,1
C2832,Kurunegala,36-45,100GB,106.6,22.3,47.9,2219,585,19608,26,0,5G_Mobile,1,5G,1,0.4,6,Ignored,294,Offer_Voice_Pack,Unlimited_Local_Voice,1
C2833,Trincomalee,26-35,20GB,18.8,3.0,5.7,1953,404,1298,29,6,5G_Mobile,1,5G,1,0.43,8,Ignored,728,Upgrade_to_50GB,5GB_Bonus,1
C2834,Colombo,60+,50GB,61.0,32.8,12.4,1866,68,7384,9,5,5G_Mobile,1,5G,1,0.49,3,Accepted,231,Upgrade_to_100GB,10GB_Bonus,0
C2835,Ratnapura,26-35,50GB,27.3,10.1,5.5,884,364,7428,4,7,4G_Mobile,0,4G,1,0.21,3,Ignored,29,No_Action,No_Offer,0
C2836,Trincomalee,18-25,10GB,12.3,7.2,2.6,1674,205,13731,24,3,5G_Mobile,1,5G,1,0.46,5,Ignored,666,Upgrade_to_20GB,Data_Saver_Pack,1
C2837,Batticaloa,46-60,10GB,9.0,5.1,1.4,466,438,13255,3,4,4G_Mobile,0,4G,1,0.05,9,Rejected,463,Upgrade_to_20GB,Data_Saver_Pack,1
C2838,Anuradhapura,36-45,20GB,24.6,4.9,3.4,863,78,18190,19,9,Basic_Phone,0,5G,0,0.02,1,Accepted,14,Offer_New_Phone,Smartphone_Trade_In_Deal,0
C2839,Trincomalee,60+,50GB,40.2,10.8,12.3,1112,274,2842,23,9,4G_Mobile,0,4G,0,0.29,3,Rejected,211,No_Action,No_Offer,0
C2840,Kurunegala,46-60,100GB,90.6,38.2,34.3,1921,70,18841,6,9,4G_Mobile,0,5G,1,0.18,5,Rejected,107,Offer_New_Phone,5G_Phone_Upgrade_Offer,0
C2841,Batticaloa,46-60,20GB,24.0,8.6,1.8,739,544,18782,15,8,Basic_Phone,0,4G,0,0.21,5,Ignored,352,Offer_New_Phone,Smartphone_Trade_In_Deal,0
C2842,Badulla,36-45,100GB,41.2,5.2,7.3,1252,411,4249,1,8,Basic_Phone,0,4G,1,0.1,9,Rejected,680,No_Action,No_Offer,1
C2843,Batticaloa,36-45,10GB,12.6,3.2,1.4,1752,179,2234,17,5,5G_Mobile,1,4G,0,0.44,7,Accepted,640,Upgrade_to_20GB,Data_Saver_Pack,1
C2844,Matara,26-35,20GB,22.4,10.7,8.3,399,355,1055,18,6,Basic_Phone,0,4G,0,0.33,9,Ignored,9,Upgrade_to_50GB,5GB_Bonus,0
C2845,Ratnapura,18-25,20GB,25.6,5.8,6.5,201,56,3393,12,1,4G_Mobile,0,4G,0,0.55,9,Accepted,7,Upgrade_to_50GB,5GB_Bonus,0
C2846,Gampaha,36-45,50GB,30.4,10.7,11.9,1613,62,19262,24,5,4G_Mobile,0,4G,0,0.31,2,Accepted,154,Offer_Home_Router,Fibre_Broadband_Trial,1
C2847,Jaffna,36-45,20GB,10.8,5.1,4.6,2252,336,12700,5,3,5G_Mobile,1,5G,0,0.16,6,Ignored,167,Offer_Voice_Pack,Unlimited_Local_Voice,0
C2848,Kurunegala,60+,50GB,41.1,19.9,13.8,1039,503,16729,22,5,4G_Mobile,0,5G,0,0.27,8,Accepted,322,Upgrade_to_100GB,Premium_Business_Plan,0
C2849,Negombo,36-45,10GB,9.1,1.6,0.8,2208,56,17324,6,1,5G_Mobile,1,5G,0,0.66,3,Ignored,267,Upgrade_to_20GB,Data_Saver_Pack,0
C2850,Colombo,36-45,10GB,8.8,2.5,1.6,2270,154,3454,17,1,5G_Mobile,1,4G,1,0.29,7,Accepted,350,Upgrade_to_20GB,Data_Saver_Pack,0
C2851,Batticaloa,46-60,100GB,97.2,16.0,22.4,566,285,13024,15,8,Basic_Phone,0,5G,1,0.45,7,Ignored,7,Offer_New_Phone,Smartphone_Trade_In_Deal,1
C2852,Kandy,60+,10GB,6.2,2.3,2.4,1053,185,16556,11,4,5G_Mobile,1,5G,0,0.19,4,Accepted,125,Upgrade_to_100GB,Premium_Business_Plan,1
C2853,Ratnapura,18-25,50GB,49.5,21.8,3.0,741,312,1875,26,1,Basic_Phone,0,4G,0,0.29,1,Rejected,612,Upgrade_to_100GB,10GB_Bonus,1
C2854,Batticaloa,46-60,20GB,12.5,2.9,5.0,2431,329,2808,23,8,Basic_Phone,0,4G,1,0.16,6,Rejected,670,Offer_Voice_Pack,Unlimited_Local_Voice,0
C2855,Anuradhapura,18-25,10GB,7.1,0.9,0.6,1658,558,11552,7,6,4G_Mobile,0,4G,0,0.02,3,Rejected,479,No_Action,No_Offer,1
C2856,Gampaha,60+,50GB,54.5,12.0,17.1,793,170,19828,25,7,5G_Mobile,1,5G,1,0.17,9,Rejected,498,Upgrade_to_100GB,10GB_Bonus,1
C2857,Colombo,46-60,50GB,24.7,10.8,3.1,1713,13,17357,25,5,5G_Mobile,1,5G,1,0.12,4,Accepted,239,Upgrade_to_100GB,Premium_Business_Plan,1
C2858,Batticaloa,26-35,10GB,4.7,2.6,1.0,144,509,3037,25,2,4G_Mobile,0,5G,1,0.13,6,Ignored,635,No_Action,No_Offer,0
C2859,Trincomalee,18-25,10GB,10.3,5.0,2.8,1253,34,19433,29,4,4G_Mobile,0,5G,0,0.5,2,Rejected,590,Upgrade_to_20GB,Data_Saver_Pack,1
C2860,Colombo,60+,10GB,4.5,1.0,1.2,279,144,12073,23,9,4G_Mobile,0,4G,1,0.39,6,Ignored,106,No_Action,No_Offer,1
C2861,Anuradhapura,18-25,100GB,44.1,4.7,18.5,2094,27,1147,29,3,5G_Mobile,1,5G,1,0.15,1,Accepted,531,Offer_Voice_Pack,Unlimited_Local_Voice,0
C2862,Trincomalee,26-35,10GB,11.6,3.1,1.1,1473,266,6633,19,6,4G_Mobile,0,4G,1,0.16,3,Rejected,380,Upgrade_to_20GB,Data_Saver_Pack,0
C2863,Trincomalee,36-45,20GB,25.1,11.6,7.3,1248,466,9680,2,0,5G_Mobile,1,4G,1,0.59,1,Accepted,252,Upgrade_to_50GB,5GB_Bonus,0
C2864,Anuradhapura,60+,10GB,7.8,3.1,2.0,455,65,5339,6,5,4G_Mobile,0,4G,1,0.4,5,Accepted,210,No_Action,No_Offer,0
C2865,Matara,36-45,100GB,59.1,17.9,21.3,1430,171,5188,18,4,4G_Mobile,0,5G,0,0.13,6,Accepted,435,No_Action,No_Offer,1
C2866,Negombo,60+,20GB,8.5,4.6,3.4,223,325,18140,23,6,4G_Mobile,0,5G,0,0.18,7,Accepted,40,Upgrade_to_100GB,Premium_Business_Plan,0
C2867,Kurunegala,18-25,100GB,121.0,23.7,37.7,1559,378,14396,16,8,4G_Mobile,0,5G,0,0.12,9,Rejected,394,Offer_New_Phone,5G_Phone_Upgrade_Offer,1
C2868,Jaffna,18-25,20GB,15.2,6.3,3.5,2331,257,17657,5,7,Basic_Phone,0,4G,1,0.27,8,Rejected,515,Offer_New_Phone,Smartphone_Trade_In_Deal,0
C2869,Colombo,46-60,50GB,54.2,21.3,6.2,1325,307,16825,16,4,4G_Mobile,0,4G,1,0.27,5,Ignored,402,Upgrade_to_100GB,10GB_Bonus,1
C2870,Batticaloa,18-25,50GB,60.6,15.8,21.8,192,293,4502,8,1,5G_Mobile,1,5G,0,0.47,4,Rejected,655,Buy_Social_Media_Package,Social_Unlimited_Add_On,1
C2871,Gampaha,46-60,20GB,23.1,9.0,5.6,533,439,1128,1,8,4G_Mobile,0,4G,1,0.18,4,Rejected,476,Upgrade_to_50GB,5GB_Bonus,0
C2872,Gampaha,60+,100GB,89.7,24.4,37.8,782,509,14161,9,2,4G_Mobile,0,5G,1,0.27,3,Accepted,431,Offer_New_Phone,5G_Phone_Upgrade_Offer,1
C2873,Anuradhapura,36-45,20GB,10.5,5.8,2.7,2288,196,15339,2,5,5G_Mobile,1,5G,0,0.44,9,Ignored,199,Offer_Voice_Pack,Unlimited_Local_Voice,0
C2874,Negombo,36-45,20GB,19.2,9.9,5.8,545,255,9515,12,8,5G_Mobile,1,5G,1,0.55,7,Rejected,150,Upgrade_to_50GB,5GB_Bonus,1
C2875,Negombo,18-25,50GB,61.6,10.8,15.1,113,285,5029,18,3,5G_Mobile,1,5G,1,0.33,0,Ignored,195,Upgrade_to_100GB,10GB_Bonus,1
C2876,Gampaha,60+,10GB,12.6,4.9,2.3,2237,362,7759,7,7,Basic_Phone,0,5G,0,0.19,9,Ignored,276,Offer_New_Phone,Smartphone_Trade_In_Deal,1
C2877,Ratnapura,60+,50GB,36.1,10.8,6.5,2344,225,16799,25,3,4G_Mobile,0,5G,0,0.47,8,Ignored,108,Offer_Voice_Pack,Unlimited_Local_Voice,0
C2878,Jaffna,18-25,10GB,4.4,1.9,0.9,1895,591,15124,9,2,4G_Mobile,0,4G,1,0.19,2,Ignored,617,Offer_Voice_Pack,Unlimited_Local_Voice,1
C2879,Kandy,46-60,10GB,12.7,4.5,4.9,1783,251,1494,7,2,4G_Mobile,0,4G,0,0.23,9,Rejected,713,Upgrade_to_20GB,Data_Saver_Pack,1
C2880,Kandy,36-45,50GB,47.9,8.5,9.9,1557,396,17057,29,4,5G_Mobile,1,5G,1,0.52,2,Accepted,399,Upgrade_to_100GB,10GB_Bonus,1
C2881,Batticaloa,60+,10GB,7.5,0.8,2.2,628,89,18612,1,5,4G_Mobile,0,4G,1,0.09,1,Ignored,204,Upgrade_to_100GB,Premium_Business_Plan,0
C2882,Galle,36-45,10GB,12.1,3.6,2.2,1110,247,1112,2,3,Basic_Phone,0,5G,0,0.18,8,Rejected,705,Upgrade_to_20GB,Data_Saver_Pack,0
C2883,Galle,60+,20GB,19.2,10.5,7.7,1439,52,7088,20,5,Basic_Phone,0,5G,0,0.49,8,Rejected,403,Offer_New_Phone,Smartphone_Trade_In_Deal,1
C2884,Badulla,60+,50GB,29.9,4.1,12.1,2182,134,2536,4,5,5G_Mobile,1,5G,1,0.2,4,Rejected,267,Offer_Voice_Pack,Unlimited_Local_Voice,1
C2885,Badulla,60+,10GB,12.0,3.5,1.3,1599,33,13674,27,0,5G_Mobile,1,5G,0,0.28,7,Accepted,567,Upgrade_to_20GB,Data_Saver_Pack,1
C2886,Gampaha,46-60,20GB,14.2,4.3,5.7,2094,196,8430,12,3,4G_Mobile,0,4G,0,0.1,6,Accepted,644,Offer_Voice_Pack,Unlimited_Local_Voice,0
C2887,Batticaloa,36-45,10GB,12.0,1.6,2.1,1173,87,4608,1,8,5G_Mobile,1,4G,0,0.27,1,Ignored,523,Upgrade_to_20GB,Data_Saver_Pack,1
C2888,Colombo,18-25,50GB,25.0,13.4,6.5,509,385,6519,20,9,5G_Mobile,1,4G,1,0.23,4,Accepted,197,Upgrade_to_5G_SIM,Free_SIM_Replacement,1
C2889,Gampaha,46-60,10GB,12.6,5.5,5.0,377,39,3382,2,2,4G_Mobile,0,4G,1,0.21,9,Ignored,233,Upgrade_to_20GB,Data_Saver_Pack,0
C2890,Badulla,26-35,10GB,12.8,5.6,1.6,2099,35,15366,29,7,4G_Mobile,0,4G,0,0.2,5,Ignored,542,Upgrade_to_20GB,Data_Saver_Pack,1
C2891,Trincomalee,60+,50GB,46.7,5.0,6.8,592,299,4103,23,0,4G_Mobile,0,5G,1,0.32,0,Rejected,197,Upgrade_to_100GB,10GB_Bonus,1
C2892,Ratnapura,26-35,20GB,21.5,10.6,5.2,635,544,11173,9,3,4G_Mobile,0,5G,0,0.37,5,Accepted,119,Upgrade_to_50GB,5GB_Bonus,0
C2893,Kurunegala,26-35,20GB,25.7,11.3,11.5,1781,396,1353,17,8,5G_Mobile,1,5G,1,0.39,6,Rejected,66,Upgrade_to_50GB,5GB_Bonus,1
C2894,Trincomalee,60+,20GB,8.9,4.0,1.8,2200,81,7275,13,6,Basic_Phone,0,5G,0,0.17,8,Accepted,579,Offer_New_Phone,Smartphone_Trade_In_Deal,1
C2895,Ratnapura,46-60,50GB,20.7,6.3,8.2,1235,318,4534,22,6,4G_Mobile,0,4G,1,0.46,5,Rejected,220,No_Action,No_Offer,0
C2896,Matara,26-35,10GB,6.7,1.9,1.9,891,371,10312,3,3,4G_Mobile,0,5G,1,0.61,4,Ignored,651,Retention_Offer,Service_Recovery_Pack,1
C2897,Jaffna,46-60,20GB,8.2,2.1,2.9,1212,472,19661,13,8,4G_Mobile,0,5G,0,0.29,2,Accepted,300,Upgrade_to_100GB,Premium_Business_Plan,1
C2898,Colombo,46-60,10GB,12.1,2.4,2.5,1263,508,1804,21,7,5G_Mobile,1,5G,0,0.22,4,Rejected,531,Upgrade_to_20GB,Data_Saver_Pack,0
C2899,Colombo,18-25,10GB,6.8,3.7,2.6,1939,464,19960,7,5,4G_Mobile,0,4G,1,0.15,1,Rejected,713,Offer_Voice_Pack,Unlimited_Local_Voice,0
C2900,Matara,46-60,50GB,49.0,12.0,17.0,1893,182,1542,5,6,Basic_Phone,0,4G,1,0.39,6,Accepted,565,Upgrade_to_100GB,10GB_Bonus,0
C2901,Galle,60+,10GB,5.1,1.8,1.3,493,118,10501,26,3,4G_Mobile,0,4G,0,0.43,2,Rejected,622,No_Action,No_Offer,0
C2902,Galle,26-35,20GB,14.4,3.5,3.5,2447,235,12403,3,4,4G_Mobile,0,4G,0,0.21,8,Rejected,36,Offer_Voice_Pack,Unlimited_Local_Voice,0
C2903,Badulla,18-25,100GB,50.5,29.4,3.7,1360,472,15370,13,5,Basic_Phone,0,5G,1,0.33,0,Rejected,606,Offer_New_Phone,Smartphone_Trade_In_Deal,0
C2904,Negombo,46-60,20GB,13.4,4.4,5.5,1332,271,4765,18,3,5G_Mobile,1,5G,0,0.06,7,Ignored,330,No_Action,No_Offer,1
C2905,Gampaha,60+,10GB,12.7,2.8,3.3,270,304,19852,19,4,Basic_Phone,0,4G,0,0.25,7,Ignored,219,Offer_New_Phone,Smartphone_Trade_In_Deal,0
C2906,Galle,18-25,20GB,20.6,3.6,7.2,1706,241,11783,4,4,4G_Mobile,0,4G,0,0.3,0,Accepted,425,Upgrade_to_50GB,5GB_Bonus,0
C2907,Batticaloa,18-25,20GB,21.5,7.6,6.4,2057,314,13269,8,2,4G_Mobile,0,4G,1,0.22,2,Rejected,499,Upgrade_to_50GB,5GB_Bonus,0
C2908,Kurunegala,46-60,20GB,12.3,3.6,3.9,455,561,12374,26,6,4G_Mobile,0,5G,0,0.19,6,Accepted,237,No_Action,No_Offer,1
C2909,Gampaha,36-45,10GB,10.1,4.6,3.9,149,94,19193,5,5,5G_Mobile,1,5G,0,0.1,8,Accepted,416,Upgrade_to_20GB,Data_Saver_Pack,0
C2910,Trincomalee,36-45,50GB,36.2,9.3,8.0,1927,413,2923,10,6,5G_Mobile,1,4G,1,0.18,7,Ignored,188,Offer_Voice_Pack,Unlimited_Local_Voice,0
C2911,Trincomalee,46-60,100GB,81.7,30.9,21.7,241,546,3422,24,7,5G_Mobile,1,5G,1,0.4,2,Ignored,331,No_Action,No_Offer,0
C2912,Matara,18-25,50GB,54.9,20.7,9.4,1964,195,12438,3,4,Basic_Phone,0,5G,1,0.53,7,Accepted,136,Offer_New_Phone,Smartphone_Trade_In_Deal,1
C2913,Badulla,46-60,100GB,70.3,11.5,12.9,1567,27,17139,25,5,4G_Mobile,0,5G,0,0.46,8,Rejected,504,Offer_New_Phone,5G_Phone_Upgrade_Offer,1
C2914,Galle,36-45,20GB,16.2,6.1,6.5,291,69,875,26,5,5G_Mobile,1,5G,0,0.3,3,Ignored,13,No_Action,No_Offer,0
C2915,Trincomalee,18-25,10GB,12.4,7.3,2.7,2378,61,15835,21,4,Basic_Phone,0,5G,1,0.2,6,Ignored,653,Offer_New_Phone,Smartphone_Trade_In_Deal,1
C2916,Kurunegala,36-45,100GB,120.4,58.1,51.7,2192,53,1098,26,3,4G_Mobile,0,5G,0,0.19,0,Rejected,665,Offer_New_Phone,5G_Phone_Upgrade_Offer,0
C2917,Anuradhapura,46-60,10GB,11.5,5.7,3.0,2405,129,17949,7,6,4G_Mobile,0,4G,0,0.08,5,Accepted,602,Upgrade_to_20GB,Data_Saver_Pack,1
C2918,Kandy,18-25,20GB,8.5,4.1,2.6,1461,552,7216,16,5,4G_Mobile,0,4G,0,0.31,9,Ignored,42,No_Action,No_Offer,0
C2919,Kurunegala,36-45,20GB,14.1,2.8,6.0,701,331,17965,3,4,Basic_Phone,0,4G,1,0.39,0,Accepted,183,Offer_New_Phone,Smartphone_Trade_In_Deal,0
C2920,Matara,60+,20GB,23.0,12.6,4.7,731,104,11507,12,3,4G_Mobile,0,5G,0,0.27,0,Rejected,696,Upgrade_to_50GB,5GB_Bonus,0
C2921,Negombo,60+,20GB,23.7,7.1,2.4,404,386,2146,29,2,5G_Mobile,1,5G,1,0.19,2,Rejected,328,Upgrade_to_50GB,5GB_Bonus,1
C2922,Trincomalee,46-60,10GB,5.5,2.2,0.5,757,591,10455,18,0,5G_Mobile,1,5G,0,0.11,6,Ignored,23,No_Action,No_Offer,1
C2923,Kurunegala,60+,10GB,11.6,4.5,1.7,772,250,15288,4,7,5G_Mobile,1,4G,0,0.6,1,Rejected,524,Upgrade_to_20GB,Data_Saver_Pack,0
C2924,Matara,46-60,50GB,36.6,14.8,13.6,1809,150,7130,14,7,Basic_Phone,0,4G,1,0.34,3,Rejected,217,Offer_New_Phone,Smartphone_Trade_In_Deal,1
C2925,Kandy,46-60,10GB,5.5,1.3,0.8,1661,344,9915,6,3,5G_Mobile,1,4G,1,0.61,2,Ignored,470,Upgrade_to_5G_SIM,Free_SIM_Replacement,1
C2926,Kurunegala,60+,50GB,49.7,10.6,13.1,119,494,12920,17,9,4G_Mobile,0,5G,1,0.04,2,Rejected,66,Upgrade_to_100GB,10GB_Bonus,0
C2927,Batticaloa,26-35,10GB,5.0,0.6,0.5,1381,583,14607,29,5,4G_Mobile,0,4G,0,0.55,6,Rejected,266,Retention_Offer,Service_Recovery_Pack,1
C2928,Badulla,46-60,50GB,34.8,10.4,6.4,757,36,11905,9,8,5G_Mobile,1,5G,0,0.44,5,Accepted,76,No_Action,No_Offer,0
C2929,Gampaha,46-60,10GB,4.9,2.9,0.7,2289,195,17042,29,7,5G_Mobile,1,5G,0,0.3,4,Ignored,600,Offer_Voice_Pack,Unlimited_Local_Voice,0
C2930,Negombo,36-45,20GB,20.7,9.0,2.4,486,339,3270,8,7,Basic_Phone,0,4G,1,0.07,8,Accepted,48,Upgrade_to_50GB,5GB_Bonus,0
C2931,Matara,46-60,100GB,44.4,12.2,6.3,1931,474,7737,25,6,5G_Mobile,1,4G,0,0.12,6,Rejected,392,Offer_Voice_Pack,Unlimited_Local_Voice,1
C2932,Kandy,26-35,100GB,111.8,26.5,30.2,871,562,5961,14,2,4G_Mobile,0,4G,1,0.36,6,Accepted,598,No_Action,No_Offer,0
C2933,Gampaha,36-45,20GB,21.6,3.0,8.4,1449,294,15434,17,6,5G_Mobile,1,4G,1,0.2,0,Accepted,181,Upgrade_to_50GB,5GB_Bonus,0
C2934,Colombo,18-25,50GB,48.1,17.6,10.2,2188,544,2565,25,2,5G_Mobile,1,5G,1,0.43,9,Ignored,680,Upgrade_to_100GB,10GB_Bonus,1
C2935,Anuradhapura,60+,20GB,11.7,1.5,1.6,356,393,4206,8,3,4G_Mobile,0,4G,1,0.2,3,Rejected,631,No_Action,No_Offer,1
C2936,Kurunegala,60+,20GB,17.2,9.6,4.9,1158,261,13885,3,8,Basic_Phone,0,4G,0,0.55,9,Accepted,619,Offer_New_Phone,Smartphone_Trade_In_Deal,0
C2937,Galle,46-60,10GB,9.1,1.2,1.9,192,448,957,20,3,4G_Mobile,0,5G,0,0.23,6,Rejected,283,Upgrade_to_20GB,Data_Saver_Pack,0
C2938,Galle,60+,10GB,5.1,1.4,1.5,118,65,2472,13,9,4G_Mobile,0,4G,1,0.36,5,Accepted,187,No_Action,No_Offer,1
C2939,Gampaha,60+,10GB,10.9,2.0,3.9,2373,26,2280,21,0,4G_Mobile,0,4G,1,0.31,1,Ignored,144,Upgrade_to_20GB,Data_Saver_Pack,1
C2940,Matara,60+,50GB,61.5,7.7,3.6,2042,120,8304,11,1,5G_Mobile,1,4G,1,0.36,0,Ignored,189,Upgrade_to_100GB,10GB_Bonus,0
C2941,Batticaloa,36-45,20GB,8.0,3.4,2.5,1801,594,19686,4,7,5G_Mobile,1,5G,1,0.24,7,Rejected,420,Offer_Voice_Pack,Unlimited_Local_Voice,1
C2942,Batticaloa,46-60,10GB,4.9,2.8,1.0,2203,160,10503,29,6,4G_Mobile,0,4G,0,0.06,9,Ignored,564,Offer_Voice_Pack,Unlimited_Local_Voice,0
C2943,Kandy,36-45,100GB,95.4,39.7,33.1,295,270,2897,3,3,5G_Mobile,1,4G,0,0.29,2,Rejected,574,Offer_Home_Router,Router_Bundle_Deal,0
C2944,Gampaha,60+,10GB,6.8,2.8,1.9,704,215,13579,10,3,5G_Mobile,1,5G,1,0.06,2,Rejected,655,No_Action,No_Offer,0
C2945,Trincomalee,46-60,20GB,23.9,12.2,5.4,1826,396,7073,23,8,5G_Mobile,1,4G,0,0.18,6,Rejected,52,Upgrade_to_50GB,5GB_Bonus,0
C2946,Negombo,18-25,10GB,10.1,3.2,0.7,500,119,12087,4,7,5G_Mobile,1,5G,1,0.29,8,Accepted,570,Upgrade_to_20GB,Data_Saver_Pack,1
C2947,Kandy,26-35,20GB,23.2,6.2,5.9,507,119,4409,21,2,5G_Mobile,1,5G,0,0.15,2,Ignored,317,Upgrade_to_50GB,5GB_Bonus,0
C2948,Batticaloa,36-45,10GB,12.5,4.5,5.5,2194,48,11647,21,2,Basic_Phone,0,4G,1,0.11,1,Rejected,125,Offer_New_Phone,Smartphone_Trade_In_Deal,1
C2949,Gampaha,26-35,50GB,27.1,5.6,7.1,2450,330,19686,6,6,4G_Mobile,0,4G,0,0.34,1,Rejected,629,Offer_Voice_Pack,Unlimited_Local_Voice,0
C2950,Kurunegala,26-35,20GB,10.2,1.8,3.8,1283,52,17953,14,5,4G_Mobile,0,4G,1,0.32,4,Ignored,404,Upgrade_to_100GB,Premium_Business_Plan,1
C2951,Ratnapura,26-35,20GB,12.3,3.2,3.5,1899,597,4088,4,1,5G_Mobile,1,5G,0,0.16,7,Accepted,258,Offer_Voice_Pack,Unlimited_Local_Voice,0
C2952,Anuradhapura,26-35,20GB,18.5,9.4,5.8,1410,9,13868,18,3,5G_Mobile,1,4G,1,0.23,2,Accepted,164,Upgrade_to_50GB,5GB_Bonus,0
C2953,Ratnapura,46-60,20GB,19.8,7.6,8.3,721,501,4906,3,3,5G_Mobile,1,4G,1,0.52,4,Ignored,147,Upgrade_to_50GB,5GB_Bonus,0
C2954,Anuradhapura,26-35,50GB,58.5,26.9,23.9,218,172,18840,19,4,4G_Mobile,0,4G,1,0.15,0,Rejected,103,Buy_Social_Media_Package,Social_Unlimited_Add_On,1
C2955,Kandy,26-35,100GB,86.8,11.6,23.3,1288,494,10443,3,5,5G_Mobile,1,4G,1,0.2,1,Accepted,34,Upgrade_to_5G_SIM,Free_SIM_Replacement,0
C2956,Negombo,60+,20GB,18.4,4.3,1.8,1682,254,18184,9,2,4G_Mobile,0,4G,1,0.19,8,Accepted,726,Upgrade_to_50GB,5GB_Bonus,1
C2957,Anuradhapura,36-45,10GB,7.5,2.3,0.7,734,425,19520,19,4,5G_Mobile,1,5G,0,0.36,8,Rejected,116,Upgrade_to_100GB,Premium_Business_Plan,0
C2958,Anuradhapura,60+,10GB,5.9,2.4,1.2,1917,123,16656,25,1,5G_Mobile,1,5G,0,0.44,9,Rejected,393,Offer_Voice_Pack,Unlimited_Local_Voice,1
C2959,Matara,36-45,20GB,18.9,6.5,7.7,1714,359,16673,9,3,Basic_Phone,0,5G,1,0.56,9,Ignored,476,Offer_New_Phone,Smartphone_Trade_In_Deal,0
C2960,Jaffna,46-60,50GB,23.7,14.0,5.7,1586,349,19642,7,6,4G_Mobile,0,4G,0,0.43,6,Ignored,199,Upgrade_to_100GB,Premium_Business_Plan,1
C2961,Colombo,46-60,50GB,42.2,6.2,8.2,945,586,5732,10,6,5G_Mobile,1,5G,0,0.46,5,Ignored,638,Offer_Home_Router,Fibre_Broadband_Trial,0
C2962,Kandy,46-60,20GB,14.6,4.2,4.0,1797,115,4891,8,9,4G_Mobile,0,4G,0,0.22,8,Rejected,606,No_Action,No_Offer,1
C2963,Anuradhapura,18-25,10GB,4.6,2.7,1.6,1393,539,1206,12,6,4G_Mobile,0,4G,1,0.21,1,Ignored,285,No_Action,No_Offer,0
C2964,Matara,36-45,50GB,20.3,5.5,1.1,1107,346,11831,18,7,Basic_Phone,0,4G,0,0.54,0,Accepted,275,Offer_New_Phone,Smartphone_Trade_In_Deal,0
C2965,Colombo,46-60,10GB,8.1,2.8,1.4,2490,353,14715,10,9,5G_Mobile,1,5G,0,0.16,3,Ignored,279,Offer_Voice_Pack,Unlimited_Local_Voice,0
C2966,Kurunegala,18-25,10GB,9.4,1.7,0.8,1130,67,11684,29,1,Basic_Phone,0,4G,1,0.35,5,Accepted,694,Offer_New_Phone,Smartphone_Trade_In_Deal,1
C2967,Kandy,36-45,10GB,4.9,2.1,1.7,2462,299,16008,5,1,Basic_Phone,0,5G,1,0.56,2,Rejected,655,Offer_New_Phone,Smartphone_Trade_In_Deal,0
C2968,Galle,26-35,20GB,19.8,3.8,8.2,452,414,9181,8,7,Basic_Phone,0,4G,0,0.41,6,Rejected,501,Offer_New_Phone,Smartphone_Trade_In_Deal,1
C2969,Gampaha,60+,20GB,19.7,4.0,7.9,2191,563,19548,16,9,4G_Mobile,0,4G,1,0.21,9,Accepted,458,Upgrade_to_50GB,5GB_Bonus,1
C2970,Kandy,36-45,50GB,48.3,17.1,20.5,1469,421,16873,10,6,Basic_Phone,0,4G,1,0.3,6,Accepted,248,Buy_Social_Media_Package,Social_Unlimited_Add_On,1
C2971,Negombo,60+,20GB,13.5,3.5,1.5,2408,174,11527,18,7,4G_Mobile,0,4G,0,0.52,9,Ignored,108,Offer_Voice_Pack,Unlimited_Local_Voice,1
C2972,Trincomalee,18-25,20GB,14.3,5.8,3.4,2226,132,12841,26,8,4G_Mobile,0,4G,1,0.27,7,Rejected,242,Offer_Voice_Pack,Unlimited_Local_Voice,1
C2973,Jaffna,18-25,10GB,5.6,2.6,2.4,1633,462,13093,13,2,5G_Mobile,1,5G,0,0.29,1,Ignored,471,No_Action,No_Offer,1
C2974,Batticaloa,26-35,100GB,44.2,7.9,2.8,2359,470,4854,28,3,5G_Mobile,1,5G,0,0.26,6,Ignored,378,Offer_Voice_Pack,Unlimited_Local_Voice,1
C2975,Jaffna,36-45,10GB,5.4,0.7,0.5,1409,329,2065,17,4,4G_Mobile,0,4G,1,0.1,8,Rejected,424,No_Action,No_Offer,1
C2976,Trincomalee,36-45,100GB,125.6,45.2,41.0,735,180,7336,20,1,5G_Mobile,1,4G,0,0.42,0,Rejected,35,Offer_Home_Router,Router_Bundle_Deal,1
C2977,Jaffna,60+,20GB,10.0,1.6,2.0,580,100,12126,9,9,Basic_Phone,0,4G,0,0.18,5,Ignored,464,Offer_New_Phone,Smartphone_Trade_In_Deal,0
C2978,Matara,46-60,50GB,48.5,27.0,19.0,1400,496,13554,2,9,5G_Mobile,1,4G,1,0.3,2,Ignored,290,Upgrade_to_100GB,10GB_Bonus,1
C2979,Kandy,46-60,100GB,45.0,20.9,4.3,1136,348,1699,15,2,5G_Mobile,1,5G,1,0.33,6,Rejected,9,No_Action,No_Offer,1
C2980,Trincomalee,46-60,100GB,103.9,35.5,9.2,1324,581,14739,10,0,5G_Mobile,1,5G,1,0.22,7,Ignored,37,Upgrade_to_100GB,Premium_Business_Plan,1
C2981,Anuradhapura,18-25,20GB,9.6,2.7,0.6,2133,406,12439,29,6,5G_Mobile,1,5G,1,0.26,4,Ignored,699,Offer_Voice_Pack,Unlimited_Local_Voice,1
C2982,Batticaloa,36-45,100GB,40.9,4.9,5.8,2171,581,16960,20,6,Basic_Phone,0,5G,1,0.4,4,Rejected,205,Offer_New_Phone,Smartphone_Trade_In_Deal,1
C2983,Colombo,46-60,20GB,16.1,7.3,4.1,1669,106,8610,21,6,4G_Mobile,0,5G,0,0.09,2,Rejected,203,Offer_Home_Router,Fibre_Broadband_Trial,1
C2984,Kandy,18-25,10GB,7.3,1.0,0.9,128,262,4655,5,6,4G_Mobile,0,4G,0,0.31,2,Ignored,136,No_Action,No_Offer,0
C2985,Anuradhapura,46-60,10GB,10.8,1.7,0.7,1254,224,7697,20,8,4G_Mobile,0,4G,0,0.65,8,Rejected,695,Upgrade_to_20GB,Data_Saver_Pack,1
C2986,Galle,26-35,50GB,56.7,31.1,19.5,1238,385,12498,17,5,Basic_Phone,0,4G,0,0.79,7,Rejected,284,Offer_New_Phone,Smartphone_Trade_In_Deal,0
C2987,Badulla,36-45,20GB,25.0,5.6,9.1,1112,554,9544,14,6,5G_Mobile,1,5G,1,0.48,4,Ignored,245,Upgrade_to_50GB,5GB_Bonus,0
C2988,Kandy,18-25,100GB,95.7,52.8,31.5,805,165,13637,2,8,4G_Mobile,0,4G,1,0.33,2,Accepted,729,No_Action,No_Offer,1
C2989,Batticaloa,36-45,20GB,21.4,12.2,6.6,1222,583,15036,8,8,4G_Mobile,0,5G,1,0.09,4,Accepted,571,Upgrade_to_50GB,5GB_Bonus,1
C2990,Badulla,26-35,50GB,46.2,20.8,19.7,928,406,19369,3,5,5G_Mobile,1,5G,1,0.3,4,Accepted,492,Upgrade_to_100GB,10GB_Bonus,1
C2991,Anuradhapura,18-25,100GB,87.7,28.0,24.2,1736,158,11706,27,4,4G_Mobile,0,5G,1,0.16,1,Rejected,75,Offer_New_Phone,5G_Phone_Upgrade_Offer,1
C2992,Badulla,60+,100GB,78.9,24.7,25.8,2231,407,7272,23,2,4G_Mobile,0,5G,1,0.3,3,Rejected,511,Offer_New_Phone,5G_Phone_Upgrade_Offer,1
C2993,Batticaloa,46-60,10GB,7.9,4.2,3.3,1003,410,3949,26,6,4G_Mobile,0,5G,0,0.41,6,Accepted,242,No_Action,No_Offer,1
C2994,Trincomalee,18-25,100GB,96.1,10.4,22.8,1837,570,19608,5,9,Basic_Phone,0,4G,0,0.25,3,Ignored,668,Offer_New_Phone,Smartphone_Trade_In_Deal,1
C2995,Batticaloa,60+,20GB,17.3,6.2,5.2,838,114,3662,20,2,4G_Mobile,0,5G,0,0.32,7,Ignored,277,Upgrade_to_50GB,5GB_Bonus,0
C2996,Gampaha,36-45,20GB,20.5,11.7,1.7,1939,56,6482,2,4,4G_Mobile,0,4G,0,0.2,0,Ignored,344,Upgrade_to_50GB,5GB_Bonus,0
C2997,Colombo,36-45,50GB,53.1,22.1,20.1,292,576,14406,23,2,4G_Mobile,0,4G,1,0.34,0,Accepted,73,Buy_Social_Media_Package,Social_Unlimited_Add_On,0
C2998,Badulla,60+,50GB,38.6,13.5,9.9,763,42,4347,17,5,Basic_Phone,0,4G,0,0.26,3,Accepted,700,No_Action,No_Offer,0
C2999,Negombo,60+,100GB,90.5,27.0,19.3,1650,88,11978,18,1,4G_Mobile,0,4G,1,0.32,7,Rejected,356,No_Action,No_Offer,0
